order_id	purchase_date	category	state	city	product_price	freight	total_item_value	delivery_status	delivery_turnaround_days	rating	customer_segment
00010242fe8c5a6d1ba2dd792cb16214	2017-09-13	Cool Stuff	RJ	Campos Dos Goytacazes	58.9	13.29	72.19	On-Time	7.6	5	Lost / Hibernating
00018f77f2f0320c557190d7a144bdd3	2017-04-26	Pet Shop	SP	Santa Fe Do Sul	239.9	19.93	259.83	On-Time	16.2	4	Customers Needing Attention
000229ec398224ef6ca0657da4fc703e	2018-01-14	Furniture Decor	MG	Para De Minas	199.0	17.87	216.87	On-Time	7.9	5	About To Sleep
00024acbcdf0a6daa1e931b038114c75	2018-08-08	Perfumery	SP	Atibaia	12.99	12.79	25.78	On-Time	6.1	4	New Customers
00042b26cf59d7ce69dfabb4e55b4fd9	2017-02-04	Garden Tools	SP	Varzea Paulista	199.9	18.14	218.04	On-Time	25.1	5	Lost / Hibernating
00048cc3ae777c65dbb7d2a0634bc1ea	2017-05-15	Housewares	MG	Uberaba	21.9	12.69	34.59	On-Time	6.7	4	Lost / Hibernating
00054e8431b9d7675808bcb819fb4a32	2017-12-10	Telephony	SP	Guararapes	19.9	11.85	31.75	On-Time	8.4	4	About To Sleep
000576fe39319847cbb9d288c5617fa6	2018-07-04	Garden Tools	SP	Praia Grande	810.0	70.75	880.75	On-Time	5.1	5	Potential Loyalists
0005a1a1728c9d785b8e2b08b904576c	2018-03-19	Health Beauty	SP	Santos	145.95	11.65	157.6	Delayed	10.0	1	Potential Loyalists
0005f50442cb953dcd1d21e1fb923495	2018-07-02	Books Technical	SP	Jandira	53.99	11.4	65.39	On-Time	2.1	4	New Customers
00061f2a7bc09da83e415a52dc8a4af1	2018-03-24	Health Beauty	SP	Piracicaba	59.99	8.88	68.87	On-Time	4.1	5	Promising Recent
00063b381e2406b52ad429470734ebd5	2018-07-27	Fashion Bags Accessories	SP	Monte Alto	45.0	12.98	57.98	Delayed	10.9	5	New Customers
0006ec9db01a64e59a68b2c340bf65a7	2018-07-24	Bed Bath Table	RJ	Rio De Janeiro	74.0	23.32	97.32	On-Time	6.3	5	New Customers
0008288aa423d2a3f00fcb17cd7d8719	2018-02-13	Garden Tools	SP	Jandira	49.9	13.37	63.27	On-Time	12.7	5	Potential Loyalists
0008288aa423d2a3f00fcb17cd7d8719	2018-02-13	Garden Tools	SP	Jandira	49.9	13.37	63.27	On-Time	12.7	5	Potential Loyalists
0009792311464db532ff765bf7b182ae	2018-08-14	Sports Leisure	MG	Alfenas	99.9	27.65	127.55	On-Time	7.6	5	Potential Loyalists
0009c9a17f916a706d71784483a5d643	2018-04-25	Consoles Games	SP	Campinas	639.0	11.34	650.34	On-Time	5.4	4	Potential Loyalists
000aed2e25dbad2f9ddb70584c5a2ded	2018-05-11	Perfumery	SP	Santa Barbara D'Oeste	144.0	8.77	152.77	On-Time	6.8	1	Potential Loyalists
000c3e6612759851cc3cbb4b83257986	2017-08-12	Sports Leisure	SP	Jundiai	99.0	13.71	112.71	On-Time	7.2	5	Lost / Hibernating
000e562887b1f2006d75e0be9558292e	2018-02-22	Cool Stuff	SP	Cubatao	25.0	16.11	41.11	On-Time	18.3	3	Promising Recent
000e63d38ae8c00bbcb5a30573b99628	2018-03-23	Bed Bath Table	SP	Sao Paulo	47.9	8.88	56.78	On-Time	3.8	3	Promising Recent
000e906b789b55f64edcb1f84030f90d	2017-11-21	Telephony	SP	Santa Cruz Do Rio Pardo	21.99	11.85	33.84	Delayed	17.9	3	About To Sleep
000f25f4d72195062c040b12dce9a18a	2018-03-07	Office Furniture	RJ	Volta Redonda	119.99	44.4	164.39	On-Time	15.3	4	Potential Loyalists
001021efaa8636c29475e7734483457d	2018-02-27	Fashion Bags Accessories	PR	Ivaipora	49.0	15.1	64.1	On-Time	9.4	4	Promising Recent
0010b2e5201cc5f1ae7e9c6cc8f5bd00	2017-09-11	Cool Stuff	RJ	Rio De Janeiro	48.9	16.6	65.5	On-Time	11.8	5	Lost / Hibernating
00119ff934e539cf26f92b9ef0cdfed8	2017-08-06	Sports Leisure	RJ	Nova Iguacu	219.9	16.98	236.88	On-Time	10.7	5	Lost / Hibernating
0011d82c4b53e22e84023405fb467e57	2018-01-16	Luggage Accessories	SP	Sao Paulo	289.0	26.33	315.33	On-Time	10.0	4	About To Sleep
00125cb692d04887809806618a2a145f	2017-03-23	Furniture Decor	GO	Anapolis	109.9	25.51	135.41	On-Time	15.1	5	Lost / Hibernating
00130c0eee84a3d909e75bc08c5c3ca1	2018-06-11	Food	SP	Sao Bernardo Do Campo	27.9	7.94	35.84	On-Time	1.8	5	New Customers
0013503b13da1eac686219390b7d641b	2017-12-05	Furniture Decor	SP	Osasco	119.9	17.32	137.22	On-Time	15.0	5	About To Sleep
00137e170939bba5a3134e2386413108	2017-11-24	Agro Industry And Commerce	RJ	Rio De Janeiro	397.0	24.65	421.65	On-Time	17.1	4	About To Sleep
001427c0ec99cf8af737bd88e92fd444	2018-04-07	Furniture Decor	MG	Ituiutaba	59.9	23.35	83.25	On-Time	18.2	2	Promising Recent
00143d0f86d6fbd9f9b38ab440ac16f5	2017-10-16	Sports Leisure	GO	Goiania	21.33	15.1	36.43	On-Time	11.1	4	About To Sleep
00143d0f86d6fbd9f9b38ab440ac16f5	2017-10-16	Sports Leisure	GO	Goiania	21.33	15.1	36.43	On-Time	11.1	4	About To Sleep
00143d0f86d6fbd9f9b38ab440ac16f5	2017-10-16	Sports Leisure	GO	Goiania	21.33	15.1	36.43	On-Time	11.1	4	About To Sleep
0014ae671de39511f7575066200733b7	2017-05-22	Telephony	PR	Pinhais	16.5	14.1	30.6	On-Time	16.0	5	Lost / Hibernating
0015ebb40fb17286bea51d4607c4733c	2018-01-14	Electronics	PR	Pato Bragado	21.9	15.1	37.0	On-Time	18.5	5	About To Sleep
00169e31ef4b29deaae414f9a5e95929	2018-01-16	Bed Bath Table	RJ	Rio De Janeiro	39.0	16.11	55.11	On-Time	7.5	1	About To Sleep
0016dfedd97fc2950e388d2971d718c7	2017-04-28	Garden Tools	BA	Canavieiras	49.75	20.8	70.55	On-Time	23.9	5	Lost / Hibernating
0017afd5076e074a48f1f1a4c7bac9c5	2017-04-06	Computers Accessories	AL	Campo Alegre	809.1	44.29	853.39	Delayed	46.4	1	Customers Needing Attention
001862358bf858722e1e2ae000cfed8b	2018-02-06	Cool Stuff	SP	Cunha	99.99	13.72	113.71	On-Time	9.2	5	Potential Loyalists
0019c29108428acffd089c36103c9440	2018-03-06	Furniture Decor	MG	Monte Siao	59.9	19.95	79.85	On-Time	10.7	5	Promising Recent
001ab0a7578dd66cd4b0a71f5b6e1e41	2017-12-27	Electronics	BA	Salvador	24.89	17.63	42.52	On-Time	21.8	4	About To Sleep
001ab0a7578dd66cd4b0a71f5b6e1e41	2017-12-27	Electronics	BA	Salvador	24.89	17.63	42.52	On-Time	21.8	4	About To Sleep
001ab0a7578dd66cd4b0a71f5b6e1e41	2017-12-27	Electronics	BA	Salvador	24.89	17.63	42.52	On-Time	21.8	4	About To Sleep
001ac194d4a326a6fa99b581e9a3d963	2018-07-04	Construction Tools Construction	SP	Cubatao	54.0	8.54	62.54	On-Time	8.3	5	New Customers
001b76dd48a5b1eee3e87778daa40df8	2018-03-26	Computers Accessories	SP	Santa Salete	81.99	13.01	95.0	On-Time	11.0	5	Promising Recent
001c85b5f68d2be0cb0797afc9e8ce9a	2017-11-24	Bed Bath Table	SP	Sao Paulo	99.0	13.71	112.71	Delayed	28.0	2	About To Sleep
001d8f0e34a38c37f7dba2a37d4eba8b	2017-05-14	Health Beauty	SP	Sao Paulo	18.99	7.78	26.77	Delayed	11.8	1	Lost / Hibernating
001d8f0e34a38c37f7dba2a37d4eba8b	2017-05-14	Health Beauty	SP	Sao Paulo	18.99	7.78	26.77	Delayed	11.8	1	Lost / Hibernating
001daeb0eddc45b999bad0801ad9d273	2017-05-17	Pet Shop	BA	Itapicuru	38.33	16.79	55.12	On-Time	21.7	5	Lost / Hibernating
001dbc16dc51075e987543d23a0507c7	2017-01-28	Bed Bath Table	MG	Santos Dumont	69.9	18.0	87.9	On-Time	16.0	5	Lost / Hibernating
001e7ba991be1b19605ca0316e7130f9	2017-03-18	Computers Accessories	MS	Campo Grande	195.0	18.21	213.21	On-Time	10.1	5	Lost / Hibernating
001e7cf2ad6bef3ade12ebc56ceaf0f3	2018-05-19	Health Beauty	MG	Coromandel	35.9	15.2	51.1	On-Time	16.3	1	New Customers
0020262c8a370bd5a174ea6a2a267321	2017-11-28	Furniture Decor	PR	Guaratuba	79.5	21.05	100.55	On-Time	4.1	4	About To Sleep
0020a222f55eb79a372d0efee3cca688	2017-08-15	Furniture Decor	RJ	Volta Redonda	29.99	15.1	45.09	On-Time	9.7	5	Customers Needing Attention
002175704e8b209f61b9ad5cfd92b60e	2018-04-22	Audio	SP	Araraquara	109.9	13.21	123.11	On-Time	10.4	4	Potential Loyalists
00229e4e43f7a7e0b9dd819ad43268d3	2018-03-31	Sports Leisure	SP	Sao Bernardo Do Campo	74.9	16.49	91.39	On-Time	5.1	5	Promising Recent
0025081dcf9330f9a5052ae82c6ce396	2018-03-27	Books Technical	MG	Governador Valadares	14.95	18.23	33.18	On-Time	9.3	5	Promising Recent
00254baeb6c932b0a8aeead91fbd02b5	2018-05-08	Baby	CE	Fortaleza	149.9	43.11	193.01	On-Time	21.9	5	Potential Loyalists
00259a44fcad3fc0474329e925d14fc3	2017-12-27	Computers Accessories	MG	Belo Horizonte	19.99	14.1	34.09	On-Time	7.8	4	About To Sleep
0025c5d1a8ca53a240ec2634bb4492ea	2018-07-08	Sports Leisure	CE	Amanari	390.0	29.39	419.39	On-Time	23.1	5	Potential Loyalists
002611a77fe03d076285fd4ca95db77c	2018-02-27	Computers Accessories	DF	Brasilia	135.0	21.75	156.75	On-Time	23.1	4	Potential Loyalists
002691433f09002ac9ca0c4e8dbb8ead	2017-02-02	Telephony	RS	Porto Alegre	104.0	16.43	120.43	On-Time	4.7	5	Lost / Hibernating
0026a368634b6e6f34f33b1499773a30	2017-10-27	Cool Stuff	SP	Sao Paulo	149.0	15.8	164.8	On-Time	11.0	4	About To Sleep
00275bce676303c3bfd7292aefdfa223	2017-11-24	Telephony	SP	Sao Paulo	279.9	13.46	293.36	On-Time	9.9	5	About To Sleep
00276d5c3491fbf55305e26891040df9	2018-02-13	Furniture Decor	PR	Cambe	44.9	23.22	68.12	On-Time	31.3	4	Promising Recent
002834535f7a609a5c68266f173fa59e	2018-07-23	Telephony	PE	Recife	37.99	19.18	57.17	On-Time	18.3	5	New Customers
0028de0ca693a1bb26448916a81105cc	2018-08-15	Construction Tools Lights	RS	Canoas	29.99	15.31	45.3	On-Time	13.2	4	New Customers
002955b0acc63d04f6724a31967e82bd	2017-12-18	Perfumery	MG	Manhuacu	120.0	15.59	135.59	On-Time	8.2	5	About To Sleep
0029c5db35ef291ce99d1262012e7daa	2018-08-25	Health Beauty	SP	Guarulhos	492.75	21.62	514.37	On-Time	5.8	4	Potential Loyalists
0029f17cf0e7640c5cb6825af681303f	2018-05-02	Toys	PR	Umuarama	94.9	18.54	113.44	On-Time	8.5	5	Potential Loyalists
002af7fa9eb99d1456bceb6a13d6fc0b	2018-02-18	Furniture Decor	SC	Sao Bento Do Sul	88.34	21.11	109.45	On-Time	22.0	4	Potential Loyalists
002b430ff89b3a24c31a1170acbbedea	2017-06-20	Cool Stuff	MG	Ituiutaba	199.99	65.56	265.55	On-Time	8.7	5	Lost / Hibernating
002b4e6fa42cd4a22cc86abc18fe9c05	2018-03-11	Stationery	SP	Sao Paulo	99.9	19.67	119.57	On-Time	8.5	5	Potential Loyalists
002c9def9c9b951b1bec6d50753c9891	2018-05-14	Housewares	SP	Sao Paulo	78.0	8.9	86.9	On-Time	3.9	4	Potential Loyalists
002c9def9c9b951b1bec6d50753c9891	2018-05-14	Housewares	SP	Sao Paulo	78.0	8.9	86.9	On-Time	3.9	4	Potential Loyalists
002d040018d12a3853c059f7f23ab5b1	2017-11-19	Perfumery	PR	Pinhais	155.0	14.84	169.84	On-Time	8.0	3	About To Sleep
002f16b7bc4530031b7d90f791b12d8a	2018-07-02	Furniture Decor	SP	Sao Paulo	249.9	34.23	284.13	On-Time	4.1	5	Potential Loyalists
002f19a65a2ddd70a090297872e6d64e	2018-03-21	Bed Bath Table	BA	Camacari	53.98	23.31	77.29	On-Time		3	Promising Recent
002f98c0f7efd42638ed6100ca699b42	2017-08-04	Consoles Games	RS	Porto Alegre	8.99	32.57	41.56	On-Time	3.4	5	Lost / Hibernating
002f98c0f7efd42638ed6100ca699b42	2017-08-04	Toys	RS	Porto Alegre	44.9	7.16	52.06	On-Time	3.4	5	Lost / Hibernating
0030d783f979fbc5981e75613b057344	2017-11-24	Housewares	RJ	Rio De Janeiro	60.6	17.67	78.27	Delayed	42.2	1	About To Sleep
0030ff924c38549807645976adeef2c0	2018-03-25	Baby	MG	Belo Horizonte	225.0	67.24	292.24	On-Time	21.9	5	Potential Loyalists
00310b0c75bb13015ec4d82d341865a4	2018-08-15	Housewares	MG	Belo Horizonte	39.9	15.38	55.28	On-Time		1	New Customers
00324b3eda39ba5ecce3945823e3594c	2018-04-10	Industry Commerce And Business	PR	Toledo	76.0	34.07	110.07	Delayed	23.8	5	Potential Loyalists
0032d07457ae9c806c79368d7d9ce96b	2018-03-10	Housewares	RJ	Rio De Janeiro	159.0	27.19	186.19	Delayed	50.1	1	Potential Loyalists
003324c70b19a16798817b2b3640e721	2017-05-18	Luggage Accessories	MG	Diamantina	102.9	14.45	117.35	On-Time	11.5	1	Lost / Hibernating
003324c70b19a16798817b2b3640e721	2017-05-18	Luggage Accessories	MG	Diamantina	102.9	14.45	117.35	On-Time	11.5	1	Lost / Hibernating
00335b686d693c7d72deeb12f8e89227	2017-07-17	Toys	ES	Vila Velha	63.9	16.89	80.79	Delayed	57.0	4	Lost / Hibernating
00335f75ea6a4455b524a8dd177067f5	2018-04-25	Pet Shop	RJ	Rio De Janeiro	168.8	8.21	177.01	On-Time	8.0	5	Potential Loyalists
00337fe25a3780b3424d9ad7c5a4b35e	2017-09-25	Bed Bath Table	SP	Sao Paulo	59.9	9.94	69.84	On-Time	2.0	5	About To Sleep
00337fe25a3780b3424d9ad7c5a4b35e	2017-09-25	Bed Bath Table	SP	Sao Paulo	59.9	9.94	69.84	On-Time	2.0	5	About To Sleep
003423b755b562962a6225a8de40d12e	2018-07-08	Garden Tools	BA	Medeiros Neto	232.75	28.58	261.33	On-Time	16.4	3	Potential Loyalists
00345f338696283410b7977d2e3efc89	2018-08-20	Health Beauty	SP	Mogi-Guacu	48.9	18.44	67.34	On-Time	10.4	5	New Customers
0035246a40f520710769010f752e7507	2017-08-17	Bed Bath Table	SP	Sao Paulo	87.0	12.11	99.11	On-Time	11.8	5	At Risk
0035246a40f520710769010f752e7507	2017-08-17	Bed Bath Table	SP	Sao Paulo	87.0	12.11	99.11	On-Time	11.8	5	At Risk
0035c0b07126fe9c24a325216fb96064	2017-11-24	Cool Stuff	SP	Campinas	131.9	18.54	150.44	On-Time	13.7	4	About To Sleep
0035e6b7ade84b3f5b86bd49814793df	2018-02-21	Furniture Decor	SP	Sao Paulo	19.9	14.1	34.0	On-Time	5.6	5	Promising Recent
0036757472ece3dde52fd4bfd929c90e	2018-07-19	Office Furniture	SP	Bauru	136.99	66.04	203.03	On-Time	21.0	2	Potential Loyalists
0036887767dea4bd43b1a88cd0d9477a	2017-10-13	Toys	MG	Belo Horizonte	399.99	23.64	423.63	On-Time	10.8	5	About To Sleep
00378c6c981f234634c0b9d6128df6dd	2018-02-02	Sports Leisure	SP	Sao Paulo	41.0	11.85	52.85	Delayed	24.1	4	Promising Recent
003822434f91204da0a51fe4cf2aba18	2018-06-13	Perfumery	RJ	Rio De Janeiro	69.0	18.58	87.58	On-Time	6.0	5	Potential Loyalists
003822434f91204da0a51fe4cf2aba18	2018-06-13	Perfumery	RJ	Rio De Janeiro	69.0	18.58	87.58	On-Time	6.0	5	Potential Loyalists
0039500db36d50d7d0bfaf23723550f3	2018-07-06	Sports Leisure	AL	Maceio	169.9	33.33	203.23	On-Time	14.6	5	Potential Loyalists
003a7f59d7e08a9c61d9e2881fe6459c	2018-08-19	Housewares	DF	Brasilia	119.0	15.28	134.28	On-Time	8.4	5	Champions
003a94f778ef8cfd50247c8c1b582257	2018-08-03	Construction Tools Construction	MS	Campo Grande	39.9	18.08	57.98	Delayed	20.4	1	New Customers
003cc6161d7a2593f2525cce0c330d32	2018-08-03	Housewares	SP	Sao Paulo	85.0	12.9	97.9	On-Time	3.7	5	New Customers
003d0634280ff3d1d3a54459349a6899	2018-03-17	Computers Accessories	SP	Barueri	220.0	8.89	228.89	On-Time	10.2	3	Potential Loyalists
003d804eef0e1b856881cd18e0cc0d4c	2017-11-17	Watches Gifts	MA	Imperatriz	277.0	35.74	312.74	Delayed	54.2	4	About To Sleep
003d9fc84ad902adf2265248b5ffe1a4	2018-08-19	Health Beauty	SP	Sao Paulo	66.99	27.75	94.74	On-Time	7.9	4	New Customers
003edccf16bc5ec447f592913b3df2b4	2018-07-07	Telephony	MA	Vitoria Do Mearim	14.0	50.85	64.85	On-Time	26.6	5	New Customers
003f201cdd39cdd59b6447cff2195456	2018-02-21	Computers Accessories	RJ	Rio De Janeiro	85.0	17.03	102.03	Delayed	35.1	1	Potential Loyalists
003f201cdd39cdd59b6447cff2195456	2018-02-21	Computers Accessories	RJ	Rio De Janeiro	85.0	17.03	102.03	Delayed	35.1	1	Potential Loyalists
003f9bcc09427647c4b9d361a523545b	2018-02-06	Watches Gifts	SP	Ribeirao Pires	229.0	9.8	238.8	On-Time	2.3	5	Potential Loyalists
00404fa7a687c8c44ca69d42695aae73	2018-05-07	Watches Gifts	SP	Sao Paulo	99.9	0.0	99.9	On-Time	10.9	5	New Customers
0040a56893444cb56cba7cfe2225e34e	2018-01-22	Computers Accessories	BA	Salvador	84.9	34.39	119.29	On-Time	23.0	2	Potential Loyalists
004157daafa0bc8672e01f00e4f0c04f	2017-05-21	Furniture Decor	CE	Fortaleza	189.0	33.91	222.91	On-Time	12.1	5	Lost / Hibernating
00418a49a685c6bb60633291c3fab17a	2017-10-03	Watches Gifts	SP	Osasco	49.0	7.78	56.78	On-Time	2.0	1	About To Sleep
004345d16a1ab2c21962992c721c8643	2018-07-04	Housewares	GO	Aguas Lindas De Goias	37.9	15.37	53.27	On-Time	7.4	5	New Customers
0044c6f6d22dd280534344177c81b989	2018-05-18	Electronics	SP	Sao Paulo	179.93	16.14	196.07	On-Time	17.1	4	Potential Loyalists
0045e3085f083f0f38d24bb3f22e6593	2017-08-10	Health Beauty	SP	Sao Jose Dos Campos	116.9	13.84	130.74	On-Time	19.2	5	Lost / Hibernating
0045f5225a96ef46630701167528fdcb	2018-06-10	Auto	MG	Nova Serrana	94.9	15.51	110.41	On-Time	8.3	5	Potential Loyalists
0046176ff0dbc2a178b7885355dfbb71	2018-05-29	Consoles Games	MG	Nova Lima	121.99	15.73	137.72	On-Time	6.0	5	Potential Loyalists
0046e1d57f4c07c8c92ab26be8c3dfc0	2017-09-26	Unknown	SP	Sao Paulo	7.79	7.78	15.57	On-Time	3.1	5	About To Sleep
00471463a6106056c1a2a809f70de640	2017-09-21	Furniture Decor	DF	Brasilia	179.99	85.97	265.96	On-Time	20.6	5	About To Sleep
00482f2670787292280e0a8153d82467	2017-02-13	Unknown	MG	Juiz De Fora	7.6	10.96	18.56	On-Time	1.8	5	Lost / Hibernating
0049edf42837aa808e03552a62bd2158	2017-12-30	Garden Tools	RJ	Rio De Janeiro	49.9	17.6	67.5	On-Time	31.4	1	About To Sleep
004b62108b876867938746ad3154167f	2018-07-04	Health Beauty	SP	Sao Paulo	110.32	8.03	118.35	On-Time	8.3	5	Potential Loyalists
004ba47bb589cdbc485e6025bd6d3c81	2017-12-25	Telephony	SP	Santa Fe Do Sul	49.0	11.85	60.85	On-Time	4.0	5	About To Sleep
004ca5ae248069d68e8594df8abf6ce0	2018-06-06	Perfumery	PA	Belem	159.9	61.18	221.08	On-Time	9.2	5	Potential Loyalists
004d76fef3dd46eb4f70da049c8d1f93	2017-12-20	Stationery	SP	Matao	120.0	27.39	147.39	On-Time	6.6	5	About To Sleep
004eab0fd8f28adaf8d488976f77febe	2017-08-02	Sports Leisure	RJ	Rio De Janeiro	21.5	11.98	33.48	On-Time	1.1	5	Lost / Hibernating
004f5d8f238e8908e6864b874eda3391	2018-02-27	Unknown	MS	Corumba	122.99	15.61	138.6	Delayed	23.5	3	Potential Loyalists
004fb11815bc03b01b20a614eef69d14	2017-11-25	Cool Stuff	BA	Bom Jesus Da Lapa	72.99	19.75	92.74	On-Time	21.0	5	About To Sleep
004fb5e6f90a178dc74ad2b016649249	2017-06-11	Cool Stuff	SP	Ourinhos	129.99	13.93	143.92	On-Time	5.3	5	Lost / Hibernating
005059edee63c8c708ba61910793b31b	2018-02-05	Bed Bath Table	RJ	Porto Real	92.0	17.89	109.89	On-Time	14.1	3	Potential Loyalists
005059edee63c8c708ba61910793b31b	2018-02-05	Bed Bath Table	RJ	Porto Real	92.0	17.89	109.89	On-Time	14.1	3	Potential Loyalists
00526a9d4ebde463baee25f386963ddc	2018-08-07	Food	SP	Ferraz De Vasconcelos	33.89	8.4	42.29	Delayed	8.9	1	Potential Loyalists
00526a9d4ebde463baee25f386963ddc	2018-08-07	Food	SP	Ferraz De Vasconcelos	33.89	8.4	42.29	Delayed	8.9	1	Potential Loyalists
00526a9d4ebde463baee25f386963ddc	2018-08-07	Food	SP	Ferraz De Vasconcelos	33.89	8.4	42.29	Delayed	8.9	1	Potential Loyalists
00526a9d4ebde463baee25f386963ddc	2018-08-07	Food	SP	Ferraz De Vasconcelos	33.89	8.4	42.29	Delayed	8.9	1	Potential Loyalists
0055b77cca3186676c147f532dd2547b	2018-02-19	Computers Accessories	RJ	Rio De Janeiro	149.0	40.37	189.37	On-Time	15.9	5	Potential Loyalists
0057199db02d1a5ef41bacbf41f8f63b	2018-01-18	Unknown	MT	Sinop	20.3	16.79	37.09	On-Time	19.1	4	About To Sleep
00571ded73b3c061925584feab0db425	2017-05-18	Perfumery	MG	Belo Horizonte	179.9	15.01	194.91	On-Time	11.5	5	Lost / Hibernating
00571ded73b3c061925584feab0db425	2017-05-18	Perfumery	MG	Belo Horizonte	179.9	15.01	194.91	On-Time	11.5	5	Lost / Hibernating
00584d79015452d19fd3d044ba3abdc0	2017-07-23	Telephony	SP	Sao Paulo	109.9	12.27	122.17	On-Time	3.0	5	Lost / Hibernating
00588f5f20fee630b83d4709e0a42715	2017-08-18	Telephony	PA	Ipixuna Do Para	89.0	25.9	114.9	On-Time	12.2	1	Lost / Hibernating
005997dca4c1fc45066d0a03d54a6469	2018-04-10	Health Beauty	SP	Praia Grande	120.0	13.75	133.75	On-Time	3.2	5	Potential Loyalists
005a1dded353107dbabf8ffc83a20365	2018-02-09	Watches Gifts	MG	Sete Lagoas	75.0	14.28	89.28	On-Time	21.2	5	Promising Recent
005b49de51a4e006055e8487a50ad8e4	2017-04-09	Computers Accessories	RS	Bage	46.86	14.52	61.38	On-Time	18.1	5	Lost / Hibernating
005cad6157eadc7f1f09917607f1704a	2017-04-15	Sports Leisure	SP	Sao Bernardo Do Campo	96.0	14.84	110.84	On-Time	17.9	5	Lost / Hibernating
005d9a5423d47281ac463a968b3936fb	2017-10-18	Toys	SP	Sao Jose Do Rio Pardo	49.99	18.12	68.11	On-Time	9.3	1	Loyal Customers
005d9a5423d47281ac463a968b3936fb	2017-10-18	Baby	SP	Sao Jose Do Rio Pardo	24.99	13.58	38.57	On-Time	9.3	1	Loyal Customers
005d9a5423d47281ac463a968b3936fb	2017-10-18	Baby	SP	Sao Jose Do Rio Pardo	24.99	13.58	38.57	On-Time	9.3	1	Loyal Customers
005e5166e99d1e4d0c4f808b0540ba94	2018-02-21	Computers Accessories	SC	Itajai	120.1	16.6	136.7	Delayed	34.4	3	Potential Loyalists
005f25968fc854ea16fb16f5bdbc87c7	2018-03-04	Sports Leisure	SP	Carapicuiba	69.9	16.25	86.15	On-Time	16.1	5	Promising Recent
00602f25bffa1dcfb71e202fbf9824fb	2017-11-01	Watches Gifts	PA	Belem	39.9	54.02	93.92	On-Time	26.1	5	About To Sleep
00611822267e76e0055c25c18506f06e	2018-07-26	Toys	GO	Goiania	159.9	20.31	180.21	On-Time	5.4	4	Potential Loyalists
006127b8b9a1681a982313ed7129c3c0	2018-03-08	Watches Gifts	SP	Sao Paulo	540.0	16.22	556.22	On-Time	12.3	5	Potential Loyalists
0064d74f7de7917d54768d7722ad56ac	2017-09-10	Cool Stuff	RJ	Niteroi	189.9	31.17	221.07	On-Time	3.8	5	Lost / Hibernating
006557c3221c1fcd02b0106343ab357b	2018-02-23	Home Appliances	SP	Sao Paulo	14.9	8.27	23.17	On-Time	7.1	5	Promising Recent
00664284de7a3470d22931ed78615ee4	2017-09-24	Kitchen Dining Laundry Garden Furniture	SP	Sao Paulo	43.9	11.85	55.75	On-Time	9.4	4	About To Sleep
0066a1fdaee16ad5022c5ef979d0b661	2018-06-10	Baby	RJ	Nilopolis	139.0	87.28	226.28	On-Time	5.8	5	Potential Loyalists
0067c6030d65af0ff98790158ddb0020	2018-04-27	Bed Bath Table	SP	Sao Paulo	40.35	13.71	54.06	On-Time	9.9	5	Promising Recent
0068468c453d28c8ef3fd089e50a5847	2017-11-24	Electronics	RJ	Nova Iguacu	469.0	20.85	489.85	On-Time	19.6	5	About To Sleep
00685d31ae12e47470ba5c18ba74f22c	2017-08-27	Furniture Decor	RS	Espumoso	59.0	16.17	75.17	Delayed	37.5	1	Champions
0068c109948b9a1dfb8530d1978acef3	2018-01-22	Air Conditioning	MT	Cuiaba	35.9	15.79	51.69	On-Time	17.0	1	Loyal Customers
0068c109948b9a1dfb8530d1978acef3	2018-01-22	Air Conditioning	MT	Cuiaba	35.9	15.79	51.69	On-Time	17.0	1	Loyal Customers
0068e836900867da359bd81db9227a33	2017-09-29	Sports Leisure	RS	Porto Alegre	96.99	16.44	113.43	On-Time	6.4	5	About To Sleep
0068fb0e223115e911d362627e8b8800	2018-07-18	Computers Accessories	SP	Sao Paulo	77.9	13.89	91.79	On-Time	7.4	5	New Customers
006c42f310102c1910b3c5793ce5fc34	2018-08-06	Toys	PR	Curitiba	229.99	20.8	250.79	On-Time	9.2	5	Potential Loyalists
006cb7cafc99b29548d4f412c7f9f493	2018-02-17	Unknown	DF	Brasilia	56.0	14.14	70.14	On-Time	8.0	5	Promising Recent
006cba07f62f921fe4f58365bde2b2eb	2017-08-14	Toys	SP	Itapura	69.99	11.99	81.98	On-Time	4.0	5	Lost / Hibernating
006dd93155bc2abd844cc5eed3a0fe7f	2017-12-02	Fashion Bags Accessories	SP	Sao Paulo	49.9	7.78	57.68	On-Time	5.8	5	About To Sleep
006df90050498994d670b40da4651d22	2018-08-13	Sports Leisure	SP	Sao Paulo	14.0	7.39	21.39	On-Time	2.3	5	New Customers
006e05e81c068ddc38e48ebe189b922e	2017-12-27	Watches Gifts	MG	Santa Luzia	29.0	14.1	43.1	On-Time	6.6	4	About To Sleep
006e43460a55bc60c0a437521e426529	2017-05-11	Garden Tools	SP	Guaruja	99.0	43.06	142.06	On-Time	8.4	5	Lost / Hibernating
006e91ddb0674525f84ce0da0655c7ba	2018-04-10	Home Confort	SP	Sao Paulo	499.0	30.35	529.35	On-Time	5.9	4	Potential Loyalists
006f7dfffe2d90809598e8f1972b829b	2018-03-22	Health Beauty	SP	Serrana	39.85	12.79	52.64	On-Time	13.9	2	Promising Recent
0070092bb6004faafa287e5fc35971e9	2017-07-25	Toys	SP	Sao Paulo	149.0	14.06	163.06	On-Time	2.4	5	Lost / Hibernating
0071ee2429bc1efdc43aa3e073a5290e	2018-01-22	Housewares	SP	Sao Paulo	179.98	12.46	192.44	On-Time	9.5	4	Potential Loyalists
0072847849eafe70995fa51a714c81ac	2018-05-14	Toys	SP	Iguape	219.99	14.9	234.89	On-Time	8.4	4	Potential Loyalists
00750f68bb64537034e93554c64b41b5	2017-11-12	Watches Gifts	SP	Maua	129.0	8.16	137.16	On-Time	2.5	5	About To Sleep
00756576f4e494406945ac21cb82cfe0	2018-01-30	Watches Gifts	SP	Sao Jose Do Rio Preto	137.0	15.71	152.71	On-Time	9.9	5	Potential Loyalists
00772b2af35643653f108fdac1155ee3	2017-04-24	Sports Leisure	SP	Indaiatuba	37.0	10.96	47.96	On-Time	12.0	4	Customers Needing Attention
00789ce015e7e5791c7914f32bb4fad4	2017-06-28	Health Beauty	RJ	Rio De Janeiro	154.0	14.83	168.83	On-Time	18.8	5	Lost / Hibernating
0078a358a14592b887eb140ef515f5ab	2017-11-06	Furniture Decor	GO	Anapolis	253.52	82.86	336.38	On-Time	15.1	5	About To Sleep
0079bca8e89bd52fdb87408e4f3fb94d	2018-05-03	Sports Leisure	SP	Sao Paulo	49.9	7.39	57.29	On-Time	5.1	5	Promising Recent
007bbb40c95870c0f75a7855f2636c65	2018-04-24	Bed Bath Table	SP	Sao Paulo	148.9	13.95	162.85	On-Time	2.3	5	Potential Loyalists
007beb35f98c075747e6fc4fd1c0cb73	2017-09-23	Bed Bath Table	RJ	Rio De Janeiro	64.9	18.69	83.59	On-Time	11.3	4	About To Sleep
007c7cb12ef3567531307ca78d395758	2018-02-20	Electronics	GO	Itaberai	179.0	16.0	195.0	On-Time	20.4	2	Potential Loyalists
007ec946d4f798caf2b43c9d44c56421	2017-11-24	Sports Leisure	RS	Gramado	27.9	15.1	43.0	On-Time	12.4	5	About To Sleep
007ff0b0f79be782f633fc3b18cbe337	2018-02-03	Furniture Decor	MG	Belo Horizonte	39.0	16.11	55.11	On-Time	11.1	5	Promising Recent
0080eebb288dba1857ccf048dfe6bdfe	2017-08-11	Telephony	PR	Curitiba	7.0	14.1	21.1	On-Time	7.1	3	Lost / Hibernating
0081ab2c99dc85945c28926b77dc6960	2018-02-14	Computers Accessories	SP	Cotia	269.0	10.7	279.7	On-Time	4.9	2	Potential Loyalists
0081ce648af7d6a7bac2a93b6035d1e3	2017-11-08	Bed Bath Table	RS	Santa Cruz Do Sul	99.9	17.95	117.85	On-Time	14.2	5	About To Sleep
0084209c576daad6ff4534902fcb4892	2017-07-05	Bed Bath Table	RJ	Rio De Janeiro	69.9	15.24	85.14	On-Time	13.0	3	Lost / Hibernating
0084e195fbd72ae51599af47f04afede	2018-03-14	Computers Accessories	RS	Porto Alegre	89.9	23.13	113.03	Delayed	50.9	1	Potential Loyalists
00858d03144cc35cfd1dd043647e7c88	2018-03-14	Home Appliances	RS	Gravatai	165.0	19.03	184.03	On-Time	8.0	4	Potential Loyalists
008720830a8a30e39e6f22f81818a141	2017-08-13	Baby	SP	Sao Paulo	57.99	11.73	69.72	On-Time	4.7	5	Lost / Hibernating
0087889a1c836be17f58afd7f1729a4a	2017-10-23	Perfumery	SP	Campinas	259.0	10.63	269.63	On-Time	1.4	5	About To Sleep
008819c6d5f6da6fa5cd9d50ca927cf4	2018-08-04	Watches Gifts	SP	Sao Paulo	55.0	7.65	62.65	On-Time	2.9	3	New Customers
00891ba5de66f55000ee358ceea9b345	2017-05-14	Sports Leisure	DF	Brasilia	133.0	16.69	149.69	On-Time	8.9	5	Lost / Hibernating
008990da719764fb392914d8ab53ad04	2018-05-11	Computers Accessories	RJ	Macae	35.9	18.23	54.13	On-Time	24.8	5	New Customers
008a1b3db2a8bf63418c2cf7c7f494b1	2018-04-02	Health Beauty	MG	Brumadinho	14.89	18.23	33.12	Delayed	31.3	1	Promising Recent
008a40c2b8b21893e04945ce58854b55	2018-04-29	Health Beauty	SP	Bariri	99.0	13.0	112.0	On-Time	8.9	1	Potential Loyalists
008c3a655c66f4d92370d0d422732f69	2018-03-04	Computers Accessories	SP	Sorocaba	90.0	9.44	99.44	On-Time	4.9	4	Promising Recent
008ce8764db2e397e153000e017475b6	2018-05-18	Health Beauty	SP	Sao Paulo	43.49	27.39	70.88	On-Time	5.0	5	New Customers
008cfe221ab054c89bc31720098cca51	2018-08-08	Bed Bath Table	SP	Sao Paulo	109.99	36.85	146.84	On-Time	6.5	3	Potential Loyalists
008d9bf350ff02ed444b3452cf3f57e0	2018-06-04	Toys	ES	Vila Velha	9.99	15.23	25.22	On-Time	9.4	5	New Customers
008d9bf350ff02ed444b3452cf3f57e0	2018-06-04	Toys	ES	Vila Velha	9.99	15.23	25.22	On-Time	9.4	5	New Customers
008dc31c0ae7121f2791953ae5f532c3	2018-01-06	Auto	MA	Sao Luis	28.5	34.15	62.65	On-Time	23.4	5	About To Sleep
008dd5e80ebf8f849aa0c5bf4e22ce7a	2018-03-20	Bed Bath Table	SP	Bauru	199.0	8.74	207.74	On-Time	2.9	1	Potential Loyalists
008eaf9004164883520d0bd32b107261	2017-07-10	Housewares	RJ	Rio De Janeiro	135.9	21.44	157.34	On-Time	11.0	5	Lost / Hibernating
008f831b7185cff7ab35a46c37d64cd2	2018-06-30	Auto	PR	Foz Do Iguacu	249.0	37.09	286.09	On-Time	7.0	5	Potential Loyalists
008fab5602c441d51f30b1464f5d4643	2017-02-22	Health Beauty	MG	Lagoa Santa	49.99	15.56	65.55	On-Time	9.1	5	Lost / Hibernating
0091a677651feaf5a08d7bb147681e14	2018-08-24	Watches Gifts	SP	Campinas	38.0	7.53	45.53	On-Time	4.1	4	New Customers
00921e4911895b93c7b4fc0d80c0815e	2018-06-13	Housewares	SP	Sao Paulo	85.0	11.62	96.62	On-Time	7.1	5	New Customers
0093cbf16a6afb7f0ab7cc821b6f9e92	2017-11-11	Auto	SC	Camboriu	117.3	25.66	142.96	On-Time	14.1	5	About To Sleep
00946f674d880be1f188abc10ad7cf46	2017-12-09	Pet Shop	SP	Osasco	99.9	18.57	118.47	On-Time	7.6	4	About To Sleep
00946f674d880be1f188abc10ad7cf46	2017-12-09	Pet Shop	SP	Osasco	99.9	14.35	114.25	On-Time	7.6	4	About To Sleep
00949655cdd8d0465e433a5e6c9643e5	2018-06-25	Construction Tools Construction	SP	Sao Paulo	18.0	7.87	25.87	On-Time	2.9	5	New Customers
0094bd07f49fed90209ffa62d1ef26d6	2018-05-01	Perfumery	SP	Praia Grande	11.53	7.39	18.92	Delayed	15.8	1	Promising Recent
0094d4660e323945f84f5c29eb348aae	2018-01-24	Sports Leisure	SC	Papanduva	269.99	39.41	309.4	On-Time	11.7	5	Potential Loyalists
0094dc9ea7e3cd54d95aea42685673ff	2017-03-07	Consoles Games	RJ	Rio De Janeiro	89.99	14.8	104.79	On-Time	6.7	4	Lost / Hibernating
0095790a64527ec83aeaaf99023c050e	2017-11-15	Watches Gifts	MA	Sao Luis	19.9	42.76	62.66	On-Time	22.3	5	Loyal Customers
0096668e5b0b8e9657a6f7209a4e58b4	2018-07-11	Auto	SP	Sao Paulo	166.9	13.47	180.37	Delayed	68.0	4	Potential Loyalists
009742b43f4530bc3db7f62332c50f4b	2017-10-24	Computers Accessories	SP	Santo Andre	133.74	12.44	146.18	Delayed	43.1	2	About To Sleep
00975e709cd12c34d3bd44e4a7f7a876	2017-08-21	Cool Stuff	SP	Indaiatuba	86.8	7.86	94.66	On-Time	2.4	5	Lost / Hibernating
0097aafe2a01dd54e39888976160c377	2018-08-23	Computers Accessories	SP	Osasco	62.0	8.59	70.59	On-Time	5.1	4	New Customers
0097f0545a302aafa32782f1734ff71c	2018-03-05	Garden Tools	SP	Sao Paulo	158.0	10.68	168.68	Delayed	16.0	1	Potential Loyalists
0097f0545a302aafa32782f1734ff71c	2018-03-05	Garden Tools	SP	Sao Paulo	308.0	31.16	339.16	Delayed	16.0	1	Potential Loyalists
009838529bb913846ab6670d22865381	2018-06-14	Bed Bath Table	MG	Juiz De Fora	129.0	47.4	176.4	On-Time	12.3	3	Potential Loyalists
0098dbda25722a3f019fe252a0cd10b3	2017-09-19	Bed Bath Table	GO	Sao Joao D'Alianca	143.54	21.49	165.03	On-Time	13.0	4	About To Sleep
009905140e9f8cc35d5be897937381db	2018-03-15	Bed Bath Table	GO	Goiania	39.99	18.23	58.22	On-Time	13.3	5	Potential Loyalists
009905140e9f8cc35d5be897937381db	2018-03-15	Bed Bath Table	GO	Goiania	39.99	18.23	58.22	On-Time	13.3	5	Potential Loyalists
00995d799817ecc3bd2abd8fbe59c430	2018-07-26	Health Beauty	RJ	Sao Goncalo	49.9	12.92	62.82	On-Time	7.3	1	New Customers
00998f38df3012359ef195ca75ebb329	2018-05-11	Perfumery	PB	Joao Pessoa	119.9	23.34	143.24	On-Time	7.1	4	Potential Loyalists
009ac365164f8e06f59d18a08045f6c4	2017-11-23	Garden Tools	MG	Cataguases	16.9	15.1	32.0	On-Time	6.7	5	About To Sleep
009c278fa2ed6e7ec498200b60193ca8	2018-01-11	Telephony	SC	Porto Uniao	29.99	15.1	45.09	On-Time	20.3	5	About To Sleep
009e11afa25aa95ae78e60a793995c9b	2017-10-19	Garden Tools	AM	Manaus	30.99	34.15	65.14	On-Time	12.0	5	About To Sleep
009fa9bd0d92710e840793bfefa80867	2017-06-14	Perfumery	MG	Major Porto	84.99	15.34	100.33	On-Time	24.3	4	Lost / Hibernating
00a0116ff15ff973ea16bee881208ae7	2018-02-18	Computers Accessories	MS	Campo Grande	149.0	45.12	194.12	On-Time	12.3	5	Potential Loyalists
00a12754417a49a9dec20361849aa917	2018-05-08	Housewares	SP	Sao Paulo	48.9	8.82	57.72	On-Time	1.9	4	New Customers
00a13ab02fbe82f78cd84f14e41564ed	2017-12-09	Sports Leisure	SP	Maua	159.49	8.86	168.35	On-Time	5.2	5	About To Sleep
00a174dbf11967d260033fa6ab711493	2017-11-27	Furniture Decor	RJ	Barra Mansa	249.9	41.53	291.43	On-Time	22.4	1	About To Sleep
00a1e977cf6e672402963940db55d919	2018-07-25	Electronics	DF	Brasilia	24.89	7.75	32.64	On-Time	2.0	5	New Customers
00a250dbdb3153cc6ecf4d3f07ef6a17	2017-12-10	Perfumery	SP	Sao Jose Dos Campos	53.99	7.78	61.77	On-Time	4.0	2	Customers Needing Attention
00a379dfab816a83741012b71b264098	2018-08-03	Stationery	SP	Sao Paulo	15.99	7.39	23.38	Delayed	6.9	1	New Customers
00a3a334aec7455a6d3319981499a3da	2017-10-25	Consoles Games	SP	Francisco Morato	24.5	11.85	36.35	On-Time	10.2	5	About To Sleep
00a3f1ef430d3984dece2f39d6cbf431	2018-05-18	Housewares	SP	Diadema	179.0	22.99	201.99	Delayed	19.1	5	Potential Loyalists
00a4d94df1c9757661679b2f4bd6d311	2018-04-26	Auto	SP	Valinhos	37.9	21.43	59.33	On-Time	11.3	5	Promising Recent
00a57dfbb049fbaae10763e2cf15f797	2018-07-20	Computers Accessories	MS	Campo Grande	89.9	22.56	112.46	On-Time	10.3	5	Potential Loyalists
00a57dfbb049fbaae10763e2cf15f797	2018-07-20	Computers Accessories	MS	Campo Grande	89.9	22.56	112.46	On-Time	10.3	5	Potential Loyalists
00a57dfbb049fbaae10763e2cf15f797	2018-07-20	Computers Accessories	MS	Campo Grande	89.9	22.56	112.46	On-Time	10.3	5	Potential Loyalists
00a690becda145533fa5a54daa7b6ad5	2018-04-08	Furniture Decor	MT	Cuiaba	88.34	29.08	117.42	On-Time	15.6	5	Potential Loyalists
00a77f9cc25b05b2004752593d7b8888	2017-06-22	Home Confort	RJ	Rio De Janeiro	177.9	18.5	196.4	On-Time	15.1	4	Lost / Hibernating
00a843f5a80c7aea894c558acc29f513	2017-09-01	Fixed Telephony	RS	Porto Alegre	32.99	14.1	47.09	On-Time	10.2	3	Lost / Hibernating
00a870c6c06346e85335524935c600c0	2018-05-09	Furniture Decor	MG	Juiz De Fora	69.9	0.0	69.9	On-Time	8.0	4	New Customers
00a9536682ecb394a3794c1608200803	2017-05-12	Bed Bath Table	SP	Capao Bonito	109.9	12.27	122.17	On-Time	9.7	3	At Risk
00a99c50fdff7e36262caba33821875a	2018-08-17	Computers Accessories	BA	Teixeira De Freitas	52.99	22.3	75.29	On-Time		5	New Customers
00aa423621f35a9ca6c6240f275b0640	2017-11-23	Sports Leisure	MG	Carandai	110.9	14.51	125.41	On-Time	11.2	4	About To Sleep
00ab1aba567dfebdc39caa4e7ca2f1b2	2017-09-01	Perfumery	SP	Campinas	35.9	12.48	48.38	On-Time	11.0	5	Lost / Hibernating
00ab210695a17fe10e6b23616ae5bc97	2018-06-12	Sports Leisure	SP	Guaruja	39.0	7.53	46.53	On-Time	7.7	4	Champions
00ab3a43bda739029ffce95d3b2fb56c	2018-08-10	Health Beauty	SP	Sao Paulo	27.9	7.46	35.36	On-Time	4.3	5	New Customers
00ab9fa91aafa3d881164b0da48999aa	2018-05-25	Small Appliances Home Oven And Coffee	MG	Nova Lima	579.0	65.34	644.34	On-Time	12.6	4	Potential Loyalists
00ac05fe0fc047c54418098eb64e3aaa	2018-02-18	Furniture Decor	RJ	Araruama	99.9	23.57	123.47	On-Time	12.0	2	Potential Loyalists
00ac2a1ec784f71feeb7ba1e5959750d	2018-04-06	Diapers And Hygiene	PR	Maringa	37.0	19.32	56.32	On-Time	11.2	5	Promising Recent
00ace652c8a5072670f30674e5f19844	2018-01-19	Office Furniture	MG	Betim	116.6	30.66	147.26	On-Time	31.7	3	About To Sleep
00ad1a02d4d9decad15c7e8f8a9470cc	2018-08-04	Watches Gifts	CE	Caucaia	49.0	19.25	68.25	On-Time	13.4	2	New Customers
00ae7a8b4936674ebb701d4a23719a79	2018-05-09	Auto	SP	Santana De Parnaiba	27.9	9.26	37.16	On-Time		2	New Customers
00af3d9ddff7f256e83d79247dbe1a9f	2018-02-21	Baby	PE	Garanhuns	65.0	25.73	90.73	On-Time	14.5	5	Promising Recent
00af53fdc2002f5b6a8f16db648e003b	2017-06-20	Sports Leisure	SP	Itupeva	39.9	11.85	51.75	On-Time	13.0	5	Lost / Hibernating
00b12f4674177ef40c4bdb034138c843	2018-07-15	Signaling And Security	SP	Guaratingueta	105.0	17.87	122.87	On-Time	5.1	5	Potential Loyalists
00b1861aeb89afa498404c684148a619	2018-08-08	Auto	RJ	Rio De Janeiro	25.79	23.33	49.12	On-Time	7.3	3	New Customers
00b1861aeb89afa498404c684148a619	2018-08-08	Auto	RJ	Rio De Janeiro	25.79	23.33	49.12	On-Time	7.3	3	New Customers
00b2d2f2b5f7b98e6b1828764660134e	2018-08-09	Watches Gifts	SP	Bom Jesus Dos Perdoes	146.01	13.68	159.69	On-Time	6.5	4	Potential Loyalists
00b30bb163474583c14db1689259cf4d	2018-01-31	Fashion Bags Accessories	BA	Valenca	189.9	26.61	216.51	On-Time	17.2	5	Loyal Customers
00b402e8a76d3da83714c52d3977cc2d	2018-01-01	Health Beauty	BA	Porto Seguro	139.65	26.26	165.91	On-Time	17.8	5	About To Sleep
00b44ba3d7c4a5e9a9ebafef9150781d	2018-08-28	Fashion Bags Accessories	SP	Santo Andre	59.9	7.68	67.58	On-Time	1.7	5	New Customers
00b47ee856118583dbec7d1f9b18d847	2018-03-26	Electronics	DF	Brasilia	13.65	15.23	28.88	On-Time	14.0	4	Promising Recent
00b4846d477a7baf5d4e47970bc08c7e	2018-01-22	Bed Bath Table	RJ	Campos Dos Goytacazes	31.9	16.11	48.01	On-Time	8.2	5	Promising Recent
00b4a910f64f24dbcac04fe54088a443	2017-01-18	Garden Tools	RJ	Rio De Janeiro	33.99	16.6	50.59	On-Time	7.8	5	Lost / Hibernating
00b4c651133c06fb175123a492f1cac3	2018-08-17	Computers Accessories	DF	Brasilia	158.9	14.59	173.49	On-Time	6.0	4	Potential Loyalists
00b5e1c770b1868ec1b6b726be3aa9b9	2018-01-03	Stationery	SP	Itapui	47.4	11.85	59.25	On-Time	7.8	5	About To Sleep
00b676b01c289cc661c6f7732492771a	2017-08-02	Housewares	SP	Sao Paulo	50.0	21.19	71.19	On-Time	12.8	3	Lost / Hibernating
00b6c055922e0ed2d88efdd252b2fb64	2018-05-01	Kitchen Dining Laundry Garden Furniture	SP	Jundiai	59.9	11.15	71.05	On-Time	6.2	4	Promising Recent
00b6e66f005a657a6b13eedcacdf9342	2018-08-11	Telephony	RJ	Macae	199.0	39.66	238.66	On-Time	10.2	1	Potential Loyalists
00b6e66f005a657a6b13eedcacdf9342	2018-08-11	Telephony	RJ	Macae	199.0	39.66	238.66	On-Time	10.2	1	Potential Loyalists
00b7174ea52bb811ebe2663add51afc0	2018-05-16	Auto	SP	Votuporanga	69.9	23.07	92.97	On-Time	5.3	5	Champions
00b8d354b36820e9d6131fd5173c5581	2018-02-24	Health Beauty	MG	Cambui	50.21	15.1	65.31	On-Time	12.3	5	Promising Recent
00b9e0f8f588d0406a3de447eb606970	2018-01-22	Bed Bath Table	RJ	Rio De Janeiro	39.9	16.6	56.5	Delayed	25.3	5	Promising Recent
00ba414462370af2d76195d12e0d5481	2017-11-30	Telephony	RS	Porto Alegre	24.99	14.1	39.09	On-Time	15.6	5	About To Sleep
00ba57ae98928df6ba6ec9d3d8d4b1b7	2018-07-16	Watches Gifts	RJ	Rio Das Ostras	130.0	19.01	149.01	On-Time	9.8	5	Potential Loyalists
00bbc4179554524748f77763ddd62266	2017-08-08	Health Beauty	SP	Sao Paulo	89.99	7.88	97.87	On-Time	5.8	4	Lost / Hibernating
00bc78808b22918a467b2fa4b8ef5d68	2017-04-23	Health Beauty	MG	Soledade De Minas	69.0	15.69	84.69	On-Time	8.6	5	Lost / Hibernating
00bcee890eba57a9767c7b5ca12d3a1b	2017-07-22	Computers Accessories	DF	Brasilia	165.5	15.8	181.3	On-Time	4.9	3	Lost / Hibernating
00bcee890eba57a9767c7b5ca12d3a1b	2017-07-22	Computers Accessories	DF	Brasilia	175.91	52.69	228.6	On-Time	4.9	3	Lost / Hibernating
00bcee890eba57a9767c7b5ca12d3a1b	2017-07-22	Computers Accessories	DF	Brasilia	165.5	15.8	181.3	On-Time	4.9	3	Lost / Hibernating
00bcee890eba57a9767c7b5ca12d3a1b	2017-07-22	Computers Accessories	DF	Brasilia	165.5	15.8	181.3	On-Time	4.9	3	Lost / Hibernating
00bd2cb7e9076e1ccc9f766fc01a4cfd	2018-04-18	Computers Accessories	SP	Ourinhos	98.81	13.81	112.62	On-Time	12.5	1	Potential Loyalists
00bd50cdd31bd22e9081e6e2d5b3577b	2018-01-14	Watches Gifts	SP	Campinas	78.0	7.8	85.8	On-Time	7.7	4	About To Sleep
00bd8cf08fa3998ea6ad6d16c2165822	2017-12-01	Sports Leisure	MG	Tocantins	21.8	12.48	34.28	On-Time	4.1	5	About To Sleep
00bdcdda88e6b02977fc6ce3d412c600	2018-06-12	Watches Gifts	RJ	Rio De Janeiro	118.9	18.93	137.83	On-Time	6.4	5	Potential Loyalists
00bdebefeb760588a3425fad9dfed3d9	2018-03-08	Sports Leisure	SP	Barueri	119.8	20.18	139.98	On-Time	6.2	5	Potential Loyalists
00beb247698c6aae94e3f859d279e2cd	2018-05-24	Construction Tools Lights	SP	Sao Paulo	45.0	7.39	52.39	On-Time	4.9	2	New Customers
00bf1320ffb5fe47a845feca16c0e0b4	2017-09-26	Health Beauty	RJ	Casimiro De Abreu	449.0	20.39	469.39	Delayed	36.1	5	About To Sleep
00c00d5b36157595e21108ba1da2828f	2017-09-11	Furniture Decor	SP	Sorocaba	139.85	16.61	156.46	Delayed	22.9	1	Lost / Hibernating
00c00d5b36157595e21108ba1da2828f	2017-09-11	Furniture Decor	SP	Sorocaba	139.85	16.61	156.46	Delayed	22.9	1	Lost / Hibernating
00c2335723b9b74668062e946dc66621	2017-12-31	Electronics	SP	Sao Paulo	18.9	12.48	31.38	On-Time	9.8	5	About To Sleep
00c405bd71187154a7846862f585a9d4	2017-10-23	Health Beauty	BA	Feira De Santana	29.9	16.79	46.69	On-Time	8.2	1	About To Sleep
00c42b1633c1b2fa4e937bf312466561	2018-01-13	Furniture Decor	SC	Imbituba	39.9	15.1	55.0	On-Time	26.3	5	Customers Needing Attention
00c47cfa491ef55779ec7557673087fc	2018-07-23	Perfumery	SP	Louveira	59.0	13.07	72.07	On-Time	2.1	5	New Customers
00c47fefb9a49baec12ab3654d7f548e	2017-12-06	Auto	AP	Macapa	199.0	67.69	266.69	On-Time	41.9	4	About To Sleep
00c4f17dcb94448f27a2cbaa83f10a4b	2018-06-08	Health Beauty	SP	Santo Andre	32.0	7.39	39.39	On-Time	3.8	5	New Customers
00c62d05602c1ca8164b98746d127fa8	2018-06-03	Industry Commerce And Business	GO	Goiania	110.0	18.35	128.35	On-Time	9.4	4	Potential Loyalists
00c763284c0056eed753352f5559ff0a	2018-05-31	Bed Bath Table	SP	Sao Bernardo Do Campo	79.9	14.65	94.55	On-Time	12.7	4	New Customers
00c81b6675ef9ecaaff5fc1d6720b96c	2017-10-24	Perfumery	DF	Brasilia	24.99	14.1	39.09	On-Time	5.9	5	About To Sleep
00c826c901ab01b6f598a8f0c9b56b82	2018-04-20	Stationery	SP	Sao Paulo	79.0	13.91	92.91	On-Time	12.3	5	Promising Recent
00c842d0ae6462afc1d38fc055b02c75	2017-11-08	Garden Tools	RJ	Rio De Janeiro	59.9	17.67	77.57	On-Time	13.0	5	About To Sleep
00c8be06a8029e300dabd52c7d4c6ad2	2018-02-11	Electronics	RS	Uruguaiana	19.9	15.1	35.0	On-Time	16.9	5	Promising Recent
00c8bfbb0a1224dcdb0180a544247159	2018-05-06	Housewares	SP	Cafelandia	158.0	15.2	173.2	On-Time	4.6	3	Potential Loyalists
00c9474e0334f7a4ffc8c3a8bd21a51e	2018-05-04	Bed Bath Table	SP	Cosmopolis	1050.61	25.13	1075.74	On-Time	12.2	1	Potential Loyalists
00c95282163553a982f38481f9488481	2017-08-09	Sports Leisure	RJ	Barra Mansa	106.9	18.0	124.9	On-Time	8.1	4	Lost / Hibernating
00c9d0257381c7e9ec13b4505f25b2cf	2018-04-18	Auto	SP	Sao Paulo	362.45	25.12	387.57	On-Time	9.6	5	Champions
00c9d9e61ed13f5bf2f0344da1aa4775	2017-02-24	Furniture Decor	SP	Maua	44.55	11.74	56.29	On-Time	10.0	4	Lost / Hibernating
00c9f7d4b0e87781465e562dc109f6aa	2017-05-21	Auto	GO	Rio Verde	14.99	15.1	30.09	On-Time	9.8	4	Lost / Hibernating
00c9f7d4b0e87781465e562dc109f6aa	2017-05-21	Auto	GO	Rio Verde	14.99	15.1	30.09	On-Time	9.8	4	Lost / Hibernating
00c9f7d4b0e87781465e562dc109f6aa	2017-05-21	Auto	GO	Rio Verde	14.99	15.1	30.09	On-Time	9.8	4	Lost / Hibernating
00c9f7d4b0e87781465e562dc109f6aa	2017-05-21	Auto	GO	Rio Verde	14.99	15.1	30.09	On-Time	9.8	4	Lost / Hibernating
00cb18db3d9c03f8386e7fc70cad2504	2017-07-12	Air Conditioning	SP	Sao Paulo	125.9	18.13	144.03	On-Time	7.7	1	At Risk
00cb9736c0b43d6c1e2fbb2b88e69f6a	2018-01-29	Auto	PE	Camaragibe	99.9	26.84	126.74	On-Time	18.4	5	Potential Loyalists
00ce92d57f4f9a112bdb8a2a283e5f97	2018-01-30	Computers Accessories	RJ	Rio De Janeiro	149.0	40.37	189.37	On-Time	7.8	5	Potential Loyalists
00ceda91cb2ded8570ca73e70571740a	2018-02-06	Furniture Decor	PR	Curitiba	19.9	14.1	34.0	On-Time	10.2	4	Promising Recent
00cee8a4dbb042385cbbd84699e78b2e	2018-07-20	Musical Instruments	SP	Campinas	59.9	9.17	69.07	On-Time	5.5	5	Champions
00cf2b04c59f0ecaf822bf3f334d5c3b	2018-03-28	Watches Gifts	SP	Sao Paulo	320.0	14.68	334.68	On-Time	12.4	5	Potential Loyalists
00cf47526e0f7920b381b2baf4ecf1c7	2017-02-09	Computers Accessories	SP	Aracatuba	59.9	14.59	74.49	On-Time	6.9	4	Lost / Hibernating
00cfabbe2a93b70beeec4894f86712a8	2017-06-10	Furniture Decor	SC	Palhoca	29.99	15.11	45.1	On-Time	12.3	5	Lost / Hibernating
00d03eb3425f41a599ae2f788e23c07f	2017-02-17	Telephony	BA	Salvador	69.0	21.17	90.17	Delayed	50.3	1	Lost / Hibernating
00d0ff2017f9ea13dd7eec7470ca473a	2018-06-18	Health Beauty	SP	Pederneiras	56.0	18.69	74.69	On-Time	9.1	5	New Customers
00d1289d5125017a90e528b5a7cee91f	2018-03-15	Health Beauty	RJ	Nova Friburgo	160.0	19.0	179.0	Delayed	96.3	1	Potential Loyalists
00d15ff0236872686e4899ed1ce680ad	2018-08-07	Sports Leisure	SC	Balneario Camboriu	57.95	22.34	80.29	On-Time	14.1	5	New Customers
00d1e381c0995f0bdb95909fe7434d0b	2018-03-24	Bed Bath Table	SP	Sao Paulo	64.9	20.18	85.08	On-Time	9.0	5	Potential Loyalists
00d1e381c0995f0bdb95909fe7434d0b	2018-03-24	Bed Bath Table	SP	Sao Paulo	64.9	20.18	85.08	On-Time	9.0	5	Potential Loyalists
00d2559e61b9a0744a0552c35c5ecccb	2018-06-11	Small Appliances	MG	Belo Horizonte	849.0	23.52	872.52	On-Time	7.2	5	Potential Loyalists
00d29386638bbfd1331a2cd7ab91b5b5	2017-09-26	Telephony	SP	Assis	20.99	11.85	32.84	On-Time	8.2	5	About To Sleep
00d4439957b7fd3f8da4a33a965817fb	2017-04-19	Pet Shop	PR	Balsa Nova	19.45	14.52	33.97	On-Time	14.1	5	Lost / Hibernating
00d50baf1bc56a3c59de1810a6b84b0d	2017-05-23	Costruction Tools Garden	MG	Belo Horizonte	59.9	34.22	94.12	Delayed	35.6	3	Lost / Hibernating
00d50baf1bc56a3c59de1810a6b84b0d	2017-05-23	Costruction Tools Garden	MG	Belo Horizonte	59.9	34.22	94.12	Delayed	35.6	3	Lost / Hibernating
00d5fac7792747fba4b528f23930bebd	2018-03-06	Sports Leisure	SP	Sao Paulo	64.9	15.33	80.23	On-Time	8.4	5	Promising Recent
00d831d5c3ea03b7cd6f883ad799c7e4	2018-03-12	Health Beauty	SP	Sao Paulo	128.9	9.26	138.16	On-Time	4.5	5	Potential Loyalists
00d85bfe0e28c91b69d0fe1f29255a31	2018-05-09	Furniture Decor	SP	Barueri	189.9	13.77	203.67	On-Time	7.1	5	Potential Loyalists
00d88c00221ce96a1cfcaca9f2fceb3b	2018-03-06	Furniture Decor	RJ	Volta Redonda	250.0	97.56	347.56	Delayed	21.7	4	Potential Loyalists
00d8d65b666158b633f96054d31af43b	2017-10-13	Cool Stuff	GO	Anapolis	94.9	35.98	130.88	Delayed	25.0	3	About To Sleep
00d94e8901b75ee0d6ef1f87f947b666	2017-05-01	Computers Accessories	AL	Arapiraca	27.9	20.8	48.7	On-Time	21.7	4	At Risk
00d94e8901b75ee0d6ef1f87f947b666	2017-05-01	Computers Accessories	AL	Arapiraca	27.9	20.8	48.7	On-Time	21.7	4	At Risk
00d9ac423c9ad6781c0ed04e87666691	2017-10-03	Health Beauty	PI	Teresina	349.9	29.3	379.2	On-Time	21.5	5	Customers Needing Attention
00dc6ad47477b3b62d3c0acbe98a82a4	2018-02-24	Art	PE	Caruaru	110.99	33.23	144.22	On-Time	19.1	5	Potential Loyalists
00df27e666004db9f14bce766fa5327c	2017-11-18	Watches Gifts	SP	Sao Paulo	190.83	12.84	203.67	On-Time	5.4	5	About To Sleep
00dfb074b5c910fbd08e04691c4b712f	2017-06-08	Garden Tools	SP	Suzano	99.5	35.07	134.57	On-Time	6.6	5	Lost / Hibernating
00e054d0da011d5016f31011af488f4f	2018-03-11	Sports Leisure	SP	Barueri	104.0	14.82	118.82	Delayed	57.8	4	Potential Loyalists
00e0bac9f6306d8269770acf4ee4b027	2018-03-04	Computers Accessories	RS	Santa Maria	79.0	15.3	94.3	On-Time	22.1	3	Promising Recent
00e1426d4c79f2e022570012c1ff57ed	2018-03-22	Health Beauty	MG	Ribeirao Das Neves	61.99	24.56	86.55	On-Time	13.8	4	Promising Recent
00e1bdb3f1388c8ed222597ee4fa01e7	2017-05-15	Musical Instruments	RS	Cachoeirinha	419.9	17.69	437.59	On-Time	8.3	1	Lost / Hibernating
00e32e413e017e64ff93a9e800b8e1be	2018-04-30	Furniture Decor	SP	Sao Paulo	299.0	23.17	322.17	On-Time	7.2	5	Potential Loyalists
00e365f4fc03d1098841af23d05c17a6	2018-08-20	Watches Gifts	PR	Cascavel	175.0	19.33	194.33	On-Time	9.4	5	Potential Loyalists
00e4050fe32e786290a29c61141e979f	2017-08-12	Fashion Bags Accessories	MG	Contagem	49.9	14.1	64.0	On-Time	12.3	5	Lost / Hibernating
00e5b655df1cc911466758210325c67c	2017-07-07	Toys	MG	Pouso Alegre	44.9	11.85	56.75	On-Time	11.2	5	Lost / Hibernating
00e5b655df1cc911466758210325c67c	2017-07-07	Toys	MG	Pouso Alegre	44.9	11.85	56.75	On-Time	11.2	5	Lost / Hibernating
00e63486fad9d24645c9c84ed77c15fa	2018-08-14	Telephony	RJ	Rio De Janeiro	38.95	15.37	54.32	On-Time	6.5	5	New Customers
00e6786fee8f476835c151a4d3fa9bf1	2018-03-10	Unknown	RS	Porto Alegre	159.77	16.0	175.77	On-Time	11.9	5	Potential Loyalists
00e6bc6b166eb28b4502c1cad4457248	2018-07-01	Watches Gifts	SP	Osasco	132.9	19.03	151.93	On-Time	3.8	5	Potential Loyalists
00e7aeced1d61792368ec7bf8b967a90	2017-04-13	Health Beauty	BA	Salvador	36.85	21.85	58.7	On-Time	21.7	4	Lost / Hibernating
00e7ee1b050b8499577073aeb2a297a1	2017-05-16	Office Furniture	SP	Franca	124.99	21.88	146.87	On-Time	8.8	4	Lost / Hibernating
00ea33f994bec0bbfda582074083ae12	2018-06-23	Telephony	SP	Lins	94.99	13.33	108.32	On-Time	7.5	1	Potential Loyalists
00ea690fe8c5eba029a3884243a02352	2017-11-25	Furniture Decor	GO	Joviania	32.99	16.11	49.1	On-Time	23.6	5	Customers Needing Attention
00eb7b95af5ed25aaec66d4ff5295846	2018-01-04	Perfumery	MG	Dores Do Indaia	89.9	17.07	106.97	On-Time	10.9	4	About To Sleep
00ec95a58b63378d4cc06d196cdefdf6	2017-12-24	Computers Accessories	SP	Sao Paulo	173.0	14.96	187.96	On-Time	10.1	1	About To Sleep
00ed64bc080d87b4ab7f0c433bc5e98f	2017-05-30	Unknown	RJ	Rio De Janeiro	44.9	16.11	61.01	On-Time	7.8	5	At Risk
00eead1d5a799277ef3d6b387b0bebef	2018-08-27	Consoles Games	SP	Andradina	85.0	13.26	98.26	On-Time	3.1	5	New Customers
00eef7fe9e315a85d1a61a50cccb2494	2018-02-11	Garden Tools	SP	Francisco Morato	49.9	13.37	63.27	On-Time	13.2	5	Promising Recent
00ef7ed06a55243f3e6a9d373a89eb14	2018-01-12	Toys	AM	Manaus	54.99	21.18	76.17	On-Time	34.1	4	About To Sleep
00efb72d8e18533f736e86770705d094	2018-06-04	Health Beauty	DF	Brasilia	66.99	22.97	89.96	On-Time	9.0	4	New Customers
00f1a34f176151c4dcbd802c244e1072	2018-08-16	Bed Bath Table	SP	Sao Paulo	69.99	14.8	84.79	On-Time	5.9	5	New Customers
00f1bb0af030935db1745ee28367ea26	2018-08-06	Watches Gifts	ES	Cachoeiro De Itapemirim	268.9	19.98	288.88	On-Time	11.6	1	Potential Loyalists
00f1c7c1542f5f86c3091749d9e939d8	2017-12-15	Perfumery	MG	Para De Minas	84.99	16.35	101.34	On-Time	10.8	5	Customers Needing Attention
00f1cc7439ccb8671133776d1829faf5	2017-11-22	Toys	SP	Rio Claro	34.99	9.34	44.33	On-Time	8.9	4	About To Sleep
00f1cc7439ccb8671133776d1829faf5	2017-11-22	Toys	SP	Rio Claro	34.99	9.34	44.33	On-Time	8.9	4	About To Sleep
00f1cc7439ccb8671133776d1829faf5	2017-11-22	Toys	SP	Rio Claro	34.99	9.34	44.33	On-Time	8.9	4	About To Sleep
00f1cc7439ccb8671133776d1829faf5	2017-11-22	Toys	SP	Rio Claro	34.99	9.34	44.33	On-Time	8.9	4	About To Sleep
00f251b943aba645652c7138e4716fee	2018-08-13	Home Confort	RS	Porto Alegre	77.9	23.35	101.25	On-Time	7.3	5	New Customers
00f2a3509bd600bd1a06a48353788d93	2018-02-25	Home Appliances	SP	Sao Paulo	38.4	9.27	47.67	On-Time	4.2	5	Promising Recent
00f2c876aa08fbba04199823952e96c1	2017-04-06	Housewares	RJ	Rio De Janeiro	69.0	17.22	86.22	On-Time	12.2	3	Lost / Hibernating
00f324f6ec332cd73ef8be4888573662	2017-06-29	Bed Bath Table	SP	Atibaia	134.9	21.43	156.33	On-Time	17.9	4	Lost / Hibernating
00f33ee62c15223679d3550e751c37cd	2017-11-25	Bed Bath Table	DF	Brasilia	39.5	15.11	54.61	Delayed	23.1	5	About To Sleep
00f426c7214575822c3cb44ea59ef0f6	2018-07-13	Auto	PB	Mari	71.0	23.65	94.65	On-Time	12.5	5	New Customers
00f57f2ccce2a2e3f393fe8f5e616e0d	2018-07-08	Home Construction	RJ	Teresopolis	225.0	60.81	285.81	On-Time	7.7	5	Potential Loyalists
00f5fbdc777e8198c1ee008122e28ae3	2017-07-29	Furniture Decor	RS	Santo Antonio Do Planalto	189.0	32.07	221.07	On-Time	11.7	4	Lost / Hibernating
00f621226c6f4e938348f6f3a71fdc62	2018-05-09	Cool Stuff	MG	Passos	199.0	32.79	231.79	On-Time	8.2	5	Potential Loyalists
00f6ac4816d12f49026b09f2aa77d15f	2018-08-06	Furniture Decor	PR	Campo Mourao	35.0	19.44	54.44	On-Time	7.0	3	Potential Loyalists
00f6ac4816d12f49026b09f2aa77d15f	2018-08-06	Furniture Decor	PR	Campo Mourao	35.0	19.44	54.44	On-Time	7.0	3	Potential Loyalists
00f6ac4816d12f49026b09f2aa77d15f	2018-08-06	Furniture Decor	PR	Campo Mourao	35.0	19.44	54.44	On-Time	7.0	3	Potential Loyalists
00f6dbc6195397197ee147ee45607a2c	2017-05-01	Telephony	SP	Jaboticabal	49.9	14.52	64.42	On-Time	15.7	5	Lost / Hibernating
00f7c5b41250e0126ced62d612ff4711	2018-01-11	Sports Leisure	PI	Piripiri	45.0	35.67	80.67	On-Time	12.4	5	About To Sleep
00f86b368251d739f1896d41469b2b7a	2018-08-17	Construction Tools Construction	RS	Passo Fundo	39.97	18.38	58.35	On-Time	10.8	5	Potential Loyalists
00f86b368251d739f1896d41469b2b7a	2018-08-17	Construction Tools Construction	RS	Passo Fundo	39.97	18.38	58.35	On-Time	10.8	5	Potential Loyalists
00f86b368251d739f1896d41469b2b7a	2018-08-17	Construction Tools Construction	RS	Passo Fundo	39.97	18.38	58.35	On-Time	10.8	5	Potential Loyalists
00f8fc0cb9d9b7813f1f54fbd75426f1	2018-01-22	Books General Interest	PR	Mallet	149.0	14.77	163.77	On-Time	10.6	5	Potential Loyalists
00f98eaeddb9debc8df8cb27e08216d4	2017-10-18	Perfumery	SP	Sao Paulo	51.6	9.34	60.94	On-Time	5.0	5	About To Sleep
00f9b0236a85fb8a06fbd9b9c53fddd8	2018-04-22	Health Beauty	SP	Osasco	146.9	19.72	166.62	On-Time	11.4	5	Potential Loyalists
00f9b6769c6648ac08bf43081d1f2b07	2018-05-12	Computers Accessories	SP	Pindamonhangaba	79.9	9.71	89.61	On-Time	13.3	1	New Customers
00faa6afcde74aaa630e1d2fda2bb0f7	2018-08-01	Party Supplies	ES	Sao Gabriel Da Palha	22.5	18.26	40.76	On-Time	9.1	5	New Customers
00fb055886536063afa0dbee07a0944f	2017-05-24	Toys	RJ	Rio De Janeiro	11.9	16.79	28.69	On-Time	8.4	5	Lost / Hibernating
00fb055886536063afa0dbee07a0944f	2017-05-24	Toys	RJ	Rio De Janeiro	11.9	16.79	28.69	On-Time	8.4	5	Lost / Hibernating
00fb278a99144cc1004b3ed1452ff5e1	2017-03-05	Telephony	SP	Ubatuba	19.99	10.96	30.95	On-Time	5.1	3	Lost / Hibernating
00fbcd8b120e5706c58b9d1a0026a7da	2017-11-14	Computers Accessories	SC	Sao Bento Do Sul	7.9	16.11	24.01	On-Time	21.5	5	About To Sleep
00fc308dd7f0937682698becaa9dcc45	2018-08-20	Housewares	MG	Belo Horizonte	85.71	18.4	104.11	On-Time	7.3	5	New Customers
00fcf938cde49ae138942b632ed62393	2018-01-11	Cool Stuff	SC	Faxinal Dos Guedes	29.5	20.84	50.34	On-Time	19.4	5	About To Sleep
00fdb72e467da6f3b000b19b368a6cf6	2017-10-24	Housewares	MG	Governador Valadares	18.25	17.6	35.85	On-Time	7.0	5	About To Sleep
00fe20fc069833ab95021b46d6862646	2018-04-25	Watches Gifts	RJ	Rio De Janeiro	142.0	8.02	150.02	On-Time	1.9	5	Potential Loyalists
00fed9e582d5a3e38566872eec164ac6	2017-09-26	Bed Bath Table	RJ	Santo Antonio De Padua	179.99	26.1	206.09	On-Time	13.0	5	Customers Needing Attention
00fed9e582d5a3e38566872eec164ac6	2017-09-26	Bed Bath Table	RJ	Santo Antonio De Padua	179.99	26.1	206.09	On-Time	13.0	5	Customers Needing Attention
00ff0cf5583758e6964723e42f111bf4	2017-04-10	Health Beauty	SC	Florianopolis	154.9	15.25	170.15	On-Time		1	Champions
010061e3aa0c6ed5e393dda0652bbee8	2017-11-13	Perfumery	SP	Sao Paulo	299.0	10.29	309.29	On-Time	10.6	4	Loyal Customers
01006620eb4732deec44be4b0d9e33cd	2017-10-14	Bed Bath Table	RJ	Rio De Janeiro	126.99	18.14	145.13	On-Time	9.7	5	About To Sleep
010078e0913f48d014483bd856c01ca1	2017-11-26	Bed Bath Table	SP	Sao Paulo	49.89	8.72	58.61	On-Time	9.3	5	About To Sleep
01015fb6493ea5b9ba105c80b5452da1	2018-01-09	Housewares	SP	Sao Paulo	8.0	11.85	19.85	Delayed	27.9	1	About To Sleep
0101aea69a09e1aa32caa6dbaba98503	2018-05-26	Home Confort	RJ	Rio De Janeiro	84.0	10.9	94.9	On-Time	21.3	5	New Customers
01029b44abe6e15c8df48b1b759ab437	2018-06-27	Furniture Decor	SP	Santos	78.0	15.85	93.85	On-Time	7.9	5	New Customers
0103878b7ed86b6ec873cfae01379472	2018-08-16	Bed Bath Table	SP	Bonfim Paulista	229.99	35.37	265.36	On-Time	6.9	5	Potential Loyalists
01074135a88ffa5978eaadfc7f482f2b	2018-03-30	Sports Leisure	MG	Montalvania	89.9	26.71	116.61	On-Time	18.3	5	Potential Loyalists
0108c64ec135e4a7a75e9b5102af9bfa	2018-01-29	Housewares	MS	Campo Grande	165.0	28.53	193.53	On-Time	24.4	4	Potential Loyalists
0108fba93678555ad1cec9c267848187	2017-06-04	Sports Leisure	SP	Sao Paulo	199.0	20.12	219.12	On-Time	2.4	5	Lost / Hibernating
01094e169d4b14edaf6954eeddb83633	2017-09-27	Toys	TO	Gurupi	79.9	28.96	108.86	On-Time	20.3	5	Customers Needing Attention
010a35dc7fc3808a03d243d2fd8c6e35	2017-12-16	Unknown	SP	Guarulhos	122.99	9.06	132.05	On-Time	6.0	5	About To Sleep
010ab3b1993057e91f825c672375a66d	2017-02-20	Watches Gifts	RJ	Rio De Janeiro	139.9	15.15	155.05	On-Time	10.2	5	Lost / Hibernating
010b0f6bd323a9effd095a743e660f26	2017-07-18	Telephony	SP	Sao Paulo	27.99	8.72	36.71	On-Time	8.0	5	Lost / Hibernating
010b143d83a59b355cd5a75c0f0fd785	2017-08-30	Agro Industry And Commerce	RO	Ariquemes	22.0	34.15	56.15	On-Time	18.6	5	At Risk
010b143d83a59b355cd5a75c0f0fd785	2017-08-30	Agro Industry And Commerce	RO	Ariquemes	22.0	34.15	56.15	On-Time	18.6	5	At Risk
010b143d83a59b355cd5a75c0f0fd785	2017-08-30	Agro Industry And Commerce	RO	Ariquemes	22.0	34.15	56.15	On-Time	18.6	5	At Risk
010b143d83a59b355cd5a75c0f0fd785	2017-08-30	Agro Industry And Commerce	RO	Ariquemes	22.0	34.15	56.15	On-Time	18.6	5	At Risk
010c995323bc17d8156fbe2c37fed63e	2017-03-25	Electronics	SP	Guapiacu	42.0	14.12	56.12	On-Time	5.6	5	Lost / Hibernating
010d14f76a229c295260e4ca4744acc7	2017-12-01	Electronics	PR	Curitiba	27.9	16.79	44.69	On-Time	16.9	5	About To Sleep
010d15deea8cae96ae86ea8097917a17	2018-04-05	Watches Gifts	CE	Fortaleza	279.9	20.65	300.55	On-Time	12.2	4	Potential Loyalists
010d6db2f77220b394f147836c94f27b	2018-07-11	Consoles Games	RJ	Nova Iguacu	14.9	15.23	30.13	On-Time	9.9	3	New Customers
010e04b5f879320f29a9bd6ca41abc94	2018-02-17	Industry Commerce And Business	SP	Diadema	104.0	15.48	119.48	On-Time	6.1	5	Potential Loyalists
010e7dda85fff564e8b7076ae3928efb	2017-11-27	Garden Tools	MG	Belo Horizonte	49.0	17.67	66.67	On-Time	15.3	1	About To Sleep
010e7dda85fff564e8b7076ae3928efb	2017-11-27	Garden Tools	MG	Belo Horizonte	49.0	17.67	66.67	On-Time	15.3	1	About To Sleep
010ef5b0279d7512e7343cb775e423c0	2018-04-17	Auto	SP	Barueri	59.9	14.51	74.41	On-Time	6.5	4	Promising Recent
010efe60bdadc9261d1902f3c1dda5f3	2018-06-07	Computers Accessories	MG	Entre Rios De Minas	110.0	18.65	128.65	On-Time	8.2	4	Champions
010f223ddbec749e95ef3f5414f9c4ee	2018-06-08	Watches Gifts	DF	Brasilia	79.0	18.43	97.43	On-Time	10.0	5	New Customers
010fadb12341d8253d920362fc8f7a16	2018-02-09	Luggage Accessories	SP	Santana De Parnaiba	39.9	14.1	54.0	On-Time	24.3	4	Promising Recent
010ff1cfe12f3094577e72b7bcecdf98	2017-10-11	Consoles Games	SP	Sao Jose Do Rio Preto	249.0	13.24	262.24	On-Time	7.8	3	About To Sleep
0110688c40ff035d672af3aac1f38f10	2018-02-01	Kitchen Dining Laundry Garden Furniture	RJ	Rio De Janeiro	379.0	79.94	458.94	On-Time	26.4	5	Potential Loyalists
011080783e02d05b26c8c158b3653a42	2018-06-14	Unknown	SP	Guaratingueta	33.9	13.82	47.72	On-Time	8.3	4	New Customers
011105c3b5b8693eda1bfb1f152cec2a	2017-07-31	Auto	PR	Nova Laranjeiras	208.1	43.49	251.59	On-Time	8.0	2	Lost / Hibernating
011108c8a3d6eee6807f48a2e639439f	2017-04-25	Unknown	SP	Ferraz De Vasconcelos	593.36	98.13	691.49	Delayed	23.7	1	Lost / Hibernating
01115c06246220def210911556bdc0e5	2018-03-14	Bed Bath Table	MG	Belo Horizonte	52.5	19.34	71.84	On-Time	19.6	1	Potential Loyalists
01115c06246220def210911556bdc0e5	2018-03-14	Bed Bath Table	MG	Belo Horizonte	52.5	19.34	71.84	On-Time	19.6	1	Potential Loyalists
011331376a4c6cc7a9e5bc165ec169d0	2017-06-23	Health Beauty	SP	Suzano	66.0	78.63	144.63	On-Time	12.0	5	Lost / Hibernating
011375f941b3695c3c3ee58bfe0d3655	2017-09-23	Auto	RJ	Petropolis	127.48	16.81	144.29	On-Time	13.0	5	About To Sleep
0113affd907a209209ab08413bb54226	2018-07-09	Health Beauty	TO	Araguaina	122.99	63.11	186.1	On-Time	21.9	2	Potential Loyalists
0113c9989fe6e5007795daec0633b405	2018-06-25	Sports Leisure	SP	Sao Paulo	49.0	15.44	64.44	On-Time	4.4	4	Potential Loyalists
0113c9989fe6e5007795daec0633b405	2018-06-25	Sports Leisure	SP	Sao Paulo	49.0	15.44	64.44	On-Time	4.4	4	Potential Loyalists
011405ae7b89def8ffb3468eb29c299d	2018-05-04	Auto	SP	Embu-Guacu	29.99	7.87	37.86	On-Time	5.0	4	Promising Recent
01144cadcf64b6427f0a6580a3033220	2018-02-03	Health Beauty	SP	Viradouro	59.9	24.7	84.6	On-Time	11.6	3	Potential Loyalists
01144cadcf64b6427f0a6580a3033220	2018-02-03	Health Beauty	SP	Viradouro	62.0	24.7	86.7	On-Time	11.6	3	Potential Loyalists
0114835d7f0b3f674b70a989411e31c1	2017-08-31	Health Beauty	SP	Sao Paulo	102.0	10.13	112.13	On-Time	4.2	5	Lost / Hibernating
01156b662f3f47b249b5a8881d205f08	2017-09-13	Electronics	RS	Alvorada	27.9	15.1	43.0	On-Time	13.9	5	Lost / Hibernating
0115abf6b892040abfdd5bdfcb6b2c51	2017-04-20	Computers Accessories	SP	Sao Paulo	196.0	11.98	207.98	Delayed	25.0	4	Lost / Hibernating
0115d160c5fbd758a139ff90821db60d	2017-08-29	Construction Tools Construction	MG	Patos De Minas	389.0	22.63	411.63	Delayed	20.1	1	Lost / Hibernating
0115f8bb1dc16d3fac863ce1deb037b6	2017-06-30	Bed Bath Table	SP	Indaiatuba	119.99	16.47	136.46	On-Time	6.9	2	Lost / Hibernating
011667ae100a333a3051c9a23e3f0283	2017-11-29	Telephony	MG	Contagem	27.99	14.1	42.09	On-Time	8.5	5	About To Sleep
011724d1afbd91844302627f79a66800	2018-08-09	Bed Bath Table	SP	Carapicuiba	54.99	14.7	69.69	On-Time	5.8	5	New Customers
0119e98feb97441cb456c010c25b04ff	2018-01-22	Computers Accessories	MG	Belo Horizonte	88.9	16.06	104.96	On-Time	9.2	5	Promising Recent
011a43bc9bb525517251ebb3ebc99b69	2018-04-25	Bed Bath Table	SP	Sao Paulo	899.0	21.2	920.2	On-Time	4.9	5	Potential Loyalists
011a56023faf5bbb9af634e20a85f7bc	2017-05-10	Garden Tools	MG	Montes Claros	120.0	17.28	137.28	On-Time	8.2	5	Lost / Hibernating
011abf147a69ba486bae3a74b6cd1814	2017-05-12	Toys	DF	Brasilia	279.99	16.72	296.71	On-Time	10.0	5	Lost / Hibernating
011af0959ebf2b09a062867811dc63b5	2017-08-06	Housewares	SP	Sao Paulo	59.0	15.16	74.16	On-Time	3.1	1	Lost / Hibernating
011b142c9e082a5c1d10e0a88cd9c8e8	2018-03-23	Perfumery	MA	Sao Luis	243.37	53.83	297.2	On-Time	22.3	5	Potential Loyalists
011b8dd4f8c36fd4fcf50643ce91d58a	2017-07-07	Watches Gifts	SP	Sao Paulo	249.48	16.5	265.98	On-Time	28.0	5	Lost / Hibernating
011bf86f1b7dacebda2c874333cf656b	2018-03-09	Furniture Decor	SC	Camboriu	35.0	19.32	54.32	On-Time	12.1	1	Potential Loyalists
011bf86f1b7dacebda2c874333cf656b	2018-03-09	Furniture Decor	SC	Camboriu	35.0	19.32	54.32	On-Time	12.1	1	Potential Loyalists
011c899816ea29773525bd3322dbb6aa	2018-04-30	Watches Gifts	RJ	Niteroi	99.9	0.0	99.9	On-Time	15.3	2	Promising Recent
011e6e76dd0cd56d26b5b0cb036e80a8	2018-04-08	Computers Accessories	SP	Sao Jose Dos Campos	14.99	8.29	23.28	On-Time	3.1	5	Promising Recent
011f9dff2545a2cf8ac1809faed3ec88	2017-08-01	Bed Bath Table	MG	Belo Horizonte	109.73	16.53	126.26	On-Time	8.1	2	Lost / Hibernating
011fcb4fabb3e142579ad63472b11227	2018-02-10	Electronics	RJ	Niteroi	9.0	14.1	23.1	Delayed	32.5	2	Promising Recent
0120e3dd2696a3bbb68dc2860815f7f2	2018-03-26	Small Appliances	RJ	Rio De Janeiro	239.0	19.25	258.25	On-Time	15.4	5	Potential Loyalists
01218a8a807fc187849529e6f12237a9	2017-10-22	Computers Accessories	PR	Pinhais	13.99	16.11	30.1	On-Time	9.8	5	About To Sleep
0121cfa7c946e6589f50d7012d3eb5eb	2017-08-30	Baby	SP	Lins	29.99	16.79	46.78	On-Time	7.3	5	Lost / Hibernating
012219b6d6d034eb359fc74730a080db	2018-05-10	Toys	MG	Teofilo Otoni	189.99	27.41	217.4	On-Time	6.8	4	Potential Loyalists
012248555cb0bf51df99199cef81d562	2018-02-01	Watches Gifts	BA	Salvador	55.0	15.83	70.83	On-Time	16.0	5	Promising Recent
0122e81ff800460e44bb9c983ff2a2fd	2018-03-16	Electronics	PR	Curitiba	58.99	15.29	74.28	On-Time	12.2	4	Promising Recent
0123098b96f3d4014545642be53d891c	2017-08-15	Furniture Decor	SP	Cotia	99.9	17.18	117.08	On-Time	14.5	5	Lost / Hibernating
01235dc626dcf13283207ba7f36a959a	2018-07-24	Baby	SP	Sao Paulo	25.99	5.31	31.3	On-Time	13.2	5	New Customers
01235dc626dcf13283207ba7f36a959a	2018-07-24	Baby	SP	Sao Paulo	25.99	9.57	35.56	On-Time	13.2	5	New Customers
01237c761ffb72594a466ed514518af0	2018-07-05	Auto	MG	Belo Horizonte	107.9	18.56	126.46	On-Time	5.0	5	Potential Loyalists
0123a055aa66357326dd6db066592a7d	2018-04-24	Garden Tools	SP	Sao Jose Do Rio Preto	53.9	33.93	87.83	On-Time	6.1	5	Potential Loyalists
0123a055aa66357326dd6db066592a7d	2018-04-24	Garden Tools	SP	Sao Jose Do Rio Preto	53.9	33.93	87.83	On-Time	6.1	5	Potential Loyalists
0124e0c5bfae1979838a91e47df53f14	2018-02-08	Garden Tools	SP	Sao Jose Do Rio Preto	49.9	12.48	62.38	On-Time	7.2	4	Promising Recent
0124f01177fc17cf20e1974621fd759a	2017-05-13	Computers Accessories	SP	Castilho	185.81	17.06	202.87	On-Time	9.0	4	Lost / Hibernating
01255808a3d38a8dd69aa93265a4cb88	2018-01-22	Fashion Bags Accessories	MG	Contagem	501.9	17.26	519.16	On-Time	10.4	1	Potential Loyalists
012670c73246a753cbde0a215c2b9e8f	2018-03-02	Electronics	RJ	Rio De Janeiro	97.9	16.94	114.84	Delayed	41.1	1	Potential Loyalists
0128412231f9fe9d7e944eea5392fc6b	2018-08-22	Sports Leisure	SP	Santo Andre	76.0	18.83	94.83	On-Time	8.2	5	New Customers
012973f4cb6743d00d7e2644ddc8804c	2017-01-27	Food	SP	Sao Paulo	15.32	18.0	33.32	On-Time	9.7	5	Lost / Hibernating
012a238ab54294a3b365812ccc82b135	2017-09-07	Furniture Decor	SP	Campinas	45.9	12.65	58.55	On-Time	12.0	4	Lost / Hibernating
012a238ab54294a3b365812ccc82b135	2017-09-07	Furniture Decor	SP	Campinas	45.9	12.71	58.61	On-Time	12.0	4	Lost / Hibernating
012a238ab54294a3b365812ccc82b135	2017-09-07	Furniture Decor	SP	Campinas	45.9	12.71	58.61	On-Time	12.0	4	Lost / Hibernating
012b3f6ab7776a8ab3443a4ad7bef2e6	2018-05-04	Garden Tools	ES	Cachoeiro De Itapemirim	53.9	0.0	53.9	On-Time	7.7	5	Loyal Customers
012b3f6ab7776a8ab3443a4ad7bef2e6	2018-05-04	Garden Tools	ES	Cachoeiro De Itapemirim	53.9	0.0	53.9	On-Time	7.7	5	Loyal Customers
012bea13f9a355c983efb59a3f23583a	2017-11-24	Telephony	RS	Sao Vendelino	21.99	15.1	37.09	On-Time	21.0	5	About To Sleep
012d8cbea490e6102cee6a2088aaa785	2017-10-19	Luggage Accessories	RS	Sao Gabriel	83.9	28.99	112.89	On-Time	14.9	4	About To Sleep
012dc9e42da722d22e32c618a2521bec	2018-04-04	Luggage Accessories	SP	Hortolandia	49.99	8.88	58.87	On-Time	5.4	3	Promising Recent
012e93f8170eb75b2f2f650629d04517	2018-02-01	Fashion Bags Accessories	ES	Vitoria	50.0	15.1	65.1	On-Time	5.7	5	Promising Recent
012ea594e035047289b3e7c3f8b90cef	2018-05-03	Furniture Decor	SP	Sao Paulo	61.2	11.15	72.35	On-Time	5.7	3	Promising Recent
012eab2625c5f8aaac6f37f2c19ef62f	2017-11-04	Construction Tools Safety	RJ	Rio De Janeiro	81.9	15.32	97.22	On-Time	10.7	5	About To Sleep
012f255bd5034b8e7fb3c91566a91cc8	2017-10-06	Bed Bath Table	SP	Botucatu	79.9	12.9	92.8	On-Time	3.5	5	About To Sleep
012f29911fcd2f1209d937741a6bbc6f	2017-05-16	Unknown	MG	Piumhii	27.99	14.08	42.07	On-Time	5.8	5	Lost / Hibernating
012f2c4ca09b101a73e18957c3294cd6	2017-05-07	Garden Tools	SP	Mogi Das Cruzes	1820.0	81.62	1901.62	On-Time	7.5	5	Lost / Hibernating
013037c3f1773cc8fdbaf8ff54d8013b	2017-03-28	Housewares	SP	Candido Mota	15.99	14.52	30.51	On-Time	6.1	5	Lost / Hibernating
013056cfe49763c6f66bda03396c5ee3	2018-02-14	Sports Leisure	SP	Sao Paulo	240.0	14.7	254.7	On-Time	17.0	4	Loyal Customers
013056cfe49763c6f66bda03396c5ee3	2018-02-14	Sports Leisure	SP	Sao Paulo	240.0	14.7	254.7	On-Time	17.0	5	Loyal Customers
01311f2795d8463a11f9422173687696	2017-10-25	Garden Tools	RJ	Rio De Janeiro	89.99	38.47	128.46	On-Time	13.1	5	About To Sleep
0132158c30672a8c52997a2492613ec2	2017-03-13	Perfumery	RJ	Rio De Janeiro	399.9	13.41	413.31	On-Time	1.4	5	Lost / Hibernating
0132451f29a10b66a5cf1bacc85f9afe	2017-11-08	Bed Bath Table	RJ	Sao Goncalo	89.9	17.88	107.78	On-Time	9.1	5	About To Sleep
0132451f29a10b66a5cf1bacc85f9afe	2017-11-08	Bed Bath Table	RJ	Sao Goncalo	89.9	17.88	107.78	On-Time	9.1	5	About To Sleep
0132d77609dd6e1867515ec57d898c10	2017-09-27	Furniture Decor	MA	Sao Luis	78.0	21.35	99.35	On-Time	12.7	4	About To Sleep
0132f39e8ad9b42ad2d41c847f44c0ed	2018-07-05	Health Beauty	SP	Sao Paulo	28.8	8.36	37.16	On-Time	1.3	5	New Customers
0132fef017ccf586491ca3685de667df	2018-06-06	Computers Accessories	SP	Santa Barbara D'Oeste	67.99	8.88	76.87	On-Time	1.4	5	New Customers
01336d091c57d8be1feca330c5f047bd	2017-06-19	Sports Leisure	MG	Belo Horizonte	65.0	25.73	90.73	On-Time	7.9	4	Lost / Hibernating
0133a47b53fee66218790a8d7dcab993	2018-04-20	Cool Stuff	RS	Porto Alegre	89.99	18.21	108.2	On-Time	12.0	3	Potential Loyalists
0135675503322d804abef7ec5ed4824b	2017-10-22	Health Beauty	RS	Morro Reuter	104.99	17.98	122.97	On-Time	8.0	5	About To Sleep
01358622f65717728b3b2ec2cf4e8812	2017-10-28	Perfumery	SP	Sao Paulo	13.99	7.78	21.77	On-Time	2.8	3	About To Sleep
0136390286be8a34efdc801ed150568f	2017-07-16	Auto	SP	Sao Caetano Do Sul	3.49	16.79	20.28	On-Time	8.0	5	Champions
0136390286be8a34efdc801ed150568f	2017-07-16	Auto	SP	Sao Caetano Do Sul	3.49	16.79	20.28	On-Time	8.0	5	Champions
0136bcc7370d7fdf44bd916a6dd583c6	2018-05-20	Toys	SP	Sao Paulo	29.99	16.32	46.31	Delayed	17.0	3	New Customers
01380d0df5b7dc8bd13f2266a57bd42c	2017-04-17	Garden Tools	SP	Piracicaba	16.9	10.96	27.86	On-Time	3.7	5	Lost / Hibernating
013a98b3a668bcef05b98898177f6923	2018-08-11	Bed Bath Table	RJ	Mendes	63.0	23.35	86.35	On-Time	5.6	3	Potential Loyalists
013a98b3a668bcef05b98898177f6923	2018-08-11	Bed Bath Table	RJ	Mendes	89.0	23.35	112.35	On-Time	5.6	3	Potential Loyalists
013aa6ba5077072401773f83f1ee6408	2018-07-25	Health Beauty	SC	Joinville	159.0	19.21	178.21	On-Time	21.3	2	Potential Loyalists
013b811ba81339b7634ab5231c547e6a	2017-10-24	Toys	MG	Contagem	99.99	16.95	116.94	On-Time	8.0	4	About To Sleep
013bc5ce14f856d31efc8bebdc3a278f	2017-02-06	Health Beauty	SP	Sao Paulo	23.89	8.72	32.61	On-Time	7.6	5	Lost / Hibernating
013bc77d3ca5fba084a241fdcb307393	2018-01-17	Bed Bath Table	RS	Porto Alegre	21.99	15.1	37.09	Delayed	54.7	1	About To Sleep
013d92e415d1de7bf3b3b706f1b6d292	2018-01-25	Cool Stuff	SC	Sao Francisco Do Sul	188.0	16.07	204.07	On-Time	26.3	5	Potential Loyalists
013e9c654a339d80b53513da3c1ea437	2017-06-18	Housewares	SP	Arandu	109.9	13.11	123.01	On-Time		1	New Customers
01405161cfdf60dd80df1f393a2796d5	2018-08-09	Bed Bath Table	SP	Sao Paulo	59.9	14.73	74.63	On-Time	10.6	3	New Customers
014176e9538672a32d2a9b73bf53a31f	2017-12-01	Toys	MG	Ouro Fino	139.9	16.74	156.64	On-Time	18.3	4	About To Sleep
01422b2c3c27fa3bc464e72eaed9676b	2018-04-09	Auto	RJ	Macae	28.49	18.23	46.72	On-Time	9.6	5	Promising Recent
01428962dce3b65e5433eaeb16c0f48f	2017-07-13	Computers Accessories	RS	Passo Fundo	154.91	46.67	201.58	On-Time	18.2	5	Lost / Hibernating
01428962dce3b65e5433eaeb16c0f48f	2017-07-13	Computers Accessories	RS	Passo Fundo	154.91	46.67	201.58	On-Time	18.2	5	Lost / Hibernating
0143924743f240e1fdcd6a8918fbe147	2017-07-18	Cool Stuff	SP	Guarulhos	99.99	11.9	111.89	On-Time	3.2	5	Lost / Hibernating
014405982914c2cde2796ddcf0b8703d	2017-07-26	Perfumery	RJ	Mesquita	27.9	3.81	31.71	On-Time	4.9	5	Lost / Hibernating
014405982914c2cde2796ddcf0b8703d	2017-07-26	Sports Leisure	RJ	Mesquita	21.33	25.39	46.72	On-Time	4.9	5	Lost / Hibernating
01442602b15d4127a84ca6ac1507ee2d	2018-07-29	Watches Gifts	ES	Vila Velha	504.0	19.72	523.72	On-Time	8.2	4	Potential Loyalists
01443cd06ea8bce82c554a46f307459f	2018-01-03	Bed Bath Table	RJ	Rio De Janeiro	25.0	14.1	39.1	On-Time		1	Loyal Customers
014872cb0c4fc7695c70484966baa65c	2018-03-09	Housewares	MG	Belo Horizonte	54.9	23.31	78.21	On-Time	7.1	5	Potential Loyalists
014872cb0c4fc7695c70484966baa65c	2018-03-09	Housewares	MG	Belo Horizonte	54.9	23.31	78.21	On-Time	7.1	5	Potential Loyalists
014872cb0c4fc7695c70484966baa65c	2018-03-09	Housewares	MG	Belo Horizonte	54.9	23.31	78.21	On-Time	7.1	5	Potential Loyalists
014872cb0c4fc7695c70484966baa65c	2018-03-09	Housewares	MG	Belo Horizonte	54.9	23.31	78.21	On-Time	7.1	5	Potential Loyalists
0148d3df00cebda592d4e5f966e300cc	2017-08-19	Housewares	SP	Sao Paulo	5.53	11.85	17.38	On-Time		1	New Customers
0148d3df00cebda592d4e5f966e300cc	2017-08-19	Housewares	SP	Sao Paulo	5.53	11.85	17.38	On-Time		1	New Customers
0148d3df00cebda592d4e5f966e300cc	2017-08-19	Housewares	SP	Sao Paulo	5.53	11.85	17.38	On-Time		1	New Customers
0148d3df00cebda592d4e5f966e300cc	2017-08-19	Housewares	SP	Sao Paulo	5.53	11.85	17.38	On-Time		1	New Customers
0148d3df00cebda592d4e5f966e300cc	2017-08-19	Housewares	SP	Sao Paulo	5.53	11.85	17.38	On-Time		1	New Customers
01490a4bdacbafe6de009b317a0c8bf6	2018-06-12	Bed Bath Table	RJ	Niteroi	127.45	23.69	151.14	On-Time	9.4	5	Champions
0149c597dcc0963d7315f904495b631c	2018-04-26	Home Appliances	SP	Embu-Guacu	29.0	8.88	37.88	On-Time	4.7	4	Promising Recent
014a0793ab3d930d6f3b206cee474af4	2018-06-24	Computers Accessories	RJ	Rio De Janeiro	19.9	18.24	38.14	On-Time	2.6	5	New Customers
014ac3cfd0e55bdc2cdd12aa181b00cb	2018-08-05	Baby	SP	Sao Paulo	135.0	23.75	158.75	On-Time	8.5	4	Potential Loyalists
014bd8ca0827935402ac39f2751b2fcd	2018-05-09	Perfumery	SP	Sao Paulo	119.9	15.72	135.62	On-Time	7.3	2	Champions
014e36af18c280a94d880a16b2f00713	2017-11-01	Computers Accessories	MG	Uberaba	30.0	12.69	42.69	On-Time	8.1	5	Loyal Customers
014e36af18c280a94d880a16b2f00713	2017-11-01	Computers Accessories	MG	Uberaba	30.0	12.69	42.69	On-Time	8.1	5	Loyal Customers
014e78d1239f19fdcafd760d3e52f923	2018-01-26	Electronics	RS	Porto Alegre	14.4	14.1	28.5	Delayed	41.5	1	Promising Recent
014e7d12255fc66b5ea5e6c93eb4be7b	2018-01-26	Bed Bath Table	RJ	Rio De Janeiro	79.99	14.31	94.3	On-Time	21.3	4	Promising Recent
014f1e63f9bd4f5578edcf4e5c305a0a	2017-04-09	Computers Accessories	MG	Lagoa Santa	129.9	18.34	148.24	On-Time	7.6	5	Lost / Hibernating
014fc889637133d9075190ba873dfc03	2018-01-18	Telephony	SP	Sao Paulo	37.99	7.78	45.77	On-Time	6.1	1	About To Sleep
014ffbfe2df4c96a2b063d084583978f	2017-11-23	Watches Gifts	SP	Barueri	79.0	15.3	94.3	On-Time	13.9	2	About To Sleep
0150004d4d8eb63f9948de164da34e34	2018-05-15	Stationery	SP	Sao Paulo	219.9	20.51	240.41	On-Time	8.1	5	Potential Loyalists
01500f2503fa84279982d9d87750021a	2017-09-09	Watches Gifts	SP	Campinas	19.9	12.69	32.59	On-Time	5.1	5	Lost / Hibernating
015183dcb37f19e0456905fa5aac0b69	2017-03-06	Auto	SP	Sao Paulo	169.0	20.09	189.09	On-Time	3.2	5	Lost / Hibernating
015183dcb37f19e0456905fa5aac0b69	2017-03-06	Auto	SP	Sao Paulo	147.9	16.71	164.61	On-Time	3.2	5	Lost / Hibernating
0152de20f6e09fb1133847df8babd490	2018-08-07	Telephony	SP	Sao Paulo	211.05	14.14	225.19	On-Time	6.9	4	Potential Loyalists
0152f10d04554388634b75f079f069fc	2017-09-17	Cool Stuff	SP	Sao Paulo	610.0	37.54	647.54	On-Time	5.5	5	About To Sleep
015975a1ff4fdab8ae6f42eaaffd39fb	2018-01-09	Stationery	AL	Piacabucu	129.0	38.45	167.45	On-Time	23.9	5	Champions
0159b449009b3f8748ed7c56e9d84afe	2017-12-26	Health Beauty	SP	Guarulhos	16.0	7.78	23.78	On-Time	2.0	5	About To Sleep
0159c6355a4e32f6ac68d838e2228150	2018-06-15	Kitchen Dining Laundry Garden Furniture	SP	Santana De Parnaiba	189.0	53.11	242.11	On-Time	4.4	4	Potential Loyalists
015a7c64361928a0782ec0e705174b6d	2018-06-17	Telephony	RS	Liberato Salzano	12.99	18.23	31.22	On-Time	11.6	5	New Customers
015dd4d6681d1d15c0afebef64a0a092	2017-11-07	Baby	SP	Sao Paulo	109.9	11.97	121.87	On-Time	1.9	3	About To Sleep
015e051dbb2407d4bd305635e46b732f	2018-07-30	Watches Gifts	DF	Brasilia	29.0	15.3	44.3	On-Time	7.0	4	New Customers
015e6682b50c824bfdab6b866f937936	2018-01-23	Cool Stuff	SP	Sao Paulo	159.9	8.37	168.27	On-Time	11.1	5	Potential Loyalists
015ed18d7ea7ca5c14f3c1decc55daf1	2018-05-24	Bed Bath Table	SP	Sao Paulo	59.9	9.26	69.16	On-Time	4.0	5	New Customers
015f079801c424fda3edc48be99267de	2017-04-06	Perfumery	CE	Hidrolandia	292.9	26.54	319.44	On-Time	13.7	1	Lost / Hibernating
015fb6b5f739788434fa690540f90f19	2017-01-31	Office Furniture	RS	Sapucaia Do Sul	143.0	94.98	237.98	On-Time		1	Lost / Hibernating
015fb6b5f739788434fa690540f90f19	2017-01-31	Office Furniture	RS	Sapucaia Do Sul	143.0	94.98	237.98	On-Time		1	Lost / Hibernating
01614e3e58906ab6c7e2f27e9b349f1a	2017-10-02	Housewares	SP	Santos	52.9	9.09	61.99	On-Time	4.0	4	About To Sleep
0161962c6c561d3acfaa3e2db9a14f96	2017-09-12	Furniture Decor	SP	Birigui	99.9	25.54	125.44	On-Time	8.2	5	Lost / Hibernating
01625f404436eb3cb98cba1e9433db29	2017-06-08	Telephony	PB	Joao Pessoa	49.0	34.15	83.15	On-Time	11.4	2	Lost / Hibernating
01633cfec0376ac9f2606e271ede5574	2017-02-23	Furniture Decor	BA	Coribe	99.9	24.9	124.8	On-Time	20.9	3	Lost / Hibernating
01643942766bdec224d5593041f714e6	2017-08-05	Computers Accessories	DF	Brasilia	32.5	15.1	47.6	On-Time	17.8	1	Lost / Hibernating
016495aaab3fb481dc9decab2b4fdbfb	2017-11-19	Books General Interest	SP	Hortolandia	15.0	7.78	22.78	On-Time	3.0	5	About To Sleep
01667048de265bad400b945f29b52526	2017-07-01	Home Confort	MG	Coronel Fabriciano	230.0	16.36	246.36	On-Time	16.2	5	Lost / Hibernating
0166ae6ff6d450bbac3eb4ed2885c0f8	2018-06-21	Furniture Decor	SP	Sao Paulo	79.99	9.76	89.75	On-Time	2.0	5	New Customers
0166cc8756d58b4a30fb49de83527120	2018-02-08	Telephony	SP	Jundiai	29.99	7.78	37.77	On-Time		1	New Customers
016726239765c18f66826453f39c64e3	2017-06-14	Bed Bath Table	SP	Sao Paulo	219.99	15.14	235.13	On-Time	2.0	5	Lost / Hibernating
016754282c7690ebd6658f9f8e0a49bb	2017-06-06	Health Beauty	SP	Sao Paulo	59.99	7.78	67.77	On-Time	1.9	4	Lost / Hibernating
01677846a819fff5fc22d43d61e58367	2018-05-03	Sports Leisure	RJ	Rio De Janeiro	120.0	7.87	127.87	On-Time	6.6	5	Loyal Customers
0167c361757c75999575cfdd8f8695f5	2018-03-15	Bed Bath Table	RJ	Rio De Janeiro	139.0	23.55	162.55	On-Time	26.0	4	Potential Loyalists
0168a7f186c1f066748d15d8c51f489a	2017-05-13	Housewares	SP	Suzano	149.9	8.3	158.2	On-Time	4.7	4	Lost / Hibernating
01699d74ff89d35f15093f83d7783c39	2018-04-18	Pet Shop	MG	Juiz De Fora	139.0	22.68	161.68	On-Time	16.9	5	Potential Loyalists
016a6dbc80aea6e2d217d2bedbc7b59e	2017-04-13	Cool Stuff	SP	Guaruja	99.99	12.09	112.08	On-Time	6.5	3	Lost / Hibernating
016a938f2b34aa5ef05027fc83f5b81b	2018-01-23	Small Appliances	RJ	Rio De Janeiro	299.0	22.58	321.58	On-Time	6.7	5	Potential Loyalists
016a938f2b34aa5ef05027fc83f5b81b	2018-01-23	Small Appliances	RJ	Rio De Janeiro	299.0	22.58	321.58	On-Time	6.7	5	Potential Loyalists
016b1af508245e59ef75d83e3fe20a92	2017-04-06	Cool Stuff	PR	Roncador	129.99	17.65	147.64	On-Time	12.8	5	Lost / Hibernating
016b451bbcd4f0766dcbeb082cfe89db	2018-01-09	Kitchen Dining Laundry Garden Furniture	RS	Porto Alegre	379.0	36.96	415.96	On-Time	10.5	4	About To Sleep
016befe103ce7c9e5b1b7ef359777eea	2017-09-03	Watches Gifts	SP	Sao Bento Do Sapucai	49.0	11.85	60.85	On-Time	8.2	5	Lost / Hibernating
016c6bb57a9de6b4e8f938fa6dde61b3	2017-11-27	Stationery	RS	Frederico Westphalen	129.9	16.67	146.57	On-Time	8.5	5	About To Sleep
016d1bdf6efab4f6b805df1c03043113	2017-10-04	Computers Accessories	MA	Sao Luis	36.9	34.15	71.05	Delayed	57.9	1	About To Sleep
016dee69b3de35a39bfccee5309307c3	2017-01-14	Furniture Decor	MG	Passos	45.0	17.19	62.19	On-Time	12.0	5	Lost / Hibernating
016e4acfc34b9f2abc69795f47c92f0e	2017-09-15	Telephony	SP	Sao Paulo	45.0	7.78	52.78	On-Time	3.3	5	About To Sleep
016f868b096c236312e8bcb818ccd11d	2018-01-27	Cool Stuff	SP	Mogi Mirim	29.99	7.78	37.77	On-Time	5.1	3	Promising Recent
016fbc333d66b414be541c6159576c40	2018-05-30	Sports Leisure	RJ	Rio De Janeiro	84.9	18.52	103.42	On-Time	12.1	5	New Customers
016ff85737c2072ab00a705cd8f87799	2018-01-02	Furniture Decor	DF	Brasilia	75.0	20.02	95.02	On-Time	8.3	5	About To Sleep
0170e40334131d971605ae70efb33e4f	2018-07-18	Computers Accessories	SC	Ipora Do Oeste	19.0	18.23	37.23	On-Time	9.4	5	New Customers
0170fdd7ac7c7bbad5308207bd25a679	2017-07-04	Fixed Telephony	SP	Cotia	34.99	7.78	42.77	On-Time	6.0	4	Lost / Hibernating
0171835bbc71bcfacc26e9f59d56b62c	2017-06-24	Housewares	RJ	Rio De Janeiro	59.9	21.26	81.16	On-Time	9.2	5	Lost / Hibernating
01719300f9ca182b8361556a3873d8ed	2017-08-28	Bed Bath Table	RS	Feliz	85.9	17.85	103.75	On-Time	7.4	3	Lost / Hibernating
0171ca1dc94d8ebde8bbd3b686f44c41	2018-04-27	Furniture Decor	SP	Sao Paulo	64.9	19.42	84.32	On-Time	14.7	4	Promising Recent
01721e0729fcb75ab238248fdbb48eeb	2018-03-19	Watches Gifts	SC	Sao Jose	219.0	24.11	243.11	On-Time	21.1	3	Potential Loyalists
01725657be56c432d5aaa2f914ae2c56	2017-10-17	Housewares	RJ	Rio De Janeiro	138.0	25.81	163.81	On-Time	7.5	5	About To Sleep
0173932ad60ecb31c620fc523d9f40bd	2017-10-17	Housewares	RJ	Vassouras	30.9	15.1	46.0	On-Time	8.1	5	About To Sleep
0173e291db71c3e688829f7f03e2d34a	2017-07-07	Computers Accessories	SC	Itapema	31.9	16.79	48.69	On-Time	8.5	5	Lost / Hibernating
017499de14d22ef9e9a83ca54727480e	2017-07-11	Housewares	SC	Curitibanos	71.0	10.7	81.7	On-Time	8.1	3	Lost / Hibernating
017499de14d22ef9e9a83ca54727480e	2017-07-11	Housewares	SC	Curitibanos	101.0	26.75	127.75	On-Time	8.1	3	Lost / Hibernating
0176a6846bcb3b0d3aa3116a9a768597	2017-12-25	Sports Leisure	SP	Sao Paulo	45.9	7.78	53.68	On-Time	4.4	5	Customers Needing Attention
0176a6846bcb3b0d3aa3116a9a768597	2017-12-25	Sports Leisure	SP	Sao Paulo	45.9	7.78	53.68	On-Time	4.4	5	Customers Needing Attention
0176d7e16d1bd14cde42d9d3a24e525b	2017-08-15	Computers Accessories	SP	Cruzeiro	35.0	16.11	51.11	On-Time	8.9	5	Lost / Hibernating
0176d7e16d1bd14cde42d9d3a24e525b	2017-08-15	Computers Accessories	SP	Cruzeiro	35.0	16.11	51.11	On-Time	8.9	5	Lost / Hibernating
0176e50f3853fa068127afa3daff6402	2017-12-14	Bed Bath Table	RS	Frederico Westphalen	59.9	15.17	75.07	On-Time	15.0	2	About To Sleep
01786fff06f2f7e8a83950c4b3b424ea	2017-12-16	Computers Accessories	SP	Campinas	59.9	9.34	69.24	On-Time	13.4	5	About To Sleep
01787af385123b93ba50c5f05530ee12	2018-05-15	Cine Photo	SP	Sao Paulo	49.8	7.39	57.19	On-Time	1.9	5	Champions
01787af385123b93ba50c5f05530ee12	2018-05-15	Cine Photo	SP	Sao Paulo	49.8	7.39	57.19	On-Time	1.9	5	Champions
0178ff2480e2e8fb84d456dd3dc3d777	2018-03-25	Health Beauty	SP	Sao Paulo	7.5	7.39	14.89	On-Time	3.3	5	Promising Recent
0178ff2480e2e8fb84d456dd3dc3d777	2018-03-25	Health Beauty	SP	Sao Paulo	7.5	7.39	14.89	On-Time	3.3	5	Promising Recent
0179a3003c894f1dd3b1ddda5d1f8a12	2017-05-23	Home Confort	MG	Aguas Formosas	89.9	15.33	105.23	On-Time	14.9	5	Lost / Hibernating
0179a3003c894f1dd3b1ddda5d1f8a12	2017-05-23	Home Confort	MG	Aguas Formosas	76.9	15.34	92.24	On-Time	14.9	5	Lost / Hibernating
017b11be3048fdfb58e63edc5fc8f4b8	2018-06-14	Computers Accessories	GO	Goiania	24.99	15.28	40.27	On-Time	10.8	4	New Customers
017b1d6881222283afdc50baf3dcb0d5	2018-03-06	Furniture Decor	SP	General Salgado	69.9	17.4	87.3	Delayed	16.9	4	Promising Recent
017b84f6bee0e4287eb8a8c9f5df549e	2018-02-14	Telephony	PB	Cuite	29.99	34.15	64.14	On-Time	21.0	1	Promising Recent
017c16deefc1868a33a5966485ea4721	2017-11-18	Health Beauty	RS	Porto Alegre	234.9	16.39	251.29	On-Time	13.1	5	About To Sleep
017c9c82265e832840e4209750680e94	2018-03-05	Air Conditioning	RJ	Macae	159.9	25.96	185.86	On-Time		1	Potential Loyalists
017cf0b342401318dcaeb25478e13a6f	2017-12-30	Garden Tools	RJ	Sao Goncalo	49.9	17.6	67.5	On-Time	14.6	5	About To Sleep
017dcb6892d4469a13dee34f241f8c4e	2017-11-12	Bed Bath Table	SP	Sao Paulo	24.9	9.09	33.99	On-Time	9.9	3	About To Sleep
017dcb6892d4469a13dee34f241f8c4e	2017-11-12	Bed Bath Table	SP	Sao Paulo	24.9	9.09	33.99	On-Time	9.9	3	About To Sleep
0180ebc47853bfc5997af28f5a7e8849	2017-03-16	Food	SP	Sao Vicente	162.0	11.74	173.74	On-Time	11.9	5	Lost / Hibernating
0181409c6498f79e161dde79c2a7dc59	2018-08-01	Sports Leisure	RJ	Rio De Janeiro	43.9	18.41	62.31	On-Time	8.2	5	New Customers
01825d0debce07b6502f4aff38a00e69	2018-07-11	Bed Bath Table	BA	Coronel Joao Sa	189.0	23.25	212.25	On-Time	14.0	5	Potential Loyalists
0182f6cbb4fb10918a76485fc92d7c49	2017-11-25	Furniture Decor	SP	Sao Paulo	14.9	15.1	30.0	On-Time	17.8	3	About To Sleep
01835ef41c5ac66dd9ec6084fa1d0533	2017-05-11	Perfumery	RJ	Campos Dos Goytacazes	56.99	15.15	72.14	On-Time	12.0	1	Lost / Hibernating
0184d4ddb259e1a4cfc2871888cf97b8	2017-09-01	Housewares	SP	Araraquara	75.0	16.16	91.16	On-Time	7.8	5	Lost / Hibernating
01855f880aae9a984c7c33b26fcf2e02	2017-10-19	Health Beauty	SP	Sao Paulo	39.49	8.27	47.76	On-Time	5.0	5	About To Sleep
01855f880aae9a984c7c33b26fcf2e02	2017-10-19	Health Beauty	SP	Sao Paulo	39.49	8.27	47.76	On-Time	5.0	5	About To Sleep
018778568fad26695334c784563c08d4	2017-10-15	Cool Stuff	RJ	Niteroi	44.9	15.11	60.01	On-Time	9.3	5	About To Sleep
01882618ede11253381513166b49429e	2018-06-24	Home Appliances	MG	Antonio Carlos	29.9	18.31	48.21	On-Time	5.1	5	New Customers
0188777fe321843a18be24a6e9aa1e53	2017-07-23	Cool Stuff	RJ	Duque De Caxias	55.9	9.94	65.84	On-Time	5.0	5	Lost / Hibernating
0188ca1fe398161f0f310fec985ac155	2018-06-28	Auto	SP	Boituva	66.0	43.4	109.4	On-Time	8.4	5	Potential Loyalists
018bb1508d9156b81990407b91fb35a8	2018-08-15	Sports Leisure	SP	Caieiras	139.9	9.09	148.99	On-Time	9.0	2	Potential Loyalists
018bb1508d9156b81990407b91fb35a8	2018-08-15	Sports Leisure	SP	Caieiras	139.9	29.07	168.97	On-Time	9.0	2	Potential Loyalists
018cb6a10649393055c272ba2984e8bb	2018-04-03	Health Beauty	GO	Rio Verde	56.8	18.28	75.08	On-Time	22.0	5	Loyal Customers
018fb228a3dd1a16349e73d2e41b239d	2018-01-13	Computers Accessories	SP	Sao Paulo	190.9	17.1	208.0	On-Time	12.9	2	About To Sleep
01908071e35fdc75bc0d7764f153abc2	2017-10-25	Fashion Bags Accessories	MA	Sao Luis	89.0	25.65	114.65	On-Time	19.0	5	About To Sleep
0190e75feb05f78ccb1b56853ca4f6cb	2017-11-24	Perfumery	MG	Carmo Do Cajuru	129.9	38.46	168.36	On-Time	11.0	5	About To Sleep
0191b6a5a70bcbc6cdd39427f216602e	2018-08-22	Stationery	RJ	Sao Goncalo	139.9	27.96	167.86	On-Time	5.4	5	Potential Loyalists
0191bbb5166d4b9a68df11797d5acfa9	2017-08-10	Cool Stuff	RS	Sao Leopoldo	132.9	20.17	153.07	On-Time	14.2	5	Lost / Hibernating
0191ee5deb2474bc1f4189fa709289b2	2018-06-16	Auto	SC	Florianopolis	359.98	85.59	445.57	On-Time	10.4	5	Potential Loyalists
0191ee5deb2474bc1f4189fa709289b2	2018-06-16	Auto	SC	Florianopolis	359.98	85.59	445.57	On-Time	10.4	5	Potential Loyalists
0193517cd10a54473b6fd8392b58313f	2018-06-15	Cool Stuff	PE	Terra Nova	209.99	57.94	267.93	On-Time	13.9	5	Potential Loyalists
0193a99edc8c599aaa16f9b9e991efb8	2018-07-29	Books General Interest	SP	Presidente Prudente	154.9	15.39	170.29	On-Time	3.6	5	Champions
019440e41e276668d99d996d5d1a22c1	2018-06-12	Computers Accessories	SP	Areias	44.0	12.97	56.97	On-Time	7.0	4	New Customers
0194686a55eb0a869321fb107f4d114a	2018-05-22	Computers Accessories	MG	Itabira	195.0	14.49	209.49	On-Time	13.2	5	Potential Loyalists
01946da9e2db8bab61d79296c037ee1f	2018-01-06	Electronics	RJ	Rio De Janeiro	97.9	16.94	114.84	On-Time	19.1	5	About To Sleep
019536ad39a0dea8bb75c00359a0386b	2017-09-01	Furniture Decor	PB	Santa Luzia	49.9	35.67	85.57	On-Time	24.9	5	Lost / Hibernating
019543c0de8386be97738b589ee695aa	2018-05-27	Construction Tools Construction	SP	Santo Andre	579.99	16.96	596.95	On-Time	2.1	1	Potential Loyalists
019636907d07b2433be000d9d6bed153	2017-11-16	Bed Bath Table	SP	Embu Das Artes	59.99	12.76	72.75	On-Time	7.3	5	About To Sleep
0197416059c0e56b5344bf2188066317	2018-07-26	Telephony	CE	Maracanau	399.9	21.71	421.61	On-Time		1	New Customers
01978b8bae8292ffb4cee6abdf9b9089	2017-12-08	Perfumery	DF	Brasilia	42.9	15.1	58.0	On-Time	26.3	5	About To Sleep
0197cb265e2c84b9f89dfd784095d2f6	2017-12-21	Furniture Decor	MS	Campo Grande	320.0	58.91	378.91	On-Time	6.8	4	About To Sleep
019886de8f385a39b75bedbb726fd4ef	2018-02-10	Housewares	MS	Campo Grande	159.9	28.5	188.4	On-Time	12.5	5	Potential Loyalists
01988bf5b8acbc4d6ced86e4d47fcb1a	2018-01-02	Computers Accessories	RS	Porto Alegre	133.9	29.34	163.24	On-Time	20.0	5	About To Sleep
0198c71148c2e08c7c52b860f640fa4e	2018-05-08	Sports Leisure	SP	Sao Paulo	148.0	15.13	163.13	On-Time	10.5	4	Potential Loyalists
0198e0de42189b3941d46857a87fac91	2017-11-04	Perfumery	SP	Sao Bernardo Do Campo	56.99	8.72	65.71	On-Time	4.2	5	About To Sleep
0199115a1cbfc272c5bd53117772a64a	2018-03-22	Health Beauty	SP	Sao Paulo	47.65	7.39	55.04	On-Time	6.1	5	Promising Recent
0199edc5b01351df8e73a674aa473ee7	2018-03-26	Computers Accessories	PR	Londrina	93.0	8.0	101.0	On-Time	8.0	5	Promising Recent
019a242bea1553b3b7e12bc38cb57a23	2017-10-29	Toys	RS	Canoas	349.99	18.53	368.52	On-Time	15.4	5	About To Sleep
019aaee09698daf81dcffe9d94a18b5c	2017-08-10	Baby	SP	Campinas	75.9	7.79	83.69	On-Time	1.9	2	Lost / Hibernating
019b02e139cfcd97f93366f7a38f5695	2017-04-02	Luggage Accessories	SP	Mococa	109.9	24.05	133.95	On-Time	5.2	5	Lost / Hibernating
019b8e16e30c8b9ad9bf87e039a27765	2017-07-25	Sports Leisure	SP	Sao Paulo	99.99	13.72	113.71	On-Time	9.9	3	Lost / Hibernating
019bdbaef5b5121c9b1811976aa510a5	2018-05-08	Furniture Decor	SC	Campos Novos	35.0	19.32	54.32	On-Time	10.4	1	Potential Loyalists
019bdbaef5b5121c9b1811976aa510a5	2018-05-08	Furniture Decor	SC	Campos Novos	35.0	19.32	54.32	On-Time	10.4	1	Potential Loyalists
019c4b64cf3d733807ef5bc8bcf6d123	2017-10-16	Watches Gifts	MG	Belo Horizonte	249.99	18.0	267.99	On-Time	7.3	5	About To Sleep
019ccfeea1ea9afbebdad57d65f2e36f	2017-11-27	Fashion Underwear Beach	RJ	Rio Claro	152.0	15.81	167.81	On-Time	10.2	4	About To Sleep
019d029f0b101343d44017d249b1f64f	2018-06-11	Bed Bath Table	BA	Jacobina	79.9	27.51	107.41	On-Time	22.7	4	Potential Loyalists
019d444bd00f1ccb4643de466f9a1525	2018-03-26	Industry Commerce And Business	CE	Fortaleza	138.0	29.23	167.23	Delayed	45.8	1	Potential Loyalists
019d79b37e56c6d56d6323fed0c54d70	2017-05-21	Computers Accessories	GO	Nova America	51.0	15.11	66.11	On-Time	15.8	5	Lost / Hibernating
019e03014ec20cc2e3b180cdcf90b4e8	2017-04-04	Cool Stuff	CE	Itapaje	738.9	25.62	764.52	Delayed	44.1	1	Lost / Hibernating
019edbdfeb6923e55558362c2b84ec37	2018-04-01	Furniture Decor	SP	Carapicuiba	69.9	8.88	78.78	On-Time	4.5	5	Promising Recent
01a0013ddc7cd129e350e8671b56a263	2017-03-23	Garden Tools	GO	Pires Do Rio	579.0	24.5	603.5	On-Time	19.6	4	Lost / Hibernating
01a0013ddc7cd129e350e8671b56a263	2017-03-23	Garden Tools	GO	Pires Do Rio	579.0	24.5	603.5	On-Time	19.6	4	Lost / Hibernating
01a0013ddc7cd129e350e8671b56a263	2017-03-23	Garden Tools	GO	Pires Do Rio	579.0	24.5	603.5	On-Time	19.6	4	Lost / Hibernating
01a1553cddb473cec004af5ce2192f1c	2018-07-20	Home Construction	PE	Bodoco	79.9	38.83	118.73	On-Time	19.5	4	Potential Loyalists
01a15ee6a1b9050e7678b72cb4c3b486	2018-06-17	Housewares	PR	Campina Grande Do Sul	139.99	58.11	198.1	On-Time	8.4	3	Potential Loyalists
01a1969ee54e7016bcc0cfeb4fa8c634	2018-04-12	Office Furniture	RS	Dom Pedrito	149.94	57.31	207.25	On-Time	21.9	3	Potential Loyalists
01a26a995dcef1d58bdee5b8862c7a02	2017-09-15	Telephony	BA	Alcobaca	299.99	14.35	314.34	On-Time	11.6	5	About To Sleep
01a3ee1c837fb57db23d898f0eb5111d	2018-01-23	Watches Gifts	SP	Osasco	168.8	8.44	177.24	On-Time	6.2	5	Potential Loyalists
01a49649881d677e0c901ca0f6564382	2018-05-16	Auto	MG	Belo Horizonte	12.9	7.71	20.61	On-Time	9.3	1	New Customers
01a4ec962d7589584c11650ca20d728b	2017-05-19	Fashion Male Clothing	RS	Guaiba	199.9	13.69	213.59	On-Time	5.7	1	Lost / Hibernating
01a4ec962d7589584c11650ca20d728b	2017-05-19	Fashion Male Clothing	RS	Guaiba	187.2	20.54	207.74	On-Time	5.7	1	Lost / Hibernating
01a6ad782455876aa89081449d49c452	2018-01-18	Telephony	RS	Santo Angelo	34.99	15.1	50.09	On-Time	14.5	3	About To Sleep
01a75ac3dd000b7628a684be97c29234	2018-01-23	Housewares	RJ	Niteroi	42.9	15.1	58.0	On-Time	15.2	1	Promising Recent
01a921eb5bf5df0c2990e62563ceca49	2017-11-26	Furniture Decor	SP	Campinas	69.99	9.36	79.35	On-Time	14.9	4	About To Sleep
01a921eb5bf5df0c2990e62563ceca49	2017-11-26	Furniture Decor	SP	Campinas	69.99	9.36	79.35	On-Time	14.9	4	About To Sleep
01a9d731c0f08f4f79c10b7679dcdebf	2018-08-05	Perfumery	RJ	Rio De Janeiro	39.0	15.37	54.37	On-Time	11.9	5	New Customers
01aa38b66d95377a4f276f78742aca15	2018-03-01	Baby	PR	Londrina	109.9	12.72	122.62	On-Time	2.1	5	Potential Loyalists
01ac6cbac1cda667c97d35046b75668f	2017-09-14	Computers Accessories	SP	Sao Paulo	12.88	8.27	21.15	On-Time	3.8	4	About To Sleep
01ad4f241a16bff724de081b558f0f4d	2017-02-09	Perfumery	SP	Botucatu	309.9	17.38	327.28	On-Time	14.7	3	Lost / Hibernating
01ae5e4c5d2549f7c05000a2f5856c28	2017-11-05	Food Drink	RJ	Rio De Janeiro	39.0	16.6	55.6	On-Time	11.0	5	About To Sleep
01ae629e578b0eb0935ea1ce19c409f1	2018-07-19	Health Beauty	RS	Canoas	84.99	18.7	103.69	On-Time	8.4	4	New Customers
01af7745a283aeb0f0754495c4b51ac7	2018-02-28	Agro Industry And Commerce	GO	Goiania	465.0	34.69	499.69	On-Time	15.2	4	Potential Loyalists
01b02139ac5f79a5de2c56284af7bb3e	2018-04-24	Unknown	SP	Mogi-Guacu	139.77	8.74	148.51	On-Time	7.8	5	Potential Loyalists
01b06b4d63c340902dbe3d9f8b2fe821	2018-06-08	Auto	SP	Varzea Paulista	84.9	13.03	97.93	On-Time	4.4	1	Potential Loyalists
01b06b4d63c340902dbe3d9f8b2fe821	2018-06-08	Auto	SP	Varzea Paulista	84.9	13.03	97.93	On-Time	4.4	1	Potential Loyalists
01b15a896c5842077af2aaf4a9f94309	2018-03-23	Pet Shop	MG	Conselheiro Lafaiete	109.99	19.74	129.73	Delayed	28.2	1	Potential Loyalists
01b1800f51715ab76f67caf732206437	2018-07-18	Industry Commerce And Business	RN	Natal	150.0	44.97	194.97	On-Time	9.0	5	Potential Loyalists
01b1a7fdae9ad1837d6ab861705a1fa5	2017-05-29	Bed Bath Table	SP	Valinhos	49.99	16.17	66.16	On-Time	8.9	3	Lost / Hibernating
01b1a7fdae9ad1837d6ab861705a1fa5	2017-05-29	Housewares	SP	Valinhos	59.0	10.68	69.68	On-Time	8.9	3	Lost / Hibernating
01b241fa1421c8284e8c1029a503360f	2017-11-29	Garden Tools	SC	Abelardo Luz	59.0	17.66	76.66	Delayed	46.7	1	About To Sleep
01b276e7af1d9e3ed34b431d39f45fa1	2018-01-16	Sports Leisure	PR	Sao Mateus Do Sul	99.9	21.19	121.09	On-Time	15.8	4	About To Sleep
01b2dd042de98a15b6a9a141bf71c344	2018-03-11	Housewares	PR	Assis Chateaubriand	79.9	15.41	95.31	On-Time	5.0	5	Promising Recent
01b330808c5819a6a3cb79b72f0b8288	2018-03-12	Sports Leisure	MA	Sao Luis	104.9	24.86	129.76	Delayed	53.9	1	Potential Loyalists
01b37f50cf3098b3dd9d0450a188348c	2018-06-26	Housewares	MG	Belo Horizonte	68.9	18.28	87.18	On-Time	8.0	5	Champions
01b4a2ad3420c19a1c7c402513e7725c	2018-01-09	Toys	MG	Divinopolis	110.0	15.52	125.52	On-Time	9.5	5	About To Sleep
01b4dfef1c8848e8c0431ce17f5f72ea	2018-08-04	Sports Leisure	GO	Ipora	25.89	22.98	48.87	On-Time	12.2	5	New Customers
01b538a0b1a9eeecdfbc03223190e4bf	2018-03-01	Pet Shop	MG	Belo Horizonte	39.9	15.1	55.0	On-Time	11.0	5	Promising Recent
01b6bbf0a9ac5d54dfebb11ddcd8fa8e	2017-06-25	Housewares	SP	Santo Andre	52.9	11.87	64.77	On-Time	5.5	5	Lost / Hibernating
01b6d15407d425529cbf0ec96258cb84	2018-03-12	Furniture Decor	SP	Rancharia	29.99	12.79	42.78	Delayed	24.8	2	Promising Recent
01b703d8365608f2b01ed9c076d0b3dc	2018-01-05	Computers Accessories	SP	Cotia	46.55	12.69	59.24	On-Time	13.3	5	About To Sleep
01b84214591ddd4edad9fa4a1f344f84	2018-01-03	Musical Instruments	SP	Ribeirao Preto	629.9	21.66	651.56	On-Time	12.3	5	About To Sleep
01b94d6940365deb1eedb643ba43114a	2017-11-08	Toys	RJ	Rio De Janeiro	120.9	41.92	162.82	On-Time	9.3	5	About To Sleep
01ba495d945c6a1c5b198bbad63e61c6	2018-01-31	Bed Bath Table	RJ	Rio De Janeiro	109.9	25.61	135.51	On-Time	16.2	3	Potential Loyalists
01ba72e24cf883d74c5479c0a626c740	2017-01-17	Sports Leisure	RJ	Angra Dos Reis	44.6	14.52	59.12	On-Time	7.7	5	Lost / Hibernating
01ba82170ebb683c73793bb809bbf1b9	2018-02-06	Office Furniture	SP	Limeira	192.97	33.59	226.56	On-Time	17.2	2	Potential Loyalists
01ba82170ebb683c73793bb809bbf1b9	2018-02-06	Office Furniture	SP	Limeira	192.97	33.59	226.56	On-Time	17.2	2	Potential Loyalists
01ba82170ebb683c73793bb809bbf1b9	2018-02-06	Office Furniture	SP	Limeira	192.97	33.59	226.56	On-Time	17.2	2	Potential Loyalists
01ba9a2e5dcc1568b55695106d677b0c	2017-02-26	Furniture Decor	SP	Sao Paulo	59.9	9.41	69.31	On-Time	7.7	5	Lost / Hibernating
01ba9a2e5dcc1568b55695106d677b0c	2017-02-26	Furniture Decor	SP	Sao Paulo	59.9	9.41	69.31	On-Time	7.7	5	Lost / Hibernating
01bae920aea13b891b50bc1543634a65	2017-12-21	Drinks	SP	Sao Paulo	57.49	9.94	67.43	On-Time	5.0	4	Customers Needing Attention
01bb52d7a8dffb8bef5b79268487cd10	2017-06-06	Sports Leisure	RJ	Rio De Janeiro	158.0	18.36	176.36	On-Time	13.1	5	Lost / Hibernating
01bb5b3cb7df4da98ea2214d083784c4	2017-05-28	Bed Bath Table	SP	Jaboticabal	39.9	12.69	52.59	On-Time	15.9	5	Lost / Hibernating
01bbf0fb0773cef52b4d6501e83162f3	2017-03-22	Auto	RJ	Marica	101.99	19.41	121.4	On-Time	18.6	5	Lost / Hibernating
01bbfee76e5e3f96f008c781c2c17bcf	2018-03-21	Telephony	SP	Sao Paulo	25.0	11.15	36.15	On-Time	8.2	1	Promising Recent
01bc343311e5b8090b64d6ab287a5cf0	2018-02-22	Bed Bath Table	RS	Canoas	21.99	15.1	37.09	Delayed	41.3	1	Promising Recent
01bc343311e5b8090b64d6ab287a5cf0	2018-02-22	Bed Bath Table	RS	Canoas	21.99	15.1	37.09	Delayed	41.3	1	Promising Recent
01bdc09119b132e176e5c8f2cf68b0ac	2018-08-16	Health Beauty	MG	Varginha	359.0	25.66	384.66	On-Time	11.2	5	Potential Loyalists
01be2f7ca246adb9112cb75096af2ee0	2018-02-12	Unknown	RJ	Rio De Janeiro	157.77	14.85	172.62	On-Time	14.2	5	Potential Loyalists
01be661b8196707ef60f062632d6d1bd	2017-05-17	Bed Bath Table	SP	Sao Paulo	89.9	12.13	102.03	On-Time	6.1	5	Lost / Hibernating
01be661b8196707ef60f062632d6d1bd	2017-05-17	Bed Bath Table	SP	Sao Paulo	89.9	12.13	102.03	On-Time	6.1	5	Lost / Hibernating
01be6ff226324644f283dfab69369848	2018-03-08	Garden Tools	MA	Caxias	53.9	56.93	110.83	On-Time	20.4	4	Potential Loyalists
01c0514b1f2a7375948323b959cc5682	2017-07-25	Bed Bath Table	BA	Caetite	15.9	16.79	32.69	On-Time	17.0	3	Lost / Hibernating
01c139e11e826da7bf9782cf1ee904bf	2017-03-05	Health Beauty	SP	Cristais Paulista	339.99	12.99	352.98	On-Time	8.6	4	Lost / Hibernating
01c156f67900e1f33d1234ce92cb18d9	2018-08-03	Telephony	RS	Arroio Do Meio	13.47	18.23	31.7	On-Time	13.8	5	New Customers
01c1644529b18608f086d2ff0f3b8181	2018-06-23	Books Technical	MT	Querencia	103.99	31.6	135.59	On-Time	12.4	4	Potential Loyalists
01c18108db50c163daf7dfe461093fb7	2017-06-22	Baby	SP	Guaratingueta	109.9	18.02	127.92	On-Time	14.0	5	Lost / Hibernating
01c1f3c10d2641a10cfd97ffaac0b3f5	2017-11-28	Sports Leisure	BA	Pojuca	59.9	35.74	95.64	On-Time	15.9	5	About To Sleep
01c22546c4f9914e232006df82d96e0f	2017-09-09	Electronics	RS	Porto Alegre	17.9	15.1	33.0	On-Time	12.1	5	Lost / Hibernating
01c26a0b2736899633cfd6a3c1749428	2017-04-08	Baby	SP	Santos	59.99	11.81	71.8	Delayed	41.0	1	Lost / Hibernating
01c2c8708930c4fb8ed278dfe7ec93c7	2017-11-26	Computers Accessories	SC	Balneario Camboriu	239.99	17.44	257.43	On-Time	4.1	5	About To Sleep
01c2d2ffe8349c5eef0ab33e8ff1f41c	2017-10-10	Telephony	BA	Presidente Dutra	70.9	16.94	87.84	On-Time	28.2	4	About To Sleep
01c391e962558d0793e8dd8f6bad0999	2018-02-26	Bed Bath Table	PR	Londrina	78.9	17.8	96.7	On-Time	16.1	5	Promising Recent
01c4766d43d50d892132f7bb04d97300	2018-03-22	Costruction Tools Garden	SP	Itobi	35.89	18.23	54.12	On-Time	12.9	5	Promising Recent
01c4f4e08d9e8b7c5bd47e612285993f	2017-11-24	Garden Tools	SP	Cajamar	49.0	13.41	62.41	On-Time	10.9	4	About To Sleep
01c79ae32ef95b276907d99e83fe57e5	2017-05-24	Telephony	SP	Santana De Parnaiba	16.9	7.78	24.68	On-Time	1.8	5	At Risk
01c7b08f0c05952ce15edb928bb63d2d	2018-04-02	Books Technical	PR	Medianeira	274.95	26.04	300.99	On-Time	16.1	5	Potential Loyalists
01c886b4b865797097ab2d051ae30cfd	2017-08-09	Sports Leisure	RJ	Rio De Janeiro	59.9	16.86	76.76	On-Time	15.3	5	Lost / Hibernating
01c95de6d0852189b4d6b6d32a3c8e0c	2017-08-03	Telephony	SP	Barueri	19.99	7.78	27.77	On-Time	4.7	5	Lost / Hibernating
01c998b70e420ec36563386a4b71c6bc	2018-01-23	Stationery	RJ	Rio De Janeiro	89.0	17.87	106.87	On-Time	22.4	4	Promising Recent
01cadf993df82ff0e318addbd022f0fe	2017-10-15	Air Conditioning	SP	Pindamonhangaba	398.0	29.11	427.11	On-Time	8.0	5	About To Sleep
01cadf993df82ff0e318addbd022f0fe	2017-10-15	Air Conditioning	SP	Pindamonhangaba	398.0	29.11	427.11	On-Time	8.0	5	About To Sleep
01cbdb2a8c075eaf248af643b3389f73	2017-07-09	Luggage Accessories	AL	Maceio	106.9	38.3	145.2	Delayed	46.1	1	Lost / Hibernating
01cc355e35cf24d314afe6de16c38712	2018-03-26	Computers Accessories	SP	Leme	24.89	22.06	46.95	On-Time	15.2	5	Promising Recent
01cc71a8154340ae61126b5ee9b48fef	2018-06-06	Bed Bath Table	SP	Sorocaba	44.9	8.64	53.54	On-Time	4.9	4	New Customers
01ccc64a2b38fdb87c25cb1944934670	2017-08-12	Telephony	BA	Salvador	89.0	17.06	106.06	On-Time	13.3	1	Lost / Hibernating
01ccc64a2b38fdb87c25cb1944934670	2017-08-12	Telephony	BA	Salvador	89.0	17.06	106.06	On-Time	13.3	1	Lost / Hibernating
01cce1175ac3c4a450e3a0f856d02734	2018-07-19	Garden Tools	SP	Sao Paulo	60.0	25.24	85.24	On-Time	1.8	2	Potential Loyalists
01cce1175ac3c4a450e3a0f856d02734	2018-07-19	Stationery	SP	Sao Paulo	36.23	2.27	38.5	On-Time	1.8	2	Potential Loyalists
01ccfbb0ddf88340b6eed3f1370bcf0c	2018-08-21	Stationery	DF	Brasilia	79.0	59.78	138.78	On-Time	9.2	4	Potential Loyalists
01cec5c50d2d0e069a3227efba9f16f7	2017-09-16	Health Beauty	RJ	Rio De Janeiro	73.0	15.26	88.26	On-Time	10.3	5	About To Sleep
01cf88c5fb4298435526a5995720807a	2018-02-06	Bed Bath Table	SP	Catanduva	109.9	12.72	122.62	On-Time	8.5	5	Potential Loyalists
01d0aabab5da85da61bbd4d40882b82c	2017-08-27	Telephony	PR	Curitiba	18.9	14.1	33.0	On-Time	17.0	5	Loyal Customers
01d0cbd002be92b5a970cb8f233349c2	2017-07-21	Furniture Living Room	BA	Alagoinhas	329.9	46.39	376.29	On-Time	21.2	5	Lost / Hibernating
01d0f6cd01d79574621a56a1b9e21019	2017-09-23	Electronics	RJ	Rio De Janeiro	17.9	16.79	34.69	On-Time	9.1	4	About To Sleep
01d13850e74efca9a86fe812940de070	2018-04-12	Bed Bath Table	SP	Sao Paulo	75.0	14.62	89.62	On-Time	7.6	5	Promising Recent
01d1bb79f3dee77d8a6809aff0025590	2018-08-15	Bed Bath Table	RJ	Rio De Janeiro	219.9	27.84	247.74	On-Time	5.5	4	Potential Loyalists
01d2fc3e47376926a97ae795036db093	2018-06-27	Health Beauty	SP	Sao Paulo	34.0	13.54	47.54	On-Time	13.8	1	New Customers
01d3d4cb8c553d507dfd26fbd8b41e95	2017-10-29	Office Furniture	RJ	Monnerat	114.94	34.16	149.1	On-Time	18.1	3	About To Sleep
01d48ed99667ce49eaeaa7980a31b987	2018-03-08	Electronics	RJ	Petropolis	13.65	18.23	31.88	Delayed	33.6	1	Promising Recent
01d5897e2c8a23b37ec65e0e72fbe956	2018-04-06	Electronics	MG	Uberaba	52.0	15.21	67.21	On-Time	5.4	5	Promising Recent
01d601c4d70f016f1e32ee8e82d6d4c9	2017-05-13	Furniture Decor	MS	Campo Grande	229.9	43.98	273.88	On-Time	13.6	5	Lost / Hibernating
01d72d42aaedb3736840132071d51100	2018-03-20	Unknown	GO	Ipora	147.2	18.91	166.11	On-Time	16.2	5	Potential Loyalists
01d80471e02a3ba49c8e1d0abc2c1a64	2017-05-03	Computers Accessories	RS	Porto Alegre	75.0	16.23	91.23	On-Time	12.7	5	Lost / Hibernating
01d815029787ce30f6f64900ee93ba37	2018-01-26	Housewares	SP	Andradina	48.9	12.69	61.59	On-Time	10.4	5	Promising Recent
01d907b3e209269e120a365fc2b97524	2017-08-09	Bed Bath Table	SP	Ferraz De Vasconcelos	151.99	17.77	169.76	On-Time	7.3	5	Lost / Hibernating
01d90c5856f7551e108f2a0864ff6e54	2018-06-28	Health Beauty	SP	Vargem Grande Paulista	69.9	14.88	84.78	On-Time	6.9	1	New Customers
01d95eed9163a292a6788ddac08bcf31	2017-11-08	Bed Bath Table	SC	Balneario Camboriu	28.9	16.11	45.01	Delayed	26.6	1	About To Sleep
01d96f415da1ffc3807bc85852dea189	2018-04-10	Sports Leisure	SP	Sao Paulo	149.9	23.63	173.53	On-Time	7.1	5	Potential Loyalists
01d9a9aa7feccdaf99f7ea832bfa7301	2018-08-21	Furniture Decor	RS	Porto Alegre	79.9	9.07	88.97	On-Time	1.9	5	New Customers
01da413c142606bf28e461e3a732f653	2017-08-24	Computers Accessories	SP	Sao Paulo	92.65	12.99	105.64	On-Time	5.2	4	Lost / Hibernating
01da413c142606bf28e461e3a732f653	2017-08-24	Computers Accessories	SP	Sao Paulo	92.65	12.99	105.64	On-Time	5.2	4	Lost / Hibernating
01da5549f136167573c8a302f008557a	2018-04-08	Watches Gifts	SP	Caconde	150.0	20.02	170.02	On-Time	9.2	5	Potential Loyalists
01db310c16db46c62c3d4e0857990f32	2017-02-13	Office Furniture	BA	Alagoinhas	119.99	21.29	141.28	On-Time	27.8	5	Lost / Hibernating
01dbd2da9b685e6d444416f7825d0931	2017-10-04	Fashion Bags Accessories	RS	Porto Alegre	33.6	15.1	48.7	On-Time	16.0	4	About To Sleep
01dcbb39823b4cda39ddcc6679fb00ac	2017-05-29	Furniture Decor	ES	Vitoria	39.9	17.6	57.5	On-Time	8.9	5	At Risk
01dcbb39823b4cda39ddcc6679fb00ac	2017-05-29	Furniture Decor	ES	Vitoria	39.9	17.6	57.5	On-Time	8.9	5	At Risk
01dd288e8605af239a3a35e550e89235	2017-07-26	Computers Accessories	SP	Sao Paulo	169.99	16.63	186.62	On-Time	5.4	5	Lost / Hibernating
01dd7b32b57e2e5633984f61e456b046	2018-04-05	Signaling And Security	SP	Sao Paulo	16.0	7.87	23.87	On-Time	4.3	3	Promising Recent
01dd912bf415bd6f499af600aebdb866	2018-02-09	Furniture Decor	SP	Limeira	118.9	12.04	130.94	On-Time	6.5	5	Potential Loyalists
01dfa7b5bb8dcd546273e480c27043bc	2018-04-27	Perfumery	SC	Coronel Martins	51.4	14.59	65.99	On-Time	12.4	4	Loyal Customers
01e0386aae6c6385feedb58bd4aae5c7	2017-11-24	Health Beauty	MG	Belo Horizonte	184.99	16.05	201.04	On-Time	17.0	5	About To Sleep
01e1617e546dc1fd372e089ab515ae34	2017-09-17	Housewares	GO	Goiania	76.1	20.02	96.12	On-Time	10.0	5	About To Sleep
01e4121d4b2dcfb2ba6b8f367652aee8	2017-10-30	Health Beauty	RJ	Petropolis	98.0	12.69	110.69	On-Time	4.2	5	About To Sleep
01e4eeac4002b2e57b7ada6bc3a3c38f	2017-08-01	Furniture Decor	SP	Sao Paulo	49.9	11.85	61.75	On-Time	7.1	5	Lost / Hibernating
01e4eeac4002b2e57b7ada6bc3a3c38f	2017-08-01	Furniture Decor	SP	Sao Paulo	49.9	11.85	61.75	On-Time	7.1	5	Lost / Hibernating
01e515b157491fa28d3b56e7ef342573	2018-04-26	Watches Gifts	SP	Pindamonhangaba	55.0	12.83	67.83	On-Time	7.6	5	Promising Recent
01e51b7c3025655646143d09b911e1d7	2018-01-14	Housewares	RJ	Sao Goncalo	19.0	14.1	33.1	On-Time	17.4	3	About To Sleep
01e662008f03009eb9b97f9333fcd6b4	2018-06-30	Housewares	SP	Pindamonhangaba	24.98	12.84	37.82	On-Time	14.2	3	New Customers
01e6f40a293da5a9dc11e49695c7541d	2017-05-29	Telephony	MG	Passos	48.99	15.1	64.09	On-Time	9.1	5	Lost / Hibernating
01e7138289b75d9624b04dfe12379c1d	2018-02-01	Electronics	PR	Campo Magro	19.9	12.48	32.38	On-Time	18.9	5	Promising Recent
01e7138289b75d9624b04dfe12379c1d	2018-02-01	Electronics	PR	Campo Magro	19.9	12.48	32.38	On-Time	18.9	5	Promising Recent
01e71f17355fc56620b0d3678f796c42	2018-04-18	Bed Bath Table	MT	Pedra Preta	138.0	25.78	163.78	On-Time	22.0	5	Potential Loyalists
01e7cf79ff6fdb0a65634f714c67dd24	2018-02-15	Unknown	SP	Lins	27.3	11.85	39.15	On-Time		3	New Customers
01e84dcdea7f8180214c9cf9f058f0dc	2017-10-31	Sports Leisure	MG	Montes Claros	45.9	15.1	61.0	On-Time	9.4	5	About To Sleep
01e9b3d727e46edf036b0bd549c38bb4	2018-01-20	Sports Leisure	PR	Laranjeiras Do Sul	99.9	16.46	116.36	On-Time	16.0	5	About To Sleep
01e9feecd7fba975c1869a8fbbb38b65	2017-03-28	Consoles Games	SP	Santo Andre	285.9	17.21	303.11	On-Time	6.8	5	Lost / Hibernating
01ea9d9ce4b86204f82b79184897371c	2017-03-23	Garden Tools	MG	Conselheiro Lafaiete	46.3	18.63	64.93	On-Time	10.8	5	Lost / Hibernating
01eaa000fe5c9f80f535c3d0cad25a47	2018-08-15	Stationery	MG	Andradas	135.9	16.02	151.92	On-Time	2.2	4	Potential Loyalists
01eb154e5aa06eaf50851577302a04a5	2018-03-22	Baby	SP	Sao Jose Dos Campos	55.0	8.64	63.64	On-Time	18.1	5	Promising Recent
01ebb9ed879d6fa1da4857ed617972ab	2017-04-27	Home Appliances	SP	Botucatu	32.9	10.96	43.86	On-Time	14.9	5	Lost / Hibernating
01ec6affa239058ac384542eb9f6920c	2017-12-12	Office Furniture	SP	Ferraz De Vasconcelos	114.6	18.52	133.12	On-Time	13.7	5	About To Sleep
01ed8d522a969ceeb6ba285a161bf4c9	2018-05-13	Market Place	SP	Pirassununga	47.9	19.32	67.22	On-Time	5.0	4	New Customers
01efe0209a92b2f21f6e0edee4bd4eb6	2018-06-24	Watches Gifts	MG	Volta Grande	78.0	18.65	96.65	On-Time	11.7	4	New Customers
01f04ef1bf8714247c5286afd8579353	2017-10-30	Housewares	SP	Varzea Paulista	165.0	68.13	233.13	On-Time	9.4	1	About To Sleep
01f11912a2c502cc940f607b1f6b2ab0	2018-02-05	Garden Tools	RJ	Japuiba	120.0	45.3	165.3	On-Time	17.2	4	Potential Loyalists
01f216b447564f9ea791b521db577ccb	2017-01-24	Perfumery	SP	Jandira	59.9	14.59	74.49	On-Time	6.5	5	Lost / Hibernating
01f3ed0a20c6db39216985812a092bea	2018-08-18	Construction Tools Safety	DF	Brasilia	99.0	15.79	114.79	On-Time	8.8	5	Potential Loyalists
01f48b2a27229e667db384b5b9d5dfa4	2018-05-16	Stationery	SP	Sao Paulo	59.9	8.29	68.19	On-Time	1.7	5	New Customers
01f5bb59c4e3a373ee5cade4e69ae92f	2018-03-19	Luggage Accessories	SP	Jundiai	41.95	14.43	56.38	On-Time	4.5	5	Promising Recent
01f65c9e501f46d2a15af4d2b28e6081	2018-07-09	Health Beauty	SP	Sao Paulo	199.9	20.59	220.49	On-Time	4.9	5	Potential Loyalists
01f66e58769f84129811d43eefd187fb	2018-07-09	Sports Leisure	SP	Sao Paulo	79.8	7.82	87.62	On-Time	2.1	5	New Customers
01f67ca8027e959060afd840aa06f465	2018-04-30	Health Beauty	CE	Fortaleza	330.0	14.7	344.7	Delayed	65.1	1	Potential Loyalists
01f74145603bef2ef33949099b48ad28	2017-12-27	Bed Bath Table	PR	Foz Do Iguacu	69.9	17.74	87.64	On-Time	8.3	3	About To Sleep
01f74d38c7379a28cc0ac3d90e80c7ea	2018-01-31	Sports Leisure	SC	Ipora Do Oeste	29.9	15.1	45.0	On-Time	26.5	2	Promising Recent
01f78824e3a8e474a36d8dfc2a2c35f4	2017-09-19	Art	RS	Erechim	48.65	17.6	66.25	On-Time	17.4	4	About To Sleep
01f7d29898cf7c5fcb583a2a29508202	2017-12-11	Bed Bath Table	SP	Sao Paulo	39.9	11.73	51.63	On-Time	8.7	5	About To Sleep
01f80c40f143af17e50622fe26ca76c4	2018-05-20	Housewares	SP	Rio Grande Da Serra	113.89	23.38	137.27	On-Time	12.9	5	Potential Loyalists
01f99c97a2034ffb373556e8fdb5c7cf	2018-05-08	Sports Leisure	SP	Sao Paulo	195.0	23.91	218.91	On-Time	8.5	4	Potential Loyalists
01f9f30f42a15cb09e70666d0df18856	2018-01-15	Bed Bath Table	DF	Brasilia	49.95	16.11	66.06	On-Time	11.4	5	About To Sleep
01fa35042136b75da24ce2a391b30eb9	2018-01-08	Health Beauty	RJ	Rio De Janeiro	29.9	15.1	45.0	On-Time	4.3	5	About To Sleep
01fac9bdfa271bcaf57218f971649ab7	2017-09-21	Furniture Decor	RO	Cacaulandia	72.9	35.83	108.73	On-Time	18.3	5	About To Sleep
01fba151a6fa8315ff6dc6f29fe2f2d4	2017-07-10	Furniture Decor	SP	Sao Paulo	38.5	19.88	58.38	On-Time	3.0	5	Lost / Hibernating
01fe473278bb7522f081c21ee8e4cbd4	2018-05-20	Sports Leisure	SP	Bauru	106.0	13.18	119.18	On-Time	8.0	5	Potential Loyalists
02014f2495eef0e869616829d481d743	2018-08-22	Health Beauty	MG	Uberaba	1240.0	102.63	1342.63	On-Time	5.3	5	Potential Loyalists
020347f6d056bb4209b3ee4711d25f1a	2018-07-24	Computers Accessories	BA	Caldeirao Grande	105.0	23.89	128.89	On-Time	12.8	5	Potential Loyalists
02036bc298ab3c1efc98b116f420d646	2018-08-23	Health Beauty	PR	Curitiba	24.99	17.98	42.97	On-Time	4.7	5	New Customers
0203892ed7a2b76401830f4b82a5a34c	2017-07-08	Sports Leisure	SP	Santos	39.9	8.72	48.62	On-Time	3.0	5	Lost / Hibernating
0204196a1fd266bdc00356eb791b4516	2017-11-26	Garden Tools	MG	Belo Horizonte	49.0	17.64	66.64	On-Time	15.7	5	About To Sleep
0204196a1fd266bdc00356eb791b4516	2017-11-26	Garden Tools	MG	Belo Horizonte	49.0	17.64	66.64	On-Time	15.7	5	About To Sleep
020500486b7211f5ef873ba8ffd58cd0	2018-08-13	Auto	MG	Contagem	39.99	18.38	58.37	On-Time	7.0	4	New Customers
020550d9cdfb7110d07fd1a1f8937c6e	2017-09-02	Computers Accessories	MG	Silveira Carvalho	28.9	13.37	42.27	On-Time	15.7	5	Lost / Hibernating
02058d1c3b825765a4ec45968b8a1c97	2017-05-22	Sports Leisure	MG	Uberlandia	1799.0	27.34	1826.34	On-Time	13.8	4	Lost / Hibernating
0205c3dd6f4d8e348ee72fffd114fec4	2017-07-24	Perfumery	CE	Fortaleza	56.99	17.68	74.67	On-Time	16.9	4	Lost / Hibernating
0207f5a2635f4e2d29acd00fc01a36ba	2018-03-05	Fashion Underwear Beach	SP	Sao Paulo	59.9	11.92	71.82	On-Time	14.5	5	Promising Recent
0209ef2fa3cce5eb798c98f5b6142849	2018-02-24	Telephony	SP	Sao Paulo	12.67	7.78	20.45	On-Time	2.9	1	Promising Recent
020a1591ace758e4c97d7843e1a03a88	2018-08-13	Telephony	SP	Sao Paulo	18.9	7.39	26.29	On-Time	2.4	5	New Customers
020aec76c43508e4214579c52c1133f4	2018-06-25	Garden Tools	SP	Sao Paulo	27.9	19.39	47.29	On-Time	6.9	5	New Customers
020bc32fbdded2a43147c70a5eb3ec21	2017-07-14	Garden Tools	RS	Caxias Do Sul	98.8	17.94	116.74	On-Time	14.0	5	Lost / Hibernating
020c01e41104519842f8a15605af646c	2017-02-08	Pet Shop	SP	Cruzeiro	29.99	21.82	51.81	On-Time	6.1	5	Lost / Hibernating
020c2cd20d09193b79c51797a82aaa3e	2017-11-28	Housewares	MG	Belo Horizonte	72.6	17.76	90.36	On-Time	6.2	5	About To Sleep
020d1063c6e7cb975472aedbfe0e25ea	2018-01-05	Office Furniture	SP	Sao Vicente	139.94	17.71	157.65	On-Time	46.9	4	About To Sleep
020d90b47730f065a03723587c20a57f	2018-04-27	Watches Gifts	SP	Santos	284.8	9.18	293.98	On-Time	7.4	4	Potential Loyalists
020e6f6dee3bdcf543b857eb97373956	2018-05-05	Health Beauty	SP	Sao Paulo	199.0	14.3	213.3	On-Time	5.6	5	Potential Loyalists
020f04b3da1d597b9a00b825762299ba	2018-07-05	Toys	SP	Ribeirao Preto	125.0	18.98	143.98	On-Time	8.1	5	Potential Loyalists
020f64bdb28111d057f49277da918771	2018-06-09	Housewares	SP	Jundiai	32.0	8.88	40.88	On-Time	4.5	4	New Customers
020f8f4df303ae8aa39b806b766d2681	2017-12-27	Unknown	DF	Brasilia	149.0	14.79	163.79	On-Time	13.5	5	About To Sleep
0210336762a2618a562576d1266efefe	2018-04-16	Health Beauty	RJ	Duque De Caxias	59.99	16.39	76.38	On-Time	14.9	5	Promising Recent
0210f3225937e9d7702e0c3fff098b98	2017-11-25	Fashion Bags Accessories	SP	Sao Paulo	13.3	8.11	21.41	On-Time	6.7	5	Customers Needing Attention
02119fc90b970a6b0f5f554659843ab4	2017-06-28	Sports Leisure	SP	Sao Paulo	84.9	27.44	112.34	On-Time	22.1	5	Lost / Hibernating
0212767fce39149bfc2e12d54be96f65	2017-06-11	Music	PR	Londrina	329.0	15.32	344.32	On-Time	2.6	3	Lost / Hibernating
021288ce4f15c031270df5259df1b551	2017-12-05	Luggage Accessories	RS	Canoas	83.9	28.99	112.89	On-Time	15.9	5	About To Sleep
021363783b521e9813dd62bbcb77d1dd	2018-02-23	Health Beauty	BA	Salvador	559.99	19.36	579.35	Delayed	26.4	5	Potential Loyalists
021397df4601b61a8bd063be9b5c54a0	2017-11-16	Computers Accessories	SP	Santo Andre	109.0	8.35	117.35	On-Time	2.8	1	About To Sleep
021397df4601b61a8bd063be9b5c54a0	2017-11-16	Computers Accessories	SP	Santo Andre	109.0	8.35	117.35	On-Time	2.8	1	About To Sleep
021397df4601b61a8bd063be9b5c54a0	2017-11-16	Computers Accessories	SP	Santo Andre	109.0	8.35	117.35	On-Time	2.8	1	About To Sleep
0213da24bc9b884c4792ae4c54eb0bf3	2017-11-24	Auto	RJ	Rio De Janeiro	25.0	14.1	39.1	On-Time	10.5	3	About To Sleep
02145cbff48d443165378d41c0e49e48	2017-12-22	Furniture Decor	ES	Serra	38.4	19.84	58.24	On-Time	19.1	5	About To Sleep
02145cbff48d443165378d41c0e49e48	2017-12-22	Furniture Decor	ES	Serra	38.4	19.84	58.24	On-Time	19.1	5	About To Sleep
0214781b6f9215eb09fb1b78de35b07e	2018-08-12	Construction Tools Construction	SP	Sao Paulo	109.9	8.93	118.83	On-Time	2.9	2	Potential Loyalists
021645306ea1563079aaec6e96f20d38	2017-04-01	Office Furniture	RJ	Rio De Janeiro	129.96	29.1	159.06	On-Time	11.7	5	Lost / Hibernating
0216b8a71f44f126ac083fa5d639fe47	2018-08-19	Musical Instruments	SP	Sorocaba	59.9	17.63	77.53	On-Time	5.8	5	New Customers
0216ea85f929ce4795f933573c6bb055	2018-06-08	Home Confort	SP	Caraguatatuba	76.9	14.63	91.53	On-Time	10.9	5	New Customers
0217ad862ae7391cc3964c07ce3d6ea1	2017-11-29	Bed Bath Table	PR	Paranavai	99.9	17.95	117.85	Delayed	27.3	2	About To Sleep
0218bc1c672e0e92f10a6633ca1cc461	2018-03-07	Bed Bath Table	CE	Fortaleza	133.0	22.99	155.99	Delayed	21.1	1	Potential Loyalists
0218bc1c672e0e92f10a6633ca1cc461	2018-03-07	Bed Bath Table	CE	Fortaleza	133.0	22.99	155.99	Delayed	21.1	1	Potential Loyalists
0218c7a4fb8d5b1bd22c82b783b8359c	2017-10-13	Toys	SP	Sao Paulo	34.9	15.11	50.01	On-Time	10.0	5	About To Sleep
02190241f7190a1f3c7e0df95a749c6a	2016-10-07	Toys	RJ	Rio De Janeiro	249.99	10.74	260.73	On-Time	19.9	4	Lost / Hibernating
02190241f7190a1f3c7e0df95a749c6a	2016-10-07	Toys	RJ	Rio De Janeiro	249.99	10.74	260.73	On-Time	19.9	4	Lost / Hibernating
021d0261c214591da7db51193c9aeb29	2017-09-20	Auto	SP	Sao Bernardo Do Campo	179.49	9.45	188.94	On-Time	1.5	5	About To Sleep
021d08e4057e5b6414c8d2f69f4f72a0	2016-10-07	Auto	MG	Ouro Preto	51.5	14.53	66.03	On-Time	22.3	1	Lost / Hibernating
021d35119e0e191a4fa47715d479b6f8	2018-03-02	Watches Gifts	SP	Sao Paulo	84.99	12.09	97.08	On-Time	14.3	4	Promising Recent
021dac6e3120485db6a77474aa21b979	2017-11-24	Toys	PR	Curitiba	479.0	55.36	534.36	On-Time		1	About To Sleep
021f21b778ea0a81da47ebe141b1b29c	2017-10-26	Furniture Decor	SP	Lencois Paulista	38.4	12.69	51.09	On-Time	8.1	5	About To Sleep
021f21b778ea0a81da47ebe141b1b29c	2017-10-26	Furniture Decor	SP	Lencois Paulista	38.4	12.69	51.09	On-Time	8.1	5	About To Sleep
021f21b778ea0a81da47ebe141b1b29c	2017-10-26	Furniture Decor	SP	Lencois Paulista	38.4	12.69	51.09	On-Time	8.1	5	About To Sleep
021f26893462ec6a677baba7f06ce4c1	2017-07-07	Bed Bath Table	SP	Diadema	49.95	11.85	61.8	On-Time	14.9	4	Lost / Hibernating
0220b52f0b019739726d80c64bd4bf08	2017-12-20	Telephony	PR	Itapejara D'Oeste	24.99	15.1	40.09	On-Time	8.5	5	About To Sleep
02218eb2a33847087a46d34397835b2a	2017-06-17	Computers Accessories	BA	Paulo Afonso	31.9	16.79	48.69	On-Time	13.1	3	Lost / Hibernating
0221d784b11a24077b3531e860b73434	2017-12-14	Housewares	CE	Fortaleza	32.0	17.63	49.63	On-Time	12.6	5	About To Sleep
0222b443ebbd702540abbaf4f5ff7edf	2018-07-19	Furniture Decor	AL	Maceio	70.0	27.26	97.26	On-Time	24.8	4	New Customers
0224d4ce99f4262f9554d248dfad743c	2018-03-17	Health Beauty	SP	Taboao Da Serra	59.99	8.88	68.87	On-Time	4.1	3	Promising Recent
022790f69760d0a1c025cd3acdf13927	2017-10-08	Pet Shop	SP	Sao Paulo	22.9	14.1	37.0	On-Time	8.1	5	About To Sleep
0227da6a9a5c5d03b593cc9c2bce3463	2018-04-11	Cool Stuff	SP	Jundiai	49.9	11.62	61.52	On-Time	6.1	5	Promising Recent
0229b2e398fde4545d32b5bb232973ad	2018-03-21	Telephony	BA	Buerarema	989.0	28.63	1017.63	Delayed	44.4	3	Potential Loyalists
0229bc966620f05d9d8fc29c704aa6ff	2018-07-21	Construction Tools Construction	SP	Poa	45.97	13.9	59.87	On-Time	6.2	3	New Customers
0229e66693fbbd736e5022221fc8148b	2018-08-18	Health Beauty	MG	Piumhi	40.75	22.23	62.98	On-Time	9.8	5	New Customers
022aa0edf94712a82983961b98e4a9a1	2018-06-25	Bed Bath Table	SP	Cotia	99.9	12.19	112.09	On-Time	3.8	4	Potential Loyalists
022b1f3510a95b396431fec95f5de236	2018-03-07	Sports Leisure	MG	Belo Horizonte	99.9	13.82	113.72	On-Time	3.2	2	Loyal Customers
022ba76c6e0c4336514521a8cd4b8fbb	2018-06-17	Computers Accessories	SE	Lagarto	67.99	52.83	120.82	On-Time	9.7	5	Potential Loyalists
022c0ddf029d7d3ba3d83bd524805629	2018-02-06	Bed Bath Table	SP	Sao Jose Do Rio Preto	92.0	13.66	105.66	On-Time	8.4	3	Champions
022cb45264ced2571bbbd8e231838100	2018-06-03	Construction Tools Lights	SP	Sao Caetano Do Sul	45.0	7.39	52.39	On-Time	9.7	5	New Customers
022d47e6dd2e127493b8f51c8408078c	2018-01-13	Stationery	SP	Sao Caetano Do Sul	99.0	13.71	112.71	On-Time	9.0	5	About To Sleep
022d4b171a04520ca2113a48b6b61380	2018-06-01	Auto	SP	Sao Carlos	57.2	12.84	70.04	On-Time	10.4	1	New Customers
022e34b10acb0f74f51f03b3bf8d996d	2018-01-11	Health Beauty	MG	Itabira	89.99	16.39	106.38	On-Time	12.2	4	About To Sleep
022e89c60857b5c81788e7e09d04b3ef	2018-06-06	Books General Interest	SP	Cachoeira Paulista	29.9	13.71	43.61	On-Time	8.2	3	New Customers
022f80b8a6f58b11018082b505f15c38	2018-08-22	Garden Tools	RJ	Rio De Janeiro	24.9	18.27	43.17	On-Time	7.3	5	New Customers
0231382a78f19752dabca6a86b618152	2017-03-09	Health Beauty	SP	Sao Paulo	76.49	9.53	86.02	On-Time	13.6	5	Lost / Hibernating
0231a1f06afc507072e11f93fa6e736b	2018-05-08	Electronics	BA	Salvador	103.9	14.33	118.23	On-Time	14.3	5	Potential Loyalists
0231f6b89e5798ff6c0dfb1e18a94da9	2018-08-04	Health Beauty	SP	Sao Bernardo Do Campo	550.0	98.77	648.77	On-Time	13.2	5	Potential Loyalists
0232512713ff84ce6ae5c96971894149	2018-03-25	Office Furniture	SP	Embu Das Artes	149.99	21.09	171.08	On-Time	17.3	5	Potential Loyalists
02332b54c758506809fd87d9c2748086	2017-11-06	Health Beauty	PI	Teresina	32.99	21.15	54.14	Delayed	35.4	1	About To Sleep
02333096645cf1743050acd043b76e69	2018-08-09	Furniture Decor	RS	Andre Da Rocha	119.0	27.13	146.13	On-Time	7.1	5	Potential Loyalists
02342201aaaf713fa9f51c6d44444424	2018-01-29	Sports Leisure	SP	Sales Oliveira	35.9	11.85	47.75	On-Time	7.3	4	Promising Recent
02346f2f5b8930a992461a607bf6bf62	2018-03-20	Housewares	SP	Pindorama	89.0	17.53	106.53	On-Time	6.2	5	Promising Recent
02346fd715e28d8e4fdb6893cd121f71	2017-11-08	Cool Stuff	SP	Registro	146.99	16.66	163.65	On-Time	14.0	5	About To Sleep
02355020fd0a40a0d56df9f6ff060413	2018-02-28	Furniture Decor	BA	Itabuna	50.0	19.59	69.59	Delayed	40.9	1	Loyal Customers
02355020fd0a40a0d56df9f6ff060413	2018-02-28	Furniture Decor	BA	Itabuna	50.0	19.59	69.59	Delayed	40.9	3	Loyal Customers
02358a9949662b292e80635305dea78b	2017-05-15	Telephony	PE	Triunfo	59.0	25.69	84.69	On-Time	7.9	5	Champions
023669233121f0fb7899e5be2b22885f	2018-04-16	Pet Shop	SP	Sao Paulo	109.99	23.25	133.24	On-Time	3.1	5	Loyal Customers
023669233121f0fb7899e5be2b22885f	2018-04-16	Pet Shop	SP	Sao Paulo	38.9	16.56	55.46	On-Time	3.1	5	Loyal Customers
023669233121f0fb7899e5be2b22885f	2018-04-16	Pet Shop	SP	Sao Paulo	109.9	19.76	129.66	On-Time	3.1	5	Loyal Customers
0236711b7bfcba7479639be980c21128	2017-06-14	Office Furniture	RJ	Cabo Frio	259.99	66.63	326.62	On-Time	20.9	4	Lost / Hibernating
023a60303ff8d9e08b99e7474f7416ce	2017-06-12	Furniture Decor	PR	Curitiba	59.0	16.17	75.17	On-Time	15.7	5	Lost / Hibernating
023aa4b0585594124bc50e55e0e11a5f	2018-04-01	Housewares	SP	Sao Paulo	69.0	13.84	82.84	On-Time	7.5	5	Promising Recent
023ae47e11483bdb8aa35fa4662aee1c	2017-04-10	Unknown	RJ	Niteroi	89.99	22.1	112.09	On-Time	8.2	2	Lost / Hibernating
023af4b88d12c9f3f56bcb55da0450c5	2017-12-09	Stationery	RJ	Resende	79.0	32.49	111.49	On-Time	30.2	4	About To Sleep
023af4b88d12c9f3f56bcb55da0450c5	2017-12-09	Stationery	RJ	Resende	99.0	3.25	102.25	On-Time	30.2	4	About To Sleep
023b3575b6649cf01cb239c0e9603262	2017-12-28	Bed Bath Table	SP	Sao Paulo	149.9	21.54	171.44	On-Time	18.5	4	About To Sleep
023b49300b34f2b9961857266df731dc	2017-09-21	Sports Leisure	MS	Campo Grande	139.9	22.85	162.75	On-Time	7.5	5	About To Sleep
023dced8c25f743c5fdcf14edabac7a8	2018-03-25	Electronics	SP	Sao Paulo	12.25	7.39	19.64	On-Time	2.9	5	Promising Recent
023dec08929b8cafa8028da5e6b527b6	2018-03-17	Perfumery	SP	Sao Paulo	46.9	7.39	54.29	On-Time	5.2	5	Promising Recent
023e55afed85f9778758fba7752a9215	2018-03-23	Computers Accessories	SP	Caraguatatuba	99.0	14.05	113.05	On-Time	6.4	1	Potential Loyalists
023efd060c082063e299dc77891ea1b7	2017-11-14	Sports Leisure	RJ	Nova Iguacu	48.9	7.94	56.84	On-Time	8.2	5	About To Sleep
023faf5fac58639f7cf53cb7dd219859	2018-01-14	Sports Leisure	PR	Curitiba	69.49	16.25	85.74	On-Time	19.1	4	Customers Needing Attention
0240111ef6f94ee97599bd002acec1cd	2018-06-24	Luggage Accessories	SP	Itapolis	149.0	74.99	223.99	On-Time	4.9	5	Potential Loyalists
0240c9d87266e4cabc3bacdcdc6e77e4	2018-06-12	Garden Tools	SP	Sao Paulo	129.0	34.98	163.98	On-Time	6.3	5	Potential Loyalists
0241b276e1e2b1d6873473c44240b426	2018-02-21	Computers Accessories	RJ	Rio De Janeiro	84.0	17.03	101.03	Delayed	33.7	1	Promising Recent
024319cfbf2156b9b8a0a50c3aef45b7	2018-06-08	Watches Gifts	RJ	Rio De Janeiro	169.99	19.07	189.06	On-Time	10.0	5	Potential Loyalists
02440f65dc09737b491463739c347446	2018-02-26	Perfumery	SP	Osasco	119.9	15.59	135.49	Delayed	36.4	1	Potential Loyalists
02447024ad7cd72fab1af9b28bebb901	2018-04-11	Stationery	SP	Sao Paulo	73.9	11.62	85.52	On-Time	1.9	5	Promising Recent
024554aeb0da84476f1c31a711e0990c	2018-04-18	Bed Bath Table	MT	Cuiaba	17.9	17.06	34.96	On-Time	16.1	4	Promising Recent
024554aeb0da84476f1c31a711e0990c	2018-04-18	Bed Bath Table	MT	Cuiaba	17.9	17.06	34.96	On-Time	16.1	4	Promising Recent
0245631f7bd55dbee7c6b441629bba94	2017-10-05	Bed Bath Table	RJ	Rio De Janeiro	279.9	30.84	310.74	On-Time	8.1	2	About To Sleep
0245631f7bd55dbee7c6b441629bba94	2017-10-05	Bed Bath Table	RJ	Rio De Janeiro	329.9	33.82	363.72	On-Time	8.1	2	About To Sleep
0245631f7bd55dbee7c6b441629bba94	2017-10-05	Bed Bath Table	RJ	Rio De Janeiro	119.9	13.13	133.03	On-Time	8.1	2	About To Sleep
0245631f7bd55dbee7c6b441629bba94	2017-10-05	Bed Bath Table	RJ	Rio De Janeiro	119.9	12.33	132.23	On-Time	8.1	2	About To Sleep
02457250c331120c9dea3bf840316d54	2017-07-12	Toys	MG	Barbacena	349.99	18.76	368.75	On-Time	6.8	5	Lost / Hibernating
0245af1fbe1f70f5ac7c1793c78f12cb	2018-01-16	Watches Gifts	MG	Belo Horizonte	110.0	20.01	130.01	On-Time	14.3	5	About To Sleep
024602a52e3c89ca5f963affcd2bedad	2018-07-06	Auto	PR	Cianorte	27.9	18.3	46.2	On-Time	9.8	4	New Customers
0246b043b8ae041912cc7651ceb1ba2f	2017-10-26	Bed Bath Table	MG	Belo Horizonte	45.9	15.11	61.01	On-Time	8.4	5	About To Sleep
0247aa98317f60908e99f44e7a2a4896	2017-12-08	Garden Tools	RJ	Volta Redonda	89.99	45.09	135.08	Delayed	31.5	5	About To Sleep
0248cb6c91b223b74dc554e1d2c2a59d	2018-04-25	Computers Accessories	BA	Itatim	149.9	23.98	173.88	On-Time	13.1	5	Potential Loyalists
024a19cc498cc1a9efcf675d1ca465c3	2018-04-03	Auto	ES	Serra	177.65	25.37	203.02	Delayed	27.0	1	Potential Loyalists
024a74550cdbd36c0fe3955fc9e2bcf0	2018-08-09	Telephony	SP	Sao Paulo	27.99	7.46	35.45	Delayed	6.4	4	New Customers
024ab991361d48e491b7dad2f172b43f	2018-05-17	Office Furniture	PI	Teresina	79.98	34.04	114.02	Delayed	49.2	1	Potential Loyalists
024b3b6b53b99a1eb8b9b34515106765	2018-01-23	Bed Bath Table	SP	Ribeirao Preto	349.9	21.33	371.23	On-Time	10.1	5	Potential Loyalists
024bee763e8abbf0cd46fa7f440c41ea	2017-08-06	Health Beauty	SP	Guarulhos	29.99	14.1	44.09	On-Time	10.8	5	Lost / Hibernating
024bee763e8abbf0cd46fa7f440c41ea	2017-08-06	Health Beauty	SP	Guarulhos	29.99	14.1	44.09	On-Time	10.8	5	Lost / Hibernating
024d4903890a56c2e98df63a32206bd9	2017-11-04	Bed Bath Table	MG	Belo Horizonte	59.99	16.18	76.17	On-Time	10.5	4	About To Sleep
024d4ef645f204e4f95cb2a0d9cc61f9	2017-10-29	Bed Bath Table	MG	Juiz De Fora	56.99	16.16	73.15	On-Time	12.4	5	About To Sleep
024d4ef645f204e4f95cb2a0d9cc61f9	2017-10-29	Bed Bath Table	MG	Juiz De Fora	56.99	16.16	73.15	On-Time	12.4	5	About To Sleep
024d56279184e5cb942d9abf28fc14e6	2017-05-21	Computers Accessories	MG	Sabara	89.0	8.21	97.21	On-Time	1.7	1	Lost / Hibernating
024f8681c73783017f7cd5d5b061be3a	2017-09-12	Watches Gifts	SP	Sao Caetano Do Sul	49.0	7.78	56.78	On-Time	2.2	4	Lost / Hibernating
02504308041b6ad0a112b2b7159439ed	2018-03-09	Office Furniture	CE	Fortaleza	146.94	52.85	199.79	On-Time	32.4	4	Potential Loyalists
02504308041b6ad0a112b2b7159439ed	2018-03-09	Office Furniture	CE	Fortaleza	146.94	52.85	199.79	On-Time	32.4	4	Potential Loyalists
0250c3964e5ca77ecac2db28d78aa89f	2018-06-30	Consoles Games	RJ	Rio De Janeiro	36.2	18.35	54.55	On-Time	10.1	5	New Customers
02521a906b13fc8ff9314bf88adc31ed	2018-07-16	Watches Gifts	SP	Guarulhos	509.0	12.31	521.31	On-Time	4.3	5	Potential Loyalists
0252299d97791cd5879873cba920d1f7	2017-10-20	Health Beauty	ES	Cariacica	89.99	17.07	107.06	On-Time	11.3	5	About To Sleep
025321e4e9674e090b7bc101f9c5ab5a	2017-06-20	Furniture Decor	SP	Santos	59.9	50.92	110.82	On-Time	11.6	5	Loyal Customers
02542d42d329f6514533eef3af91edf9	2017-11-07	Watches Gifts	SP	Campinas	146.0	12.52	158.52	On-Time	9.1	4	About To Sleep
02546acbfd2949a1f63c44ad04978ea1	2018-07-22	Watches Gifts	SP	Sao Jose Dos Campos	78.0	7.81	85.81	On-Time	3.1	5	New Customers
02556030d826438ef986ab5fd723a9a5	2018-02-11	Garden Tools	BA	Arembepe	49.9	19.59	69.49	On-Time	22.4	1	Potential Loyalists
02556030d826438ef986ab5fd723a9a5	2018-02-11	Garden Tools	BA	Arembepe	49.9	19.59	69.49	On-Time	22.4	1	Potential Loyalists
02557013eeaffd86a6cc5ffd80a4b54e	2018-02-17	Furniture Decor	SP	Sao Paulo	90.0	9.44	99.44	On-Time	4.5	5	Potential Loyalists
02557013eeaffd86a6cc5ffd80a4b54e	2018-02-17	Furniture Decor	SP	Sao Paulo	90.0	9.44	99.44	On-Time	4.5	5	Potential Loyalists
02564f320004c61ebf621191f06365a9	2018-02-18	Computers Accessories	SP	Cosmopolis	25.9	11.85	37.75	On-Time	12.0	4	Promising Recent
0256530d814cde05587fcd8e1b992bc8	2017-09-28	Health Beauty	BA	Vitoria Da Conquista	325.0	18.71	343.71	On-Time	17.8	5	About To Sleep
0257956857cf61994611a0a19f4bc247	2017-10-16	Sports Leisure	RS	Cruz Alta	54.89	15.13	70.02	On-Time	7.8	5	About To Sleep
025830a006d984bf712a8c6a1eca41c0	2018-03-09	Cool Stuff	ES	Linhares	35.0	26.43	61.43	Delayed	33.1	1	Promising Recent
025884a2189930178d9ba3b1c6d0f9ba	2018-03-20	Bed Bath Table	BA	Catu	124.9	27.6	152.5	On-Time	8.2	4	Potential Loyalists
02593f8472d9ab3c2620b1b46166c231	2017-07-12	Toys	SP	Sao Paulo	499.9	10.75	510.65	On-Time	13.1	4	Lost / Hibernating
0259b4edb1ee1ebd0263f59bd790a938	2017-09-01	Health Beauty	SP	Sao Bernardo Do Campo	54.9	14.13	69.03	On-Time	18.6	4	Lost / Hibernating
0259bebdec429a3ec5a653df8f28574e	2018-01-07	Stationery	SP	Ubatuba	89.0	12.96	101.96	On-Time	19.1	5	About To Sleep
0259ec3c458d0e8c7564647a42408fa6	2018-03-14	Bed Bath Table	PR	Querencia Do Norte	79.9	19.53	99.43	On-Time	19.3	4	Promising Recent
025a244ae3d5e6c53b7f9c902643f510	2017-08-15	Market Place	RS	Gravatai	27.93	14.1	42.03	On-Time	13.2	5	Lost / Hibernating
025a548c7e6d70e6b6cf600a112b0d9c	2018-06-01	Housewares	RJ	Rio De Janeiro	159.0	36.24	195.24	On-Time	13.5	5	Potential Loyalists
025c72e88fbf2358be05c594d4ad5091	2017-03-15	Telephony	GO	Anapolis	19.9	20.8	40.7	On-Time	12.8	3	Lost / Hibernating
025c72e88fbf2358be05c594d4ad5091	2017-03-15	Telephony	GO	Anapolis	19.9	20.8	40.7	On-Time	12.8	3	Lost / Hibernating
025d78a44b8f48c66fd09239910302b1	2018-04-18	Home Construction	SP	Sao Vicente	827.99	14.15	842.14	On-Time	5.3	5	Potential Loyalists
025e095e20c6575abee30657b956b3ff	2018-08-16	Sports Leisure	SP	Sao Paulo	160.0	12.14	172.14	On-Time	5.2	5	Potential Loyalists
025e90567adfa253765b7fe0e844af3e	2017-06-10	Home Confort	SP	Sao Paulo	89.9	13.65	103.55	On-Time	9.2	5	Lost / Hibernating
025fe62703ce31742dc8bbe8b1a99b56	2017-12-16	Drinks	SP	Guarulhos	45.49	9.94	55.43	On-Time	4.3	5	About To Sleep
0260196efc012b1f83d543ba8220d0ee	2018-07-21	Pet Shop	SP	Sao Paulo	105.0	18.54	123.54	On-Time	5.7	5	Potential Loyalists
026054570865201773b27b2748af1217	2017-12-08	Electronics	SC	Caibi	19.9	15.1	35.0	On-Time	14.3	4	About To Sleep
02605c218285d02df75a255f13396f1e	2017-01-31	Telephony	PE	Timbauba	34.99	24.84	59.83	On-Time	13.8	5	Lost / Hibernating
02608b91ec6070ff5fcd4b63dd964232	2018-02-23	Toys	SP	Sao Paulo	30.5	7.78	38.28	On-Time	6.2	5	Promising Recent
0260b4ed1d24feacffa9d9783016a467	2017-03-21	Air Conditioning	SP	Sao Paulo	59.9	15.63	75.53	On-Time	17.4	3	Lost / Hibernating
02610d88ac343ed64988d2706ce3ebfd	2018-02-04	Musical Instruments	MG	Sao Joaquim De Bicas	28.0	15.11	43.11	On-Time	17.7	5	Promising Recent
0261459497a63d27d6f197c00f2402d3	2017-12-12	Stationery	MG	Sete Lagoas	79.0	17.8	96.8	On-Time	23.8	5	About To Sleep
0261b9a1fd7da49cec3906e055b2f59d	2017-02-26	Furniture Decor	TO	Couto De Magalhaes	169.0	29.46	198.46	On-Time	16.3	4	Lost / Hibernating
0261eac8b7b097ab1e28579b69e6ea90	2018-06-25	Furniture Living Room	SP	Sao Paulo	99.0	33.17	132.17	On-Time	3.0	1	Potential Loyalists
02623e799dcc1e41066ddfe4af591f24	2017-12-06	Health Beauty	DF	Brasilia	52.99	15.12	68.11	On-Time	17.4	4	About To Sleep
02624f7cd7272b3e027320023dbdc99b	2017-10-10	Computers Accessories	SC	Peritiba	31.9	16.79	48.69	On-Time	15.3	4	About To Sleep
0263464225bdea582f602c369c2b6061	2018-04-04	Bed Bath Table	SC	Florianopolis	39.99	16.95	56.94	On-Time	25.6	5	Promising Recent
026381d57420b32237d7d89a8daf21c9	2017-07-09	Pet Shop	RJ	Belford Roxo	16.99	15.11	32.1	On-Time	8.1	5	Lost / Hibernating
02640665fed0e2c2cdbe0f266a2aa1f2	2018-08-09	Bed Bath Table	BA	Salvador	134.9	27.89	162.79	On-Time	20.3	5	Potential Loyalists
02645c905eb7d1591a679f9bc3b669fd	2018-01-26	Cool Stuff	SP	Sao Jose Dos Campos	12.77	7.78	20.55	On-Time	3.9	5	Promising Recent
02659c8edf02d1cb48b8b388ac7da90e	2018-04-10	Auto	MG	Belo Horizonte	180.0	22.34	202.34	On-Time	13.0	5	Potential Loyalists
0265de29d2bf47d85101018e7f7d4ff6	2017-04-30	Pet Shop	MA	Imperatriz	45.9	31.95	77.85	On-Time	18.0	5	Lost / Hibernating
02661696e065aa02977870f3a87940ab	2017-12-14	Stationery	SP	Sao Joao Da Boa Vista	79.0	13.57	92.57	On-Time	6.9	4	About To Sleep
02671152ed141efc95384bdd230bc544	2017-11-26	Health Beauty	MG	Patos De Minas	46.4	16.11	62.51	On-Time	15.9	3	About To Sleep
0267556bb9e07f6184470cf755f5b5da	2017-05-06	Toys	RJ	Sao Goncalo	74.9	16.96	91.86	On-Time	23.6	5	Lost / Hibernating
02680f764ca402aabbb86572ed2731ef	2017-05-28	Furniture Decor	SP	Sao Caetano Do Sul	169.0	16.89	185.89	On-Time	2.5	3	Lost / Hibernating
0268c75309d105bb28b7523f57f46a69	2018-03-31	Bed Bath Table	RS	Canoas	79.9	17.76	97.66	Delayed	37.2	1	Potential Loyalists
0268c75309d105bb28b7523f57f46a69	2018-03-31	Bed Bath Table	RS	Canoas	99.9	25.05	124.95	Delayed	37.2	1	Potential Loyalists
0268f664f7833aa949da2eae5321aa5b	2017-04-27	Health Beauty	DF	Brasilia	18.99	15.65	34.64	On-Time	20.4	5	Lost / Hibernating
026a69b8c98fbfc61de9050c41f1dd95	2018-03-08	Auto	SP	Guarulhos	119.9	15.57	135.47	On-Time	3.4	4	Potential Loyalists
026a8d09914c519feb34944477b6bd41	2017-08-27	Furniture Decor	MG	Belo Horizonte	35.99	19.59	55.58	On-Time	13.0	4	Lost / Hibernating
026b41054c5e6b7a4e94a971bb94193c	2017-02-03	Auto	MG	Juiz De Fora	379.0	29.99	408.99	On-Time	7.5	5	Lost / Hibernating
026d16bd3f41638e1003e974e5487904	2017-09-12	Furniture Decor	PB	Cajazeiras	169.9	69.9	239.8	On-Time	28.3	5	Lost / Hibernating
026d2c7c84b97eb8854ca3fbdc6ab840	2017-03-11	Bed Bath Table	SP	Paulinia	184.9	16.4	201.3	On-Time	9.9	4	Lost / Hibernating
026f3440c258a87c9f6fb9c8e1bbb6e7	2017-10-18	Electronics	SP	Sao Paulo	38.99	8.72	47.71	Delayed	21.0	5	About To Sleep
02701a0103fedd7310a8d575f9a8d291	2017-07-24	Toys	SP	Boituva	173.9	16.85	190.75	On-Time	3.9	5	Lost / Hibernating
02702047ff5a89b9dd2f5afa7dcff91e	2017-05-11	Bed Bath Table	SP	Sao Paulo	41.9	16.79	58.69	On-Time	10.7	5	Lost / Hibernating
027042c68ea5fac4428694e17ac50538	2017-12-12	Electronics	RJ	Rio De Janeiro	25.9	16.79	42.69	On-Time	16.0	5	About To Sleep
02714865c4c2f281df219af0a56ffeaa	2017-11-30	Computers Accessories	SC	Florianopolis	109.9	15.52	125.42	On-Time	11.7	5	About To Sleep
02725851051698269253f0823e7824b6	2017-09-04	Perfumery	SP	Osasco	18.9	7.78	26.68	On-Time	3.7	5	Lost / Hibernating
027286057add812ecb77ad0b23604c06	2018-03-03	Computers Accessories	MG	Munhoz	149.0	23.84	172.84	On-Time	9.8	5	Potential Loyalists
02737086e020bd456ae19e98fee5c186	2018-01-17	Computers Accessories	SP	Presidente Prudente	257.13	14.14	271.27	On-Time	8.3	5	About To Sleep
02742159d4c85a23b993b6f11ae044ea	2018-01-15	Art	SP	Piracicaba	139.99	14.37	154.36	On-Time	7.2	5	About To Sleep
02748e01a6356d0e5072ac06f4dd0bc4	2018-06-04	Housewares	SP	Sao Paulo	104.9	12.07	116.97	On-Time	9.2	5	Potential Loyalists
02754590c907eb40ac34ed9b446970f6	2017-08-20	Toys	CE	Eusebio	49.9	17.63	67.53	On-Time	15.5	4	Lost / Hibernating
0275c0ac1928093069b95bb67cba52d8	2018-02-16	Bed Bath Table	BA	Euclides Da Cunha	49.8	16.79	66.59	On-Time	25.8	5	Promising Recent
0276bd1aea24c642af813980281af144	2017-03-28	Auto	PE	Jatoba	139.0	40.48	179.48	On-Time	21.5	5	Customers Needing Attention
0277e2828b1b5735351d7818e6658ed1	2017-09-10	Health Beauty	SP	Sao Paulo	59.0	11.91	70.91	On-Time	3.9	5	Lost / Hibernating
0277fae7eda81470bf6c87dc570e267a	2018-02-08	Fashion Underwear Beach	SC	Imbituba	49.9	15.1	65.0	Delayed	35.0	2	Promising Recent
027a84a16c22c706669f35d578853f3e	2018-03-31	Bed Bath Table	RJ	Santo Antonio De Padua	59.9	18.3	78.2	Delayed	32.1	1	Promising Recent
027ae252d37e5527c2e109e268b222e2	2018-05-19	Garden Tools	SP	Franca	53.9	14.47	68.37	On-Time	15.9	5	New Customers
027b013d2186e25c2b82beb3679d0833	2018-04-11	Housewares	RJ	Nova Friburgo	104.9	34.27	139.17	On-Time		1	Potential Loyalists
027b81ccdf72434e7346aafdf630ff31	2018-07-13	Watches Gifts	RJ	Rio De Janeiro	154.91	16.18	171.09	On-Time	19.4	3	Potential Loyalists
027bc78621f14cf45a7ce8dd83bf6516	2018-04-10	Bed Bath Table	SP	Araraquara	60.5	11.86	72.36	On-Time	4.2	5	Potential Loyalists
027bc78621f14cf45a7ce8dd83bf6516	2018-04-10	Bed Bath Table	SP	Araraquara	60.5	11.86	72.36	On-Time	4.2	5	Potential Loyalists
027d2a0c2a94018f57fd1b15f32a18a3	2018-01-04	Stationery	SP	Santo Andre	129.0	13.92	142.92	On-Time	11.2	5	About To Sleep
027e4543814c3b3509bbe890c569a841	2018-04-14	Electronics	CE	Fortaleza	329.0	54.12	383.12	On-Time	11.2	4	Potential Loyalists
027fb2504084c231e857f6cf558a9992	2017-10-09	Sports Leisure	SP	Barueri	124.9	17.12	142.02	On-Time	4.1	5	Champions
028116828b6e9f2b8070f1c4f66c68f0	2017-11-16	Perfumery	SC	Sangao	119.9	18.41	138.31	On-Time	15.2	5	About To Sleep
0281523bfda80130f35b98f38dfb279b	2017-09-22	Toys	SP	Santos	35.9	16.11	52.01	On-Time	11.3	4	About To Sleep
0281b24682fddf0c7efcaa299b066827	2018-06-24	Kitchen Dining Laundry Garden Furniture	SP	Cajobi	67.9	24.09	91.99	On-Time	5.0	5	New Customers
0282e83acfe3e7aaf60c871a4a9aca61	2018-05-10	Health Beauty	RJ	Araruama	58.0	31.12	89.12	On-Time	6.9	1	Potential Loyalists
0282e83acfe3e7aaf60c871a4a9aca61	2018-05-10	Market Place	RJ	Araruama	65.0	9.33	74.33	On-Time	6.9	1	Potential Loyalists
028369515408fa864cfe50091d4e76c5	2017-09-01	Furniture Decor	SP	Rio Claro	39.99	11.85	51.84	On-Time	11.1	5	Lost / Hibernating
0283a5f1680cc866884c09960d2462e3	2018-05-14	Furniture Decor	PR	Pato Branco	230.0	75.01	305.01	On-Time	9.2	5	Champions
02852b112ad108b3d2b3d4ee198d84a8	2017-11-25	Bed Bath Table	BA	Salvador	69.9	50.15	120.05	Delayed	49.4	1	About To Sleep
028558cddca332b40b4ac4cb77407edf	2017-06-26	Computers Accessories	TO	Gurupi	2649.99	134.17	2784.16	On-Time	11.4	5	Lost / Hibernating
02855eb3e469890c3b741adb0fd64f71	2017-05-12	Electronics	MG	Uberlandia	89.0	15.37	104.37	On-Time	10.9	5	Lost / Hibernating
028587d8834cae89e572f1db671d0419	2017-08-25	Luggage Accessories	BA	Itapitanga	99.9	23.57	123.47	On-Time	12.4	5	Lost / Hibernating
0286c83491d80e29a5f16c150abb76b2	2017-10-29	Furniture Decor	SP	Campinas	29.99	7.78	37.77	On-Time	2.9	4	About To Sleep
0286dd0f954cb641dc3eb5db5e4467e6	2017-12-09	Sports Leisure	RS	Nao-Me-Toque	59.9	16.18	76.08	On-Time	12.5	5	About To Sleep
0286e258217733541e80588e29c208c1	2017-10-08	Sports Leisure	AL	Maceio	58.9	22.73	81.63	On-Time	12.2	5	About To Sleep
02870408b4c4492b036a48140f2092ed	2018-01-21	Fashion Shoes	ES	Guarapari	84.9	17.84	102.74	On-Time	15.5	5	About To Sleep
02875e2e1d01d7a1533215fb97510b06	2017-08-25	Stationery	SP	Sao Paulo	199.0	8.65	207.65	On-Time	5.1	5	At Risk
02881d166b44a823fd6947e715dfa5e4	2017-09-29	Telephony	MG	Muzambinho	70.9	15.25	86.15	On-Time	11.3	5	About To Sleep
028aa70283170bf3cbfdce2c1b751cfa	2018-08-22	Electronics	MG	Capinopolis	64.5	19.64	84.14	On-Time	5.7	5	New Customers
028aa7c930356788f861ed1b7f984819	2018-01-13	Computers Accessories	RJ	Sao Goncalo	39.9	17.63	57.53	On-Time	16.1	4	About To Sleep
028ad19261e3ad3406ca689348755456	2017-05-18	Health Beauty	RS	Camaqua	467.0	18.02	485.02	On-Time	7.8	1	Lost / Hibernating
028b18bcd128b49e2982741f83b78e77	2018-08-10	Housewares	SP	Sao Paulo	260.0	37.12	297.12	Delayed	4.6	5	Potential Loyalists
028cad58dbd393e348c73435f8192919	2018-07-02	Art	SP	Lins	99.99	15.01	115.0	On-Time	8.4	3	Potential Loyalists
028d62c0fdae574114981f4fb33b5538	2018-02-27	Health Beauty	RS	Porto Alegre	57.9	16.17	74.07	Delayed	29.3	2	Promising Recent
028dc52e12ddda803ec1e35eb0b7b0d9	2017-12-19	Toys	SP	Poa	49.99	11.73	61.72	On-Time	2.2	5	About To Sleep
028df34320b87c04ef6de145db2e8444	2018-08-04	Housewares	SP	Sao Paulo	118.13	17.02	135.15	On-Time	6.4	5	Potential Loyalists
028e069ddb78a5a7179f1e6734e226c6	2017-08-20	Telephony	SC	Lages	20.99	15.1	36.09	On-Time	23.2	2	Lost / Hibernating
028e1ce5e085cc7810f340572c316b35	2017-05-21	Bed Bath Table	RJ	Duque De Caxias	89.9	15.38	105.28	On-Time	9.3	4	Lost / Hibernating
028e37ed7cdd54ad41506f61df708cf9	2018-04-10	Perfumery	SP	Sao Paulo	15.99	7.39	23.38	On-Time	2.1	5	Promising Recent
028e8f5a96db8d372890e03d22829e9b	2018-04-18	Computers Accessories	SP	Guarulhos	12.88	7.87	20.75	On-Time	2.3	2	Promising Recent
028f5779c98e7df5dc803824bdaae40b	2017-10-30	Garden Tools	SP	Sao Jose Dos Campos	74.9	25.04	99.94	On-Time	4.4	5	About To Sleep
028ffc48d3a4004a010e5847d7266cdb	2017-07-27	Telephony	MG	Contagem	12.97	14.1	27.07	On-Time	6.2	5	Lost / Hibernating
02905bba6aafd777542dacbfa8f4bc2d	2017-12-09	Small Appliances	SP	Candido Mota	48.9	17.6	66.5	On-Time	17.2	5	About To Sleep
02913330a2afb68b49bc9c5370bd5517	2018-01-28	Small Appliances	GO	Goiania	104.9	16.98	121.88	On-Time	17.1	3	Potential Loyalists
0292fb46a5e22715459cb9a7b96e7aae	2018-04-18	Sports Leisure	SP	Piracicaba	71.3	11.15	82.45	On-Time	4.9	5	Promising Recent
02950daa1214da108fb29cb5a0a3f74e	2018-06-26	Health Beauty	RJ	Rio De Janeiro	69.5	18.59	88.09	On-Time	4.2	4	New Customers
02951078a21a2d9341ea16089a4d5031	2017-03-16	Consoles Games	SE	Neopolis	235.0	22.1	257.1	On-Time	20.1	5	Lost / Hibernating
02971473bcfb16642904d57bc3be50b8	2017-06-30	Cool Stuff	SP	Sao Bernardo Do Campo	99.99	11.9	111.89	On-Time	4.0	5	Lost / Hibernating
0297a2a062d136015afa9f5d9623818f	2018-01-28	Electronics	SP	Guaratingueta	13.65	11.85	25.5	On-Time	17.3	3	Promising Recent
0297f94a646c942bde497bd200cce1ed	2017-12-26	Sports Leisure	SP	Sao Paulo	125.0	16.5	141.5	On-Time	14.9	5	About To Sleep
029863af4b968de1e5d6a82782e662f5	2017-07-06	Stationery	RJ	Nova Friburgo	25.99	15.1	41.09	On-Time	7.5	4	At Risk
029863af4b968de1e5d6a82782e662f5	2017-07-06	Stationery	RJ	Nova Friburgo	25.99	15.1	41.09	On-Time	7.5	5	At Risk
029a092ea19290f774d21c51fd7ac45f	2018-01-29	Health Beauty	GO	Sao Miguel Do Araguaia	99.87	17.14	117.01	On-Time	7.0	5	Potential Loyalists
029b1d3a355dec12cfed60927f076a9d	2018-07-17	Health Beauty	RJ	Rio De Janeiro	110.32	15.87	126.19	On-Time	9.1	4	Champions
029b1d3a355dec12cfed60927f076a9d	2018-07-17	Health Beauty	RJ	Rio De Janeiro	110.32	15.87	126.19	On-Time	9.1	4	Champions
029b2daf51dda061aeb1cf32c9306db7	2018-08-06	Pet Shop	SP	Praia Grande	29.9	18.31	48.21	On-Time	9.1	5	New Customers
029b99b0436c25c8de22cb828831ffa8	2018-07-30	Electronics	SP	Sao Paulo	379.0	63.63	442.63	On-Time	10.8	5	Potential Loyalists
029c366599ce117100419a093b7f6132	2018-06-17	Housewares	SP	Embu Das Artes	99.99	11.72	111.71	On-Time	7.9	5	Potential Loyalists
029c545413b10a6bd7540401f6eef0a3	2018-07-10	Musical Instruments	DF	Brasilia	1350.0	294.76	1644.76	On-Time	10.0	1	Potential Loyalists
029de66f2ffa0e793ca2aad5e304a748	2018-03-04	Cool Stuff	MG	Jequitinhonha	176.99	21.73	198.72	On-Time	15.8	4	Potential Loyalists
029e3b4c8e64bea4ba22e456cd1930a3	2017-08-10	Housewares	RS	Butia	69.9	17.74	87.64	On-Time	13.9	5	Lost / Hibernating
029e9be2972cf662f2cb336e98872ae3	2018-04-27	Toys	MS	Campo Grande	34.99	15.23	50.22	On-Time	11.8	5	Promising Recent
029f37989dcd7c9b928028086d68034b	2017-11-01	Bed Bath Table	RJ	Rio De Janeiro	69.9	16.25	86.15	On-Time	13.5	1	About To Sleep
029f7a5aabaadfcdfe8c0eddb59a1069	2018-03-05	Health Beauty	SP	Piracicaba	29.9	8.27	38.17	On-Time	2.8	5	Promising Recent
029f7a5aabaadfcdfe8c0eddb59a1069	2018-03-05	Health Beauty	SP	Piracicaba	29.9	8.27	38.17	On-Time	2.8	5	Promising Recent
02a001cb5f40b1fee4f0375c89cce463	2018-04-14	Small Appliances	MG	Divinopolis	30.49	18.23	48.72	On-Time	11.4	4	Promising Recent
02a001cb5f40b1fee4f0375c89cce463	2018-04-14	Small Appliances	MG	Divinopolis	30.49	18.23	48.72	On-Time	11.4	4	Promising Recent
02a059e99249511338c51476bf3d942e	2017-07-24	Toys	SP	Poa	119.99	12.04	132.03	On-Time	2.0	5	Champions
02a065131a2d2b72b45e2c63135606ad	2018-04-24	Furniture Decor	PR	Pato Branco	125.0	26.95	151.95	On-Time	9.6	5	Potential Loyalists
02a065131a2d2b72b45e2c63135606ad	2018-04-24	Furniture Decor	PR	Pato Branco	125.0	26.95	151.95	On-Time	9.6	5	Potential Loyalists
02a065131a2d2b72b45e2c63135606ad	2018-04-24	Furniture Decor	PR	Pato Branco	125.0	26.95	151.95	On-Time	9.6	5	Potential Loyalists
02a065131a2d2b72b45e2c63135606ad	2018-04-24	Furniture Decor	PR	Pato Branco	125.0	26.95	151.95	On-Time	9.6	5	Potential Loyalists
02a065131a2d2b72b45e2c63135606ad	2018-04-24	Furniture Decor	PR	Pato Branco	125.0	26.95	151.95	On-Time	9.6	5	Potential Loyalists
02a0929986b1647b2df9bb303b4851b9	2018-06-25	Electronics	SP	Suzano	259.0	39.58	298.58	On-Time	4.0	4	Potential Loyalists
02a0eb7c22b0616c767a45954a2a28f6	2016-10-09	Books General Interest	PE	Belo Jardim	119.5	25.04	144.54	On-Time		5	Lost / Hibernating
02a0f7101947ebb4e6d2ec4c1c929bbb	2017-12-14	Musical Instruments	BA	Salvador	89.99	22.5	112.49	Delayed	34.0	5	Customers Needing Attention
02a266b82c117c3bffd894e713438484	2017-07-15	Bed Bath Table	ES	Linhares	205.0	26.27	231.27	On-Time	9.0	5	Lost / Hibernating
02a3c3a1c72dbff557b2f56fc0caa847	2018-08-07	Housewares	MG	Belo Horizonte	25.0	15.28	40.28	On-Time	6.3	5	New Customers
02a4b1835e0a493657a4d3281ca249bb	2018-03-03	Sports Leisure	MG	Ribeirao Das Neves	129.9	27.23	157.13	On-Time	10.9	5	Potential Loyalists
02a54d22a5cd81b89c0a40bf9a75d9a4	2018-03-20	Health Beauty	SP	Sao Paulo	47.65	7.39	55.04	On-Time	7.3	5	Promising Recent
02a58113b6c316d2aa7e110c8bdcbe6a	2018-03-11	Computers Accessories	SP	Paulinia	42.99	15.23	58.22	On-Time	8.2	5	Promising Recent
02a79582212a06e4d617380fb2db8636	2017-12-13	Cool Stuff	SP	Campinas	35.9	15.11	51.01	On-Time	21.4	5	About To Sleep
02a7c0948e8f36cc17e787f73395de4d	2017-12-14	Electronics	BA	Brumado	9.0	16.79	25.79	On-Time	19.1	4	About To Sleep
02a96427d96112413499795f52a9a4e8	2018-05-22	Construction Tools Construction	SP	Atibaia	66.3	8.29	74.59	On-Time	10.0	5	New Customers
02a96c679e6086ecd026c42a83136068	2017-12-19	Sports Leisure	SP	Sao Carlos	67.9	11.98	79.88	On-Time	7.3	5	About To Sleep
02a98752595ee9d94c570ad3e18055b4	2018-08-02	Housewares	SP	Sao Bernardo Do Campo	68.9	11.5	80.4	Delayed	5.3	5	Champions
02a9c0d24428f373731752bcc9719ebe	2017-06-11	Toys	SP	Hortolandia	55.5	12.73	68.23	Delayed	32.1	1	Lost / Hibernating
02ac6689fe09c236d7651b93246b6dbe	2018-05-25	Bed Bath Table	SP	Maua	87.28	6.53	93.81	On-Time	13.3	3	New Customers
02acaa2a6f24e9c4e0bec7141b65f29b	2017-09-07	Computers Accessories	DF	Brasilia	29.9	14.1	44.0	On-Time	6.6	2	Lost / Hibernating
02ae2a6d1d1f1432dc743ca4f67033df	2018-07-30	Baby	MG	Belo Horizonte	158.0	16.21	174.21	On-Time	4.0	5	Potential Loyalists
02aec12849744e266394182861265286	2017-08-31	Baby	BA	Dias D'Avila	174.9	35.74	210.64	On-Time	12.1	5	Lost / Hibernating
02aeeaf3075593045bf2f59a7109e2c1	2018-07-22	Housewares	SP	Sao Paulo	52.39	19.56	71.95	On-Time	7.9	5	New Customers
02b02f566c72d81744ae60c7b6afa22d	2018-03-05	Stationery	SP	Sao Bernardo Do Campo	139.9	8.23	148.13	On-Time	4.4	4	Potential Loyalists
02b089f5e85ee9c52935ede2207b13e7	2018-05-13	Health Beauty	SP	Sao Paulo	29.9	7.71	37.61	On-Time	5.5	4	New Customers
02b09d03f22e1da491e4d578a0bc3f90	2018-03-05	Watches Gifts	DF	Brasilia	29.0	14.1	43.1	On-Time	8.6	5	Champions
02b0bf9164ac7753f9880e46dba17f6c	2017-06-17	Computers Accessories	SP	Sao Joao Da Boa Vista	19.99	20.78	40.77	On-Time	12.8	1	At Risk
02b0bf9164ac7753f9880e46dba17f6c	2017-06-17	Computers Accessories	SP	Sao Joao Da Boa Vista	19.74	2.91	22.65	On-Time	12.8	1	At Risk
02b2c02d27d60c0e658675335ca80216	2017-08-05	Garden Tools	RJ	Duque De Caxias	59.9	17.67	77.57	On-Time	26.2	5	Lost / Hibernating
02b39a781ee24f6997ad691ea7a01491	2017-12-10	Computers Accessories	SP	Sao Paulo	105.0	21.57	126.57	On-Time	7.2	3	Loyal Customers
02b57854fda246aca8459d17f5ccbffa	2017-09-28	Housewares	SP	Sao Paulo	49.99	11.73	61.72	On-Time	10.0	5	About To Sleep
02b57c07010db3ded50936152756a6e8	2018-02-17	Furniture Decor	RJ	Nilopolis	99.9	16.95	116.85	On-Time	13.0	5	Potential Loyalists
02b63408e665194f2794a94576001e56	2017-03-16	Sports Leisure	SP	Pirapora Do Bom Jesus	189.9	49.85	239.75	On-Time	11.2	5	Lost / Hibernating
02b73712c7944322d0b5a314f2424ee4	2017-09-16	Health Beauty	RJ	Rio De Janeiro	89.99	14.38	104.37	On-Time	10.5	5	About To Sleep
02b7a3c4c3376a74359add1cdf94bbd8	2018-08-14	Watches Gifts	SP	Tatui	178.0	13.91	191.91	On-Time	7.3	5	Potential Loyalists
02b7cbd604df10c09427902dc682b0d3	2018-03-03	Cool Stuff	SP	Sorocaba	35.0	13.08	48.08	On-Time	8.0	5	Promising Recent
02b7e7c49710de373ce4bb83fd4bf81d	2017-05-10	Books General Interest	PR	Santa Helena	53.9	13.4	67.3	On-Time	7.2	5	Lost / Hibernating
02b8c16664d3c254052472397ae6d244	2017-08-15	Cool Stuff	SP	Guaira	108.0	13.1	121.1	On-Time	9.4	4	Lost / Hibernating
02b8fcdd1bd75d7d5861f407dde29768	2018-05-15	Perfumery	RO	Porto Velho	13.99	22.85	36.84	On-Time	18.2	5	Champions
02b939dcd55f2b17680e10690deb08b5	2017-08-06	Furniture Decor	SP	Sao Paulo	75.0	13.08	88.08	On-Time	2.3	5	Lost / Hibernating
02b939dcd55f2b17680e10690deb08b5	2017-08-06	Furniture Decor	SP	Sao Paulo	75.0	13.08	88.08	On-Time	2.3	5	Lost / Hibernating
02b9a87c19eb57b9ebaebb3a6850de9f	2017-10-25	Sports Leisure	MG	Conselheiro Lafaiete	97.0	17.93	114.93	On-Time	12.3	5	About To Sleep
02b9fd867657f257dc634a2e7e0f73c5	2017-06-10	Pet Shop	DF	Brasilia	120.0	16.6	136.6	On-Time		1	Lost / Hibernating
02bbf7328b514a90bedde6541c213811	2017-04-05	Stationery	MG	Belo Horizonte	30.9	8.72	39.62	On-Time	5.0	4	Customers Needing Attention
02bcd06d9bfda1c2a4037560bed7b90f	2018-04-16	Toys	SP	Taruma	126.79	33.75	160.54	On-Time	4.0	4	Potential Loyalists
02bd584dedf7373cb07b6540cadf9a76	2018-08-04	Health Beauty	GO	Goiania	54.0	23.18	77.18	On-Time	9.8	5	New Customers
02bd92abe094825e0683bacaacb64285	2017-11-27	Health Beauty	TO	Palmas	59.9	25.7	85.6	On-Time	17.2	5	About To Sleep
02be6bbf24cd996eb35dad6e9e7a09ab	2018-01-19	Sports Leisure	MG	Juiz De Fora	210.0	50.0	260.0	On-Time	19.4	4	About To Sleep
02beac5428ccbd30f4b3fbded058289f	2017-10-29	Stationery	SP	Sao Paulo	21.99	26.84	48.83	On-Time	7.9	5	About To Sleep
02beac5428ccbd30f4b3fbded058289f	2017-10-29	Computers Accessories	SP	Sao Paulo	75.9	1.8	77.7	On-Time	7.9	5	About To Sleep
02bee300cb834a5d334ae42fdc325e7a	2018-06-19	Watches Gifts	SP	Sao Paulo	195.9	8.63	204.53	On-Time	2.1	5	Potential Loyalists
02bf0154cffa7eff0ce73027221834b9	2018-06-12	Baby	BA	Salvador	130.0	67.44	197.44	On-Time	15.1	5	Potential Loyalists
02bfd16c1a67263989b258fa92e20d3b	2018-08-16	Telephony	PB	Mae D'Agua	39.89	51.0	90.89	On-Time	13.0	4	New Customers
02c05171c3cd91c2cdce7e0f861c9a9d	2017-12-22	Telephony	MG	Belo Horizonte	29.99	14.1	44.09	On-Time	12.2	3	About To Sleep
02c13bb9b84866055ea2074cc6a83a16	2018-06-27	Furniture Living Room	SC	Balneario Camboriu	99.0	64.06	163.06	On-Time	13.8	3	Potential Loyalists
02c279c60b8aafcb89cb42f9bc4b754e	2017-04-04	Perfumery	SP	Sao Paulo	292.9	16.22	309.12	On-Time	5.6	5	Lost / Hibernating
02c371100bf54facae80322579c7fefb	2017-11-07	Flowers	SP	Santos	49.9	9.34	59.24	On-Time	9.8	5	About To Sleep
02c51fbf49fd8169c04fbc30e9632ebf	2018-03-20	Bed Bath Table	SP	Bauru	45.99	11.86	57.85	On-Time	5.8	5	Promising Recent
02c5426a54d34d28a32088cf69167730	2017-06-30	Garden Tools	RJ	Rio De Janeiro	32.9	17.6	50.5	On-Time	10.9	5	Lost / Hibernating
02c6f38cbd2d15df19cf2621019823fd	2017-07-06	Computers Accessories	RS	Pejucara	189.89	17.09	206.98	On-Time	12.4	5	Lost / Hibernating
02c6f38cbd2d15df19cf2621019823fd	2017-07-06	Computers Accessories	RS	Pejucara	189.89	17.09	206.98	On-Time	12.4	5	Lost / Hibernating
02c84deb7aa1f2e74090d56a0ec84120	2018-03-01	Electronics	RJ	Japeri	18.9	15.1	34.0	Delayed	32.1	1	Promising Recent
02c8875e5351540e76019fb7429e163f	2018-02-15	Electronics	SP	Sao Paulo	9.0	7.78	16.78	On-Time	7.9	4	Loyal Customers
02c8a77069dc7fd1cf273312c3a6e499	2017-08-30	Unknown	RJ	Cordeiro	279.99	15.55	295.54	On-Time	4.6	4	Lost / Hibernating
02c8bbea821df770f3665094a0ecfc1c	2017-10-01	Stationery	SP	Presidente Prudente	79.0	13.57	92.57	On-Time	8.1	5	About To Sleep
02c8da4642d8bb546d022a0701ea1b5a	2018-07-24	Pet Shop	SP	Sao Paulo	109.9	43.91	153.81	On-Time	3.1	1	Potential Loyalists
02c9b2b746777e4dadcf72941e5a010d	2017-04-14	Perfumery	BA	Salvador	194.99	23.29	218.28	On-Time	18.0	5	At Risk
02c9fa29186a8d00b3e73d3837ea40e5	2018-08-18	Pet Shop	RJ	Vassouras	25.99	18.25	44.24	On-Time	5.0	1	New Customers
02c9fa29186a8d00b3e73d3837ea40e5	2018-08-18	Pet Shop	RJ	Vassouras	19.0	18.25	37.25	On-Time	5.0	1	New Customers
02ca7369ae10c2f90a73b79be24387cd	2018-04-25	Bed Bath Table	SC	Braco Do Norte	126.0	18.76	144.76	On-Time	16.5	5	Potential Loyalists
02cb14245fd2ce5926afb2225f28b002	2018-02-20	Small Appliances	MG	Belo Horizonte	319.0	20.77	339.77	On-Time	7.1	5	Loyal Customers
02cb37269f256232b81be588ef056c92	2018-03-05	Computers Accessories	SP	Sao Paulo	135.0	15.83	150.83	Delayed	32.7	1	Potential Loyalists
02cb7027f3074adf1407706d712298f7	2018-08-07	Stationery	PA	Belem	135.9	23.67	159.57	On-Time	10.1	4	Potential Loyalists
02cbfc1aa8d209d7fec3325970ca22a6	2018-06-13	Telephony	SP	Sao Paulo	27.99	7.46	35.45	On-Time	6.9	1	New Customers
02cda26d2cd43c51fefac9e3291fbc9b	2018-05-04	Watches Gifts	RJ	Nova Iguacu	49.0	15.23	64.23	On-Time	7.3	2	Promising Recent
02cdf0f2b05845468fdf0c104e24ae17	2018-08-17	Stationery	MT	Sorriso	44.0	9.99	53.99	On-Time	12.7	5	New Customers
02cdf0f2b05845468fdf0c104e24ae17	2018-08-17	Stationery	MT	Sorriso	29.3	9.99	39.29	On-Time	12.7	5	New Customers
02ce6664223305cea5b46ef1f2d81461	2017-08-02	Electronics	SP	Sao Paulo	42.95	11.85	54.8	On-Time	5.8	5	Lost / Hibernating
02ce7f70a5c7a6b04c29a98b061d68b7	2017-06-05	Toys	SP	Jundiai	329.9	57.59	387.49	On-Time	10.8	5	Lost / Hibernating
02d0cd05f04ab2e3c1acc473b0abc865	2018-03-25	Fashion Bags Accessories	PA	Jacareacanga	49.0	37.04	86.04	Delayed	51.9	1	Promising Recent
02d2287dea15cd93d945f1749f3288ed	2017-01-31	Health Beauty	SP	Presidente Prudente	36.85	11.74	48.59	On-Time	9.8	3	Lost / Hibernating
02d273267575a29864f552b2de598580	2018-05-28	Furniture Decor	DF	Brasilia	150.0	9.67	159.67	On-Time	15.9	5	Potential Loyalists
02d273267575a29864f552b2de598580	2018-05-28	Furniture Decor	DF	Brasilia	40.0	21.49	61.49	On-Time	15.9	5	Potential Loyalists
02d2fbf1c9a20d04ceab86eb736fa22e	2018-06-14	Watches Gifts	SP	Marilia	49.0	13.0	62.0	On-Time	5.0	4	New Customers
02d3254501ce969c22c38d060166bf68	2018-07-14	Garden Tools	MG	Campina Verde	99.99	23.69	123.68	On-Time	9.0	5	Potential Loyalists
02d33b6a9d9e61e68ef9190bd30aefce	2017-11-23	Perfumery	PR	Palmas	39.0	16.11	55.11	On-Time	23.1	3	About To Sleep
02d3eba685e8150e0e3abacd9c230642	2018-05-29	Stationery	SP	Sorocaba	31.0	7.39	38.39	On-Time	9.2	4	New Customers
02d50facee2072550ae5a8ef3dc2e10f	2018-01-13	Furniture Decor	SP	Sao Paulo	38.4	9.34	47.74	On-Time	5.9	5	About To Sleep
02d50facee2072550ae5a8ef3dc2e10f	2018-01-13	Furniture Decor	SP	Sao Paulo	38.4	9.34	47.74	On-Time	5.9	5	About To Sleep
02d5935847b855f189ad0391968773b2	2017-10-13	Toys	BA	Teixeira De Freitas	34.9	16.79	51.69	On-Time	17.0	5	About To Sleep
02d63a39dc1b1a296141b46d3db19415	2018-03-31	Health Beauty	SP	Paulinia	130.0	15.79	145.79	On-Time	13.0	1	Potential Loyalists
02d8088eb13e63f678999f21c72b0047	2018-03-05	Musical Instruments	SP	Sao Paulo	39.9	14.08	53.98	On-Time	9.3	5	Promising Recent
02d84940c88e0c1c91ec65aeb663578d	2018-02-03	Computers Accessories	SP	Jandira	180.0	10.01	190.01	On-Time	4.2	4	Potential Loyalists
02d8a3fffa425e73385cc7f7a6518fbe	2018-04-27	Auto	SP	Paulinia	14.0	7.39	21.39	On-Time	5.5	5	Promising Recent
02d9d1d66bff41ffbce36cb7248351f3	2017-10-28	Bed Bath Table	SP	Sao Paulo	107.99	12.26	120.25	On-Time	5.7	3	About To Sleep
02da43e64b38100ea4b0b4a76cc2ba66	2017-05-24	Toys	RS	Sao Leopoldo	249.99	18.32	268.31	On-Time	7.4	5	Lost / Hibernating
02dade411839b1c334363dc9058e1124	2017-09-18	Computers Accessories	SP	Sao Paulo	218.36	13.03	231.39	On-Time	14.1	3	About To Sleep
02db3eec8ec9d3a35e2afe15367f21b8	2018-03-26	Health Beauty	SP	Bauru	58.99	13.49	72.48	On-Time	8.1	3	Promising Recent
02dbd29bc7a490d582762fae9f0fd997	2017-11-24	Auto	MA	Sao Luis	48.3	21.15	69.45	On-Time	19.6	3	About To Sleep
02dcfbe3274b16820a9fca74c156dc9a	2017-11-20	Consoles Games	SP	Sao Jose Do Rio Preto	454.0	15.52	469.52	On-Time	15.2	5	About To Sleep
02de39953ce1cf1f7c6d46aac400ee82	2018-07-23	Fashion Bags Accessories	PR	Paicandu	69.0	18.58	87.58	On-Time	7.0	5	New Customers
02dec5fbe189e3c2ccd9ba071c6bb78d	2017-12-08	Bed Bath Table	SP	Sao Bernardo Do Campo	126.0	13.9	139.9	On-Time	20.8	5	About To Sleep
02df7a4137081ada2a06ac6e2bca6364	2017-09-19	Baby	SP	Jundiai	109.99	27.21	137.2	Delayed	14.3	1	About To Sleep
02e0b68852217f5715fb9cc885829454	2017-11-24	Perfumery	SP	Taubate	56.99	11.9	68.89	On-Time	6.5	4	About To Sleep
02e0b68852217f5715fb9cc885829454	2017-11-24	Perfumery	SP	Taubate	56.99	11.9	68.89	On-Time	6.5	4	About To Sleep
02e0c2efb6d9bb2a95ca90b7e78bec1f	2018-04-01	Bed Bath Table	SP	Sumare	39.99	12.79	52.78	On-Time	8.3	1	Potential Loyalists
02e0c2efb6d9bb2a95ca90b7e78bec1f	2018-04-01	Bed Bath Table	SP	Sumare	39.99	12.79	52.78	On-Time	8.3	1	Potential Loyalists
02e0c2efb6d9bb2a95ca90b7e78bec1f	2018-04-01	Bed Bath Table	SP	Sumare	39.99	12.79	52.78	On-Time	8.3	1	Potential Loyalists
02e0c2efb6d9bb2a95ca90b7e78bec1f	2018-04-01	Bed Bath Table	SP	Sumare	39.99	12.79	52.78	On-Time	8.3	1	Potential Loyalists
02e0c2efb6d9bb2a95ca90b7e78bec1f	2018-04-01	Bed Bath Table	SP	Sumare	39.99	12.79	52.78	On-Time	8.3	1	Potential Loyalists
02e151e3ad2aa3f8e99de08c81a93c2c	2017-06-23	Garden Tools	MG	Congonhas	59.9	17.67	77.57	On-Time	10.2	5	Lost / Hibernating
02e151e3ad2aa3f8e99de08c81a93c2c	2017-06-23	Garden Tools	MG	Congonhas	59.9	17.67	77.57	On-Time	10.2	5	Lost / Hibernating
02e15a348e5f7ae74cd23e7904095aee	2018-04-02	Sports Leisure	SP	Sao Paulo	149.99	23.93	173.92	On-Time	8.3	5	Potential Loyalists
02e15a348e5f7ae74cd23e7904095aee	2018-04-02	Sports Leisure	SP	Sao Paulo	149.99	23.93	173.92	On-Time	8.3	5	Potential Loyalists
02e20d5cc0d1df880e43ab3ed50a238b	2018-01-24	Toys	SP	Jundiai	129.99	14.51	144.5	On-Time	7.4	5	Potential Loyalists
02e275a40a23c32f81e13045c84b5a19	2017-11-10	Office Furniture	SP	Sao Paulo	196.99	35.54	232.53	On-Time	17.0	5	About To Sleep
02e3d94731a28fe10ec1aa91b72b544b	2018-04-29	Computers Accessories	PR	Itaipulandia	24.99	18.23	43.22	On-Time	9.0	5	Promising Recent
02e405aa2667a116637cdb4affaf93c0	2018-04-17	Bed Bath Table	MG	Dores Do Indaia	69.99	31.87	101.86	On-Time	13.0	5	Loyal Customers
02e405aa2667a116637cdb4affaf93c0	2018-04-17	Bed Bath Table	MG	Dores Do Indaia	49.95	10.52	60.47	On-Time	13.0	5	Loyal Customers
02e440cd2d735b66f2c859ecd1ec44bd	2017-11-24	Bed Bath Table	SP	Pitangueiras	116.9	13.16	130.06	Delayed	20.5	4	About To Sleep
02e4a3c7ec652c4ab1077763215580cf	2018-03-19	Sports Leisure	SP	Guarulhos	19.0	8.88	27.88	On-Time	4.9	1	Promising Recent
02e4a3c7ec652c4ab1077763215580cf	2018-03-19	Sports Leisure	SP	Guarulhos	19.0	8.88	27.88	On-Time	4.9	1	Promising Recent
02e6bcccce2e88560389846400e74e50	2017-10-18	Consoles Games	PE	Recife	219.0	45.38	264.38	On-Time	19.9	5	About To Sleep
02e7b3980e9984556bb3a764306f3e31	2018-03-18	Housewares	SC	Blumenau	89.9	23.56	113.46	On-Time	16.1	4	Potential Loyalists
02e827a9f1e829b50b81eb9e26588ed9	2017-08-11	Toys	SP	Sao Paulo	59.9	7.78	67.68	On-Time	7.0	3	Lost / Hibernating
02e8498a91ec0e72dfaff47b27c805a3	2017-11-03	Fashion Shoes	RS	Caxias Do Sul	84.9	17.84	102.74	On-Time	15.0	5	About To Sleep
02ea547b6d2ee25305588fd50df58b46	2017-03-23	Telephony	RS	Porto Alegre	23.99	15.65	39.64	On-Time		4	Lost / Hibernating
02ea54f5cf3a07904182167e104f97ff	2017-03-19	Cool Stuff	SP	Itu	129.99	13.49	143.48	On-Time	9.9	5	Lost / Hibernating
02ead97e330f2220485cb34ceaf2fad9	2017-06-25	Fashion Bags Accessories	SC	Canoinhas	54.9	15.13	70.03	On-Time	9.7	3	Lost / Hibernating
02ebcb8b63b7e61be9514866e432d1d8	2018-01-25	Computers Accessories	SP	Sao Paulo	149.9	23.37	173.27	On-Time	11.3	4	Potential Loyalists
02ec38bbb2e837e0ef32fae6c5a651b5	2018-03-16	Books Technical	SP	Cubatao	24.0	8.88	32.88	On-Time	4.8	4	Promising Recent
02ec4da9d03014f06d711d60eb37cc22	2017-04-28	Bed Bath Table	MG	Belo Horizonte	85.0	20.08	105.08	On-Time		1	At Risk
02ed129a369c56d40549270ac5900864	2018-07-02	Watches Gifts	MG	Itauna	139.0	14.31	153.31	On-Time	2.7	5	Potential Loyalists
02ed3b96772956405d25c2d35c766c68	2018-04-11	Stationery	MG	Belo Horizonte	89.9	9.36	99.26	On-Time	1.6	5	Promising Recent
02ef9aa8b6692c2ff049065f5a150c28	2018-08-01	Sports Leisure	MG	Belo Horizonte	29.9	15.31	45.21	On-Time	6.3	4	New Customers
02efbfba398618f44f8c4097d6822ddd	2018-07-25	Health Beauty	SP	Salto	29.9	7.47	37.37	On-Time	5.0	4	New Customers
02f0618d94e9aeeb35a81835fa5c64d7	2017-12-18	Watches Gifts	RJ	Rio De Janeiro	119.0	21.32	140.32	On-Time	16.3	1	About To Sleep
02f0618d94e9aeeb35a81835fa5c64d7	2017-12-18	Watches Gifts	RJ	Rio De Janeiro	119.0	21.32	140.32	On-Time	16.3	1	About To Sleep
02f1d13053a2833d022b8921ee3411a3	2018-08-02	Sports Leisure	SC	Rodeio	74.99	19.72	94.71	On-Time	7.2	5	New Customers
02f2c7fceceffdefd9a7e96abe08d93f	2017-06-18	Office Furniture	GO	Goiania	179.99	40.19	220.18	On-Time	15.8	5	Lost / Hibernating
02f2f6063eb01b5e6e29bda347635389	2018-03-19	Musical Instruments	SP	Sao Bernardo Do Campo	49.0	7.39	56.39	On-Time	4.2	5	Promising Recent
02f30be57375dc610c40ca989d2385b7	2017-11-27	Auto	SP	Salto	69.0	11.73	80.73	On-Time		2	About To Sleep
02f4865eba77caf307bb9f08d0a59a32	2017-04-19	Auto	PR	Londrina	117.3	22.29	139.59	On-Time	20.4	3	Lost / Hibernating
02f4ae2225612fe9e42562a8e1f466b3	2018-01-08	Auto	MG	Santa Luzia	27.18	15.11	42.29	On-Time	8.8	5	About To Sleep
02f4dd90ba0feb8ec394cac05862d2b5	2018-05-29	Consoles Games	AM	Humaita	79.9	51.06	130.96	On-Time	27.5	5	Potential Loyalists
02f6d9982a52e44cf5a2be82598d078d	2017-09-16	Baby	RJ	Armacao Dos Buzios	213.0	18.74	231.74	On-Time	17.8	5	About To Sleep
02f751c4c2fc8ca376b65c8847b65f4d	2018-06-16	Construction Tools Safety	SP	Presidente Epitacio	128.25	15.21	143.46	On-Time	4.4	2	Potential Loyalists
02f82a2b0b79e9dbb86c47cef1e92063	2017-05-02	Furniture Decor	SP	Sao Jose Dos Campos	109.9	15.88	125.78	On-Time	10.6	1	Lost / Hibernating
02f8584bbcb3aeae87d8e697737fb5b1	2018-06-11	Health Beauty	RJ	Rio De Janeiro	97.65	8.42	106.07	On-Time	2.2	5	New Customers
02f886b28af7079755677a544bc54fda	2017-11-08	Bed Bath Table	SP	Guaruja	69.9	54.24	124.14	On-Time	13.6	5	About To Sleep
02fab07a655ce404330d65b508f32d9e	2017-05-19	Auto	GO	Serranopolis	122.99	164.98	287.97	On-Time	20.1	5	Lost / Hibernating
02fafd9313d5274736b9740f23006a8d	2017-11-19	Musical Instruments	PR	Medianeira	301.0	17.87	318.87	On-Time	10.7	5	About To Sleep
02fbb3b024a111c7e8a629bbd86df0e2	2018-05-29	Auto	SP	Sao Paulo	119.0	29.19	148.19	On-Time	8.3	5	Potential Loyalists
02fc46ea58b91abb0507c92e7f6e33ff	2017-08-15	Small Appliances	SP	Sao Bernardo Do Campo	26.9	7.78	34.68	On-Time	3.4	5	Lost / Hibernating
02fc75303e2529f036cb819168fa21a0	2018-07-17	Stationery	MG	Caratinga	50.0	18.45	68.45	On-Time	6.7	5	Champions
02fe1a0806a5041f35fc69f658202c34	2018-05-11	Computers Accessories	RJ	Niteroi	79.9	15.44	95.34	On-Time	11.0	1	New Customers
02ff3675b59b53ca5cdcb2b6752aeea1	2017-02-02	Garden Tools	RS	Pelotas	53.95	15.59	69.54	On-Time	11.6	5	Lost / Hibernating
0300095becf10f9b2993706759522741	2018-07-01	Consoles Games	SP	Hortolandia	89.0	9.93	98.93	On-Time	9.0	3	New Customers
03005a2f16aaf981d51d8ef44222444a	2018-02-04	Furniture Living Room	MT	Cuiaba	139.9	39.97	179.87	On-Time	17.1	5	Potential Loyalists
030106c028266ae3345eb9bf6dd790c1	2017-12-24	Drinks	RJ	Rio De Janeiro	57.49	16.16	73.65	On-Time	11.3	5	About To Sleep
0301ec492e902f2630234df285fa2a1b	2017-08-30	Health Beauty	AL	Paripueira	349.9	29.3	379.2	On-Time	26.7	4	Lost / Hibernating
030475e22d114f70be1a265fee326192	2018-04-23	Garden Tools	SP	Sao Paulo	44.9	12.79	57.69	On-Time	3.1	5	Promising Recent
03053b1cb20006c7f8160754d56f4f6f	2018-02-19	Fashion Bags Accessories	RJ	Macae	37.9	16.11	54.01	On-Time	4.2	1	Promising Recent
03054d8a8eefc2981cfad06f58e27979	2017-10-02	Cool Stuff	SP	Sao Paulo	58.9	15.16	74.06	On-Time	17.4	5	About To Sleep
03059ebda0b2ad61612b300fe34ed8e2	2018-05-10	Construction Tools Construction	CE	Fortaleza	39.9	19.04	58.94	On-Time	19.9	5	New Customers
0306b467a7c7d400d265b71cf6608e15	2018-02-01	Office Furniture	PR	Curitiba	61.5	13.58	75.08	On-Time	8.2	5	Promising Recent
0307d42d9c781d32f86cdf1fa5c8670b	2017-03-16	Cool Stuff	RJ	Rio De Janeiro	80.0	9.57	89.57	On-Time	5.1	1	Lost / Hibernating
0307d42d9c781d32f86cdf1fa5c8670b	2017-03-16	Sports Leisure	RJ	Rio De Janeiro	50.0	12.9	62.9	On-Time	5.1	1	Lost / Hibernating
030840d9a6c8137615d5a2c916667c2c	2017-08-01	Health Beauty	SP	Lucelia	58.2	15.16	73.36	On-Time	14.2	5	Lost / Hibernating
0308fbee05263aa1eb0b932e2dc7b4fd	2018-04-27	Fashion Bags Accessories	MG	Formoso	699.0	19.95	718.95	On-Time	12.0	5	Potential Loyalists
0309a18e1e836baa9cd7289da085b4e1	2018-05-03	Computers Accessories	SP	Sao Paulo	41.9	7.39	49.29	On-Time	8.0	5	Promising Recent
030aeef4719e9d33e0c39bd00a9a14be	2017-06-30	Baby	SP	Guarulhos	388.0	50.22	438.22	Delayed	17.8	1	Lost / Hibernating
030bc9dbf75985f16a84a296363fda3f	2018-02-17	Computers Accessories	RJ	Paraiba Do Sul	149.0	40.37	189.37	On-Time	7.3	5	Potential Loyalists
030bc9dbf75985f16a84a296363fda3f	2018-02-17	Computers Accessories	RJ	Paraiba Do Sul	149.0	40.37	189.37	On-Time	7.3	5	Potential Loyalists
030c39b681ff2f80d984e9190524a029	2018-04-29	Garden Tools	SP	Itaquaquecetuba	53.9	10.13	64.03	On-Time	11.1	4	Promising Recent
030c7ec55b04c23a239cd70bd9750e18	2017-05-15	Stationery	SP	Cerquilho	69.9	13.51	83.41	On-Time	7.8	5	Lost / Hibernating
030d5292e5796b7c461070e04a7ad556	2018-02-01	Health Beauty	SP	Campinas	89.9	15.39	105.29	On-Time	5.6	5	Promising Recent
030e16ae69706dde9e78557f9b501657	2017-05-26	Toys	RJ	Rio De Janeiro	399.99	15.63	415.62	On-Time	4.8	4	Lost / Hibernating
030e234a82944425a6f46d5b2552b848	2017-03-06	Health Beauty	BA	Ibotirama	44.9	20.8	65.7	On-Time	23.9	4	Lost / Hibernating
030e558867da892772c999f60d09e854	2017-11-30	Toys	RJ	Teresopolis	139.0	20.21	159.21	On-Time	17.9	5	About To Sleep
030e9e4de3076fb365bf6549b920215a	2017-05-31	Health Beauty	SP	Itapeva	64.99	11.95	76.94	On-Time	5.7	1	Lost / Hibernating
030f7abd700a4ceae9a8c4cff4b3dc95	2017-10-18	Auto	SP	Indaiatuba	399.99	19.05	419.04	On-Time	7.0	4	About To Sleep
03104945dce5c57f748dbb3dbd62daeb	2018-06-27	Auto	GO	Goiania	45.0	15.42	60.42	On-Time	12.8	5	New Customers
031096cba2ef517ed59888ecb13d69e2	2018-01-11	Toys	RJ	Petropolis	159.99	10.13	170.12	On-Time	4.8	5	About To Sleep
031177de64d3bb73364a5f3306551105	2018-04-27	Books General Interest	PR	Ponta Grossa	24.9	18.23	43.13	On-Time	10.1	5	Potential Loyalists
031177de64d3bb73364a5f3306551105	2018-04-27	Books General Interest	PR	Ponta Grossa	24.9	18.23	43.13	On-Time	10.1	5	Potential Loyalists
031177de64d3bb73364a5f3306551105	2018-04-27	Books General Interest	PR	Ponta Grossa	24.9	18.23	43.13	On-Time	10.1	5	Potential Loyalists
0311da9b3ac095a57a2662813e179bcb	2018-02-20	Garden Tools	MG	Juiz De Fora	153.0	21.56	174.56	On-Time	19.8	4	Potential Loyalists
03128233e78ed8ade6738f2043f4cf8d	2016-10-04	Health Beauty	RJ	Bacaxa	57.9	14.61	72.51	On-Time	26.9	4	Lost / Hibernating
0312ecf90786def87f98aa19e0e0ce63	2017-05-10	Toys	SP	Santo Andre	35.0	7.78	42.78	Delayed	7.8	5	Lost / Hibernating
03138c298bfe1ee7855eefc9442346a8	2018-06-15	Bed Bath Table	RJ	Duque De Caxias	40.0	19.47	59.47	On-Time		3	New Customers
031494323fa558eee8dd1bd06fc34713	2017-11-26	Electronics	PR	Mandaguari	13.65	15.1	28.75	Delayed	26.2	3	About To Sleep
031530e9ab00574597b21443baa61f08	2018-03-03	Health Beauty	GO	Goiania	59.99	16.67	76.66	On-Time	12.2	5	Promising Recent
03167be79e12e9d70dc67d864eea2300	2017-12-07	Health Beauty	SP	Braganca Paulista	89.99	9.44	99.43	On-Time	6.0	5	About To Sleep
03170fde460344ffa21460ac08f2bbd3	2018-02-18	Computers Accessories	RJ	Rio De Janeiro	38.9	14.1	53.0	On-Time	16.5	4	Promising Recent
03171e00c28f7c3e5c779c2c1009a458	2017-08-10	Air Conditioning	SP	Sao Paulo	144.0	14.74	158.74	On-Time	15.1	5	Lost / Hibernating
03181fddac1b424c893821ec539b2abf	2018-05-05	Signaling And Security	SP	Guarulhos	7.9	7.87	15.77	On-Time	3.0	5	Promising Recent
03183d4abec30f2231280b2746c66d06	2018-02-21	Telephony	PR	Curitiba	39.99	14.1	54.09	On-Time	8.2	5	Promising Recent
031a7dab65c3430d325ad35ab8a95277	2018-06-21	Construction Tools Construction	PR	Quatro Barras	109.9	18.82	128.72	On-Time	5.8	1	Potential Loyalists
031a9aee4d307a1ae62ed71224c63215	2018-02-15	Perfumery	SP	Piracicaba	56.99	8.72	65.71	On-Time	8.1	5	Promising Recent
031bf6514694552e5b2967d02e4c42b4	2017-11-27	Bed Bath Table	SP	Sao Paulo	99.9	12.4	112.3	On-Time	9.0	4	About To Sleep
031cf625cad56f5761e51c2675f0c0ae	2017-03-18	Perfumery	MA	Sao Luis	56.99	24.89	81.88	On-Time	17.1	3	Lost / Hibernating
031d26635bd08bb7f773e40be986cce0	2017-10-21	Housewares	RJ	Rio De Janeiro	71.0	19.99	90.99	On-Time	20.1	5	About To Sleep
031e7d4e559a1bf08e71a419aa998d0a	2017-04-06	Telephony	PE	Recife	73.99	24.52	98.51	Delayed	166.1	1	Lost / Hibernating
031e976ccc4a1678f5485552ed1ae778	2018-08-07	Auto	PR	Almirante Tamandare	179.9	39.77	219.67	On-Time	7.0	5	Potential Loyalists
031e9d02ce26fb5bb1f85335708fc70b	2018-02-04	Fashion Bags Accessories	SP	Campinas	41.3	8.27	49.57	On-Time	15.0	5	Promising Recent
031f32fc546699a954d6d89cfe9ca029	2018-05-07	Toys	SP	Sao Paulo	17.99	7.39	25.38	On-Time	3.2	1	New Customers
031f488d7e8549b5d8af94f5a3e9300e	2018-03-04	Cool Stuff	MG	Nova Lima	144.99	17.26	162.25	Delayed	22.4	1	Potential Loyalists
03202c9906e9d1140a8ac3e15f4492e8	2018-08-04	Garden Tools	SP	Santa Barbara D'Oeste	49.91	20.99	70.9	On-Time	5.2	5	New Customers
03211eda276999d5eaa8a167a4b6286a	2018-06-22	Agro Industry And Commerce	RS	Rio Grande	479.0	38.7	517.7	On-Time	12.8	5	Potential Loyalists
03225b1b0b8897aa43a745d14fde3c87	2018-06-28	Baby	SP	Sao Paulo	98.9	18.79	117.69	On-Time	5.5	5	Potential Loyalists
03229ded9d99164ee8bac7116050dd23	2017-06-03	Health Beauty	MG	Sarzedo	37.9	15.1	53.0	On-Time	6.1	5	Lost / Hibernating
0322e0a7d6d283584e3dc181c67b1d12	2018-05-09	Computers Accessories	RJ	Rio De Janeiro	69.9	18.42	88.32	On-Time	13.0	5	New Customers
0323ff12c1df8a359930ac6b84a32653	2018-05-11	Books General Interest	AM	Manaus	87.0	27.67	114.67	On-Time	21.0	5	Potential Loyalists
032445a7ba9d6dc90dfc011a48e5c954	2017-07-21	Stationery	SP	Santos	129.9	12.41	142.31	On-Time	6.7	3	Lost / Hibernating
0324ca9d12ff99bc4d2421530c376ba4	2017-11-27	Cool Stuff	SP	Araraquara	199.0	18.64	217.64	On-Time	8.2	5	About To Sleep
0327e299243edec0ed4f26712a05b910	2018-08-06	Watches Gifts	PR	Paranagua	189.9	19.43	209.33	On-Time	4.0	5	Potential Loyalists
0327e521bdeabce73fcf327b2fc94c92	2018-05-02	Health Beauty	SP	Guarulhos	59.0	7.71	66.71	On-Time	2.2	5	Promising Recent
03286323ba721edf10e38e1abeb159be	2018-03-07	Furniture Decor	SP	Aracatuba	230.0	18.52	248.52	On-Time	8.0	5	Potential Loyalists
0328d8f9de9ac416aef56ea44972a5d8	2017-10-18	Perfumery	SP	Sao Paulo	98.0	16.13	114.13	On-Time	5.9	5	About To Sleep
032a25a524b766bdb806500361630bea	2018-07-11	Home Appliances 2	RJ	Rio De Janeiro	48.98	23.1	72.08	On-Time	14.2	5	New Customers
032a688c9db451501788d95c7f794ed6	2017-09-18	Fashion Bags Accessories	DF	Brasilia	27.3	15.1	42.4	Delayed	21.9	2	About To Sleep
032b0e60cda9e20b30fc4b3bf1079e50	2018-04-12	Signaling And Security	SP	Campinas	38.9	13.71	52.61	On-Time	10.9	4	Potential Loyalists
032b0e60cda9e20b30fc4b3bf1079e50	2018-04-12	Signaling And Security	SP	Campinas	38.9	13.71	52.61	On-Time	10.9	4	Potential Loyalists
032b0e60cda9e20b30fc4b3bf1079e50	2018-04-12	Signaling And Security	SP	Campinas	38.9	13.71	52.61	On-Time	10.9	4	Potential Loyalists
032b42b17fe9daa676ba9447f3dbbd0a	2018-08-06	Watches Gifts	SP	Sao Paulo	49.0	13.0	62.0	Delayed	9.9	3	New Customers
032ba6b521e033ef4b05f4bbb4e30100	2018-03-09	Watches Gifts	RJ	Rio De Janeiro	49.0	15.23	64.23	On-Time	25.5	4	Promising Recent
032bc75236a1cbaf410bb596a509e774	2017-01-20	Furniture Decor	SP	Ourinhos	39.9	11.74	51.64	On-Time	9.8	4	Lost / Hibernating
032c9c5e050a01a77c20be3989064308	2017-08-15	Computers Accessories	RS	Flores Da Cunha	34.99	15.1	50.09	On-Time	8.9	5	Lost / Hibernating
032cf75b6991a44f9583d652730066d9	2017-09-28	Health Beauty	SP	Sao Paulo	129.78	12.11	141.89	On-Time	8.1	5	About To Sleep
032d1a95f9e146c92cf349805c5e1293	2018-07-26	Furniture Decor	SP	Santa Isabel	196.8	13.68	210.48	On-Time	4.9	5	Potential Loyalists
032d90128bd4c1c63e317ab45ddc2879	2018-08-02	Costruction Tools Garden	MG	Pouso Alegre	144.9	21.65	166.55	On-Time	5.7	5	Potential Loyalists
032de52b21013e176ee997c8f210dd66	2017-12-07	Baby	RS	Erechim	50.0	15.1	65.1	On-Time	15.5	5	Customers Needing Attention
032de54ca8e40cca1098da6c68ba92b3	2017-09-26	Baby	PR	Prudentopolis	39.9	13.37	53.27	On-Time	4.3	5	About To Sleep
032e68585bbc07ebb038769737b9410f	2017-06-09	Garden Tools	MG	Nova Lima	779.0	33.85	812.85	On-Time	17.0	4	Lost / Hibernating
032f490884e03049a3ec0379ea0abb82	2017-06-08	Computers Accessories	SC	Chapeco	199.1	17.15	216.25	On-Time	14.0	5	Lost / Hibernating
0330631bdb2ec8c341f487ed9c22fc8b	2018-05-25	Bed Bath Table	SP	Sao Paulo	45.9	12.79	58.69	On-Time	13.4	5	New Customers
0332002e367c17e6c4111ae2dd8a6aaf	2018-03-08	Office Furniture	SP	Presidente Prudente	159.99	31.18	191.17	On-Time	18.0	1	Potential Loyalists
0332002e367c17e6c4111ae2dd8a6aaf	2018-03-08	Office Furniture	SP	Presidente Prudente	149.99	27.71	177.7	On-Time	18.0	1	Potential Loyalists
0332758ed6bf8f4c1ffa5b6bf5b5725d	2018-03-01	Office Furniture	PR	Loanda	79.99	26.88	106.87	On-Time	18.8	5	Potential Loyalists
0332758ed6bf8f4c1ffa5b6bf5b5725d	2018-03-01	Office Furniture	PR	Loanda	79.99	26.88	106.87	On-Time	18.8	5	Potential Loyalists
0332e2e8114f5904403029875ac75329	2018-05-09	Health Beauty	RS	Santa Cruz Do Sul	119.9	13.31	133.21	On-Time	11.6	5	Champions
03330e2f4e93c51662a7c77d92a4e0fd	2017-09-17	Furniture Decor	MG	Uberlandia	52.64	15.12	67.76	On-Time	11.3	5	About To Sleep
03343a88c4d669e6378c5aedc4147919	2018-01-16	Unknown	SP	Sao Paulo	150.0	8.3	158.3	Delayed	15.4	4	Customers Needing Attention
03344155603005842bd94ce8d65f2607	2018-04-13	Housewares	SP	Sao Paulo	139.0	9.33	148.33	On-Time	3.9	4	Potential Loyalists
03347815dd6e37a668b3954401838318	2018-02-27	Sports Leisure	MG	Lagoa Dourada	260.0	35.18	295.18	On-Time	22.1	3	Potential Loyalists
0334c2700a7e8ac0f3efeb36b4a91e68	2017-09-06	Toys	RS	Gravatai	55.0	16.15	71.15	On-Time	12.9	3	Lost / Hibernating
03350e641d4d30d50b38c2e3030cd394	2018-08-06	Luggage Accessories	RJ	Cabo Frio	129.9	24.06	153.96	On-Time	11.6	5	Potential Loyalists
03368cf33950e57f7da415d43f792e0d	2018-06-26	Furniture Decor	RS	Ibiruba	102.5	23.52	126.02	On-Time	8.1	4	Potential Loyalists
033729e95819665323119db0291d0f0c	2017-05-12	Health Beauty	SP	Sao Paulo	98.0	13.03	111.03	Delayed	18.3	4	Lost / Hibernating
0337e9398b087d93f41230ceb2410b50	2018-04-21	Signaling And Security	RS	Uruguaiana	18.5	18.23	36.73	On-Time	6.1	4	Promising Recent
0339c36ce09427390de0dfe649d7e073	2018-01-22	Unknown	SP	Sao Paulo	122.99	9.06	132.05	On-Time	5.1	5	Potential Loyalists
0339ed6316da69c73459e191c10ff6ac	2018-08-04	Fashion Bags Accessories	SP	Sertaozinho	49.9	13.01	62.91	On-Time	5.1	5	New Customers
033a7061d514534d3459c3f1f06fe341	2017-08-25	Housewares	SP	Santos	67.9	11.73	79.63	On-Time	4.2	5	Lost / Hibernating
033a79557b0d234035b38da3be948574	2017-02-06	Garden Tools	AM	Manaus	35.0	24.35	59.35	On-Time	11.1	5	At Risk
033abfda50a317e7664dc789031fbdef	2018-06-21	Toys	SP	Sao Paulo	117.0	21.26	138.26	On-Time	8.2	5	Potential Loyalists
033af049cbcadb2511579b127ba27582	2018-03-13	Stationery	PR	Campo Largo	79.0	23.13	102.13	On-Time	5.8	5	Promising Recent
033b0e94801f401cd19503fec4b784d6	2017-09-27	Watches Gifts	CE	Taua	55.0	34.19	89.19	On-Time	25.6	4	About To Sleep
033bac5f45a9d0cf7be5e47f03ed1e44	2017-02-05	Telephony	BA	Alagoinhas	131.99	11.66	143.65	On-Time	10.9	5	Lost / Hibernating
033be53bbe3f76953bada81a6a40d3b6	2017-11-14	Home Appliances 2	SP	Ubatuba	159.0	27.43	186.43	On-Time	15.5	4	About To Sleep
033bfdc56fab7dbb0a16e655b64b620d	2017-11-24	Sports Leisure	RS	Santa Maria	59.9	16.18	76.08	On-Time	18.5	3	About To Sleep
033c0d8e5bce8110d7900e088c75389d	2018-06-07	Sports Leisure	MG	Belo Horizonte	179.0	44.83	223.83	On-Time	7.0	1	Potential Loyalists
033ccfbdfc4d29677b7e1e6df3a82820	2017-04-22	Telephony	SP	Jundiai	49.0	10.96	59.96	On-Time	13.6	5	Lost / Hibernating
033ce22f1fb407d7cefcdf8d1121706b	2018-03-13	Furniture Living Room	SP	Praia Grande	139.9	25.63	165.53	On-Time	8.1	5	Potential Loyalists
033cec9a46b0dd28fc10c800f9f3d878	2017-07-28	Health Beauty	RJ	Rio De Janeiro	1199.9	26.94	1226.84	On-Time	21.3	4	Lost / Hibernating
033cf810fd3523203bbbf2ff579a7a4c	2017-12-03	Fashion Bags Accessories	SP	Sao Bernardo Do Campo	27.3	8.11	35.41	On-Time	7.9	5	About To Sleep
033d674880f1edbb660161a0c672e9d3	2018-02-26	Watches Gifts	PR	Quatro Barras	49.0	14.1	63.1	On-Time	11.4	4	Promising Recent
033dac2c6721b55b4323f622ea5c1500	2018-06-29	Watches Gifts	PA	Belem	259.9	20.73	280.63	On-Time	14.3	4	Potential Loyalists
033dbd83c331548108afda89d5bc6b79	2018-04-15	Cool Stuff	SP	Martinopolis	89.8	14.21	104.01	On-Time	3.9	5	Potential Loyalists
033dbd83c331548108afda89d5bc6b79	2018-04-15	Cool Stuff	SP	Martinopolis	89.99	14.2	104.19	On-Time	3.9	5	Potential Loyalists
033e33708df28579692a3d19492c6553	2017-12-11	Auto	SP	Sao Paulo	129.9	15.67	145.57	On-Time	7.2	4	About To Sleep
033e7f3c73132dd6a6792359b94155a2	2018-08-01	Telephony	SP	Guarulhos	170.0	25.54	195.54	Delayed	15.1	3	Potential Loyalists
033e7f3c73132dd6a6792359b94155a2	2018-08-01	Telephony	SP	Guarulhos	170.0	25.54	195.54	Delayed	15.1	3	Potential Loyalists
033fd350afad5c65be91a385733af4eb	2018-06-26	Construction Tools Construction	SP	Sao Paulo	42.97	14.61	57.58	On-Time	6.0	5	New Customers
0340d758cc0da066316cbc55fb7f7596	2018-02-20	Furniture Decor	SP	Ribeirao Preto	184.9	21.78	206.68	Delayed	24.5	3	Potential Loyalists
034198ae241b34a9bc0d85282408937e	2018-01-31	Computers Accessories	SP	Sao Paulo	89.0	12.75	101.75	On-Time	14.1	5	Promising Recent
0341b60065c49221a27293793f11b117	2018-04-22	Watches Gifts	BA	Salvador	102.9	22.43	125.33	On-Time	28.2	5	Potential Loyalists
0342b8bec301294021371c16411b6c40	2017-09-27	Unknown	SP	Sao Paulo	23.8	7.78	31.58	On-Time	4.9	5	Customers Needing Attention
0342b8bec301294021371c16411b6c40	2017-09-27	Unknown	SP	Sao Paulo	23.8	7.78	31.58	On-Time	4.9	5	Customers Needing Attention
0343fa2096b6d04743321f9b9f62c1e0	2018-08-22	Fashio Female Clothing	SP	Sao Paulo	44.99	8.49	53.48	On-Time	2.5	3	Potential Loyalists
0343fa2096b6d04743321f9b9f62c1e0	2018-08-22	Fashio Female Clothing	SP	Sao Paulo	49.99	8.49	58.48	On-Time	2.5	3	Potential Loyalists
0345ba423eed2b009e0e407b19c422e4	2017-05-15	Housewares	RJ	Ipiabas	60.08	17.67	77.75	On-Time	6.9	5	Lost / Hibernating
03467d8a7741a3737d4e3ae45ebba94c	2018-05-14	Housewares	SP	Sao Paulo	44.99	7.39	52.38	On-Time	2.3	5	New Customers
03467d8a7741a3737d4e3ae45ebba94c	2018-05-14	Housewares	SP	Sao Paulo	44.99	7.39	52.38	On-Time	2.3	5	New Customers
034733b9cacb3d55bce1e49c422ae3e7	2017-03-19	Office Furniture	SP	Sao Paulo	99.99	20.0	119.99	On-Time	11.9	4	Lost / Hibernating
0347673d14e454a696bca6aebe61f23e	2017-11-27	Baby	RS	Novo Hamburgo	69.99	15.93	85.92	Delayed	24.9	5	About To Sleep
03477f5f6bd5656e0e847d3a17e67efa	2018-04-13	Sports Leisure	RJ	Rio De Janeiro	45.0	22.06	67.06	On-Time	5.3	5	Promising Recent
0347e77ba3ffb1d21339231e1f882b5c	2018-02-05	Computers Accessories	SP	Guarulhos	69.9	12.62	82.52	On-Time	10.1	5	Potential Loyalists
0347e77ba3ffb1d21339231e1f882b5c	2018-02-05	Computers Accessories	SP	Guarulhos	69.9	12.62	82.52	On-Time	10.1	5	Potential Loyalists
03481652329171ff571df2c58bae0167	2018-06-19	Auto	PB	Joao Pessoa	62.49	57.21	119.7	On-Time	19.1	4	Potential Loyalists
03484f6953887cd37a7974b52f3107f4	2018-03-05	Sports Leisure	SP	Sao Caetano Do Sul	35.0	8.27	43.27	On-Time	4.1	4	Promising Recent
03489476aad23c09fa16e1c46ad38044	2017-08-27	Housewares	MG	Araguari	109.0	18.01	127.01	On-Time	6.1	5	Lost / Hibernating
0348f1ca72aa738d53f585b01fc676f3	2017-08-17	Health Beauty	SP	Sao Paulo	58.99	11.73	70.72	On-Time	2.5	5	Lost / Hibernating
034a3d1faac58f35a7364de005209f13	2018-04-03	Sports Leisure	GO	Campos Belos	49.9	16.95	66.85	On-Time	14.2	5	Promising Recent
034afd1b074e35a1d1dcf70c4a5641b5	2017-12-01	Watches Gifts	SP	Jaguariuna	29.0	7.78	36.78	On-Time	4.8	4	About To Sleep
034afd1b074e35a1d1dcf70c4a5641b5	2017-12-01	Watches Gifts	SP	Jaguariuna	29.0	7.78	36.78	On-Time	4.8	4	About To Sleep
034afd1b074e35a1d1dcf70c4a5641b5	2017-12-01	Watches Gifts	SP	Jaguariuna	49.0	7.78	56.78	On-Time	4.8	4	About To Sleep
034bc91b27d0de97e2ffa04946137764	2017-09-18	Fashion Bags Accessories	RJ	Rio De Janeiro	10.5	15.1	25.6	On-Time	9.8	5	About To Sleep
034bc91b27d0de97e2ffa04946137764	2017-09-18	Fashion Bags Accessories	RJ	Rio De Janeiro	13.3	15.1	28.4	On-Time	9.8	5	About To Sleep
034c16aeedd39a916ea470f22a048b22	2018-08-14	Garden Tools	SP	Sao Paulo	49.91	20.99	70.9	On-Time	9.1	4	New Customers
034d69957b2269cb4e06b31561b64973	2018-06-04	Perfumery	MS	Campo Grande	119.9	17.55	137.45	On-Time	14.9	4	Potential Loyalists
034e23cd76658cb8d602b1f1e42be7e6	2017-11-13	Bed Bath Table	SP	Lorena	69.9	12.83	82.73	On-Time	7.1	5	About To Sleep
034e643b615bc5da33b1ede13e2ae803	2017-11-05	Bed Bath Table	RJ	Rio De Janeiro	86.99	17.04	104.03	On-Time	11.3	4	About To Sleep
034e643b615bc5da33b1ede13e2ae803	2017-11-05	Bed Bath Table	RJ	Rio De Janeiro	63.99	17.03	81.02	On-Time	11.3	4	About To Sleep
034fcc4584bd6b6ca0c0718acf969c79	2017-04-05	Furniture Decor	SP	Osasco	52.99	11.76	64.75	On-Time	4.7	2	Lost / Hibernating
034fe9142b806fe19c1cbc1c752ab08d	2018-04-28	Books Technical	RJ	Nova Iguacu	37.5	16.32	53.82	On-Time	13.4	4	Promising Recent
0350e1e5b7265e23e84b1e467e0b6b82	2018-02-19	Telephony	SP	Sao Jose Dos Campos	29.98	7.78	37.76	On-Time	4.6	4	Promising Recent
0350fc2d00f48ad8a74efdf4d2fd4bdc	2017-12-14	Cool Stuff	RJ	Rio De Janeiro	29.0	15.79	44.79	Delayed	36.8	1	About To Sleep
0350fc2d00f48ad8a74efdf4d2fd4bdc	2017-12-14	Cool Stuff	RJ	Rio De Janeiro	29.0	15.79	44.79	Delayed	36.8	1	About To Sleep
03515a836bb855b03f7df9dee520a8fc	2018-01-19	Health Beauty	RS	Palmares Do Sul	89.99	16.39	106.38	On-Time	17.0	5	Customers Needing Attention
03515a836bb855b03f7df9dee520a8fc	2018-01-19	Health Beauty	RS	Palmares Do Sul	89.99	16.39	106.38	On-Time	17.0	5	Customers Needing Attention
03518b1ed227311405c355ccbda81a80	2017-07-26	Sports Leisure	RJ	Rio De Janeiro	62.34	15.19	77.53	On-Time	6.5	5	At Risk
035201c3c82a97f8a25dd6bd5244b2d5	2017-11-10	Luggage Accessories	RJ	Rio De Janeiro	89.99	45.09	135.08	On-Time	11.3	5	About To Sleep
0352646a95973b0e19127d2b6a6fb6db	2017-12-27	Fashion Bags Accessories	SC	Videira	89.0	15.37	104.37	On-Time	35.1	5	About To Sleep
0352796ceb3700a87606f6f19b1d20b3	2018-02-06	Furniture Decor	SP	Santos	139.99	17.37	157.36	On-Time	8.2	4	Potential Loyalists
0352f2ba09b99ccae0751e133332a46b	2018-07-21	Health Beauty	RJ	Volta Redonda	69.5	18.59	88.09	On-Time	14.2	3	New Customers
0354fc44bfc5b7a6d382427c6046f5e1	2018-01-27	Toys	SP	Pinhalzinho	89.99	13.65	103.64	Delayed	25.2	1	Promising Recent
035518626172ac1884aa3825eb7d1379	2017-06-05	Perfumery	SC	Canoinhas	56.99	15.15	72.14	On-Time	9.1	5	Lost / Hibernating
03552fc24c87d99787c9e2e961bddc9b	2017-08-15	Toys	RJ	Rio De Janeiro	139.99	15.74	155.73	On-Time	2.5	5	Lost / Hibernating
0355ae43910316435f24cb54605a820d	2018-04-02	Electronics	SP	Cosmopolis	12.95	7.39	20.34	On-Time	5.2	5	Promising Recent
035678e70978296fb0e7469a611c322e	2018-01-10	Garden Tools	SC	Florianopolis	179.99	23.58	203.57	On-Time	12.6	5	About To Sleep
0356e39820a87bee3544a2025249451a	2018-05-24	Baby	RJ	Sao Goncalo	39.99	18.23	58.22	On-Time	12.1	3	New Customers
03572de4ee0598b00c48f6de965fcf78	2018-07-26	Luggage Accessories	PE	Recife	148.5	165.32	313.82	On-Time	9.0	5	Potential Loyalists
0357e50e9686e55b75e6873a97993075	2018-01-14	Furniture Decor	MG	Uba	45.91	17.6	63.51	On-Time	8.9	5	About To Sleep
0358c6f73774fe4d4ea9b936ce61ab2a	2017-05-02	Sports Leisure	BA	Salvador	69.9	19.19	89.09	On-Time	20.1	4	Lost / Hibernating
0359008adff4c1def5a09bb92f7a5aa8	2018-03-15	Office Furniture	SP	Capela Do Alto	239.99	70.54	310.53	Delayed	62.4	5	Potential Loyalists
0359f367ef22ad541b0bdc484158be09	2018-08-03	Kitchen Dining Laundry Garden Furniture	RJ	Saquarema	159.0	64.48	223.48	On-Time	14.4	5	Champions
035a721e5bfc1bc3f4e1ba0d7923cc84	2018-08-10	Computers Accessories	DF	Brasilia	99.89	8.28	108.17	On-Time	4.4	5	Potential Loyalists
035ab6fc3b7f9d16f714a337ee63b7be	2017-01-23	Fashion Bags Accessories	PA	Ananindeua	19.9	24.84	44.74	On-Time	14.5	5	Lost / Hibernating
035b790fa740b68de2d6f1a74f9b2098	2018-03-25	Electronics	SP	Guarulhos	63.99	8.29	72.28	On-Time		1	Promising Recent
035bb18fd268637e7d91814bf5e27fd4	2018-01-12	Health Beauty	PI	Teresina	69.9	38.04	107.94	Delayed	41.2	1	About To Sleep
035c01a45e289b155db4e47cf39b29d3	2018-08-06	Computers Accessories	SP	Campinas	79.9	13.9	93.8	On-Time	16.7	5	New Customers
035c06c36cc8685238297b6af0c280f3	2018-03-21	Bed Bath Table	SP	Sao Paulo	39.9	11.15	51.05	On-Time	6.8	3	Promising Recent
035c0a7b70aeddb6865a1faa3ecd1cef	2018-01-02	Telephony	SP	Sao Paulo	24.99	7.78	32.77	On-Time	6.0	5	About To Sleep
035d66b23a4bba74f8119f9ebe3458ee	2018-05-18	Computers Accessories	DF	Brasilia	99.0	15.57	114.57	Delayed	18.8	5	Potential Loyalists
035da499656c96f8f1cf920dd57ddc49	2017-04-06	Telephony	RJ	Rio Das Ostras	18.99	14.52	33.51	On-Time	12.1	3	Lost / Hibernating
035da499656c96f8f1cf920dd57ddc49	2017-04-06	Telephony	RJ	Rio Das Ostras	18.99	14.52	33.51	On-Time	12.1	3	Lost / Hibernating
03604d9c184f9290e997c49fb585b2b5	2017-11-06	Unknown	SP	Sao Paulo	336.0	17.1	353.1	On-Time	15.3	4	About To Sleep
036091098bdc85e780fc3594006276b7	2018-07-19	Bed Bath Table	SP	Sao Paulo	630.0	64.49	694.49	On-Time	8.2	5	Potential Loyalists
036091098bdc85e780fc3594006276b7	2018-07-19	Bed Bath Table	SP	Sao Paulo	630.0	64.49	694.49	On-Time	8.2	5	Potential Loyalists
0360de67db844d693e3060a8b79eac4b	2017-07-31	Computers Accessories	RJ	Cabo Frio	49.9	15.1	65.0	On-Time	14.0	5	Lost / Hibernating
03611c1be392917d9b0ca62977763baf	2018-02-08	Sports Leisure	RS	Porto Alegre	479.0	18.1	497.1	On-Time	20.0	4	Potential Loyalists
0361f3d4648b016237d77833005e4cfc	2017-11-06	Watches Gifts	RJ	Campos Dos Goytacazes	168.8	15.93	184.73	On-Time	7.3	5	Customers Needing Attention
0362e923f805ae4dce58fd78c86c96c4	2018-04-13	Kitchen Dining Laundry Garden Furniture	MG	Belo Horizonte	129.9	71.46	201.36	On-Time	7.4	5	Champions
0362e923f805ae4dce58fd78c86c96c4	2018-04-13	Housewares	MG	Belo Horizonte	40.85	71.46	112.31	On-Time	7.4	5	Champions
036322082c079184f5bc9e0b338e1f1d	2018-04-12	Bed Bath Table	PR	Rolandia	36.9	19.32	56.22	On-Time	7.8	4	Promising Recent
0363c3cd0593c841b52d9817c89beaed	2017-08-18	Auto	RJ	Rio De Janeiro	14.99	14.1	29.09	On-Time	10.1	4	Lost / Hibernating
0363e6de0e2139c4988c0dba606fcafa	2018-04-17	Housewares	SP	Atibaia	85.71	11.69	97.4	On-Time	8.0	5	Promising Recent
036467185263519cd4f15dde1f8664e6	2017-11-06	Perfumery	SP	Taquaritinga	143.0	38.55	181.55	On-Time	14.0	4	About To Sleep
03672cdb5f2c133e401946a14a7dff3b	2018-04-04	Computers Accessories	SP	Sao Paulo	84.89	7.94	92.83	On-Time	7.3	3	Promising Recent
03679d41c590caa3f9f56dfad35bff0a	2017-02-01	Furniture Decor	MG	Contagem	159.0	26.61	185.61	On-Time	36.1	4	Lost / Hibernating
03681e41ebddb2ca0241b148a40773d0	2017-10-23	Bed Bath Table	RJ	Rio De Janeiro	70.0	16.74	86.74	On-Time	11.3	4	About To Sleep
0368b1d608cf0cc5246c6110754d8fee	2018-01-10	Toys	SC	Florianopolis	99.0	23.01	122.01	On-Time	6.9	5	Customers Needing Attention
0368dc5a797fb5e3dbca70876ad9c164	2017-05-27	Furniture Decor	ES	Vitoria	174.9	18.47	193.37	On-Time	10.8	4	Lost / Hibernating
0368f4fdb586fe3cde123934d4ab5b5e	2017-05-29	Bed Bath Table	MG	Guanhaes	89.9	15.38	105.28	On-Time	18.0	3	Lost / Hibernating
036b2855a4c92b30f0bd1f3fc0f46e48	2017-02-16	Sports Leisure	MG	Lagoa Santa	48.9	18.63	67.53	On-Time	17.9	4	Customers Needing Attention
036b791897847cdb8e39df7943367474	2017-05-10	Furniture Decor	SP	Sao Paulo	49.99	9.34	59.33	On-Time	6.8	3	Lost / Hibernating
036bbb637f99f662c928d303d461ffe1	2018-03-20	Toys	SP	Santos	200.0	20.37	220.37	On-Time	8.4	5	Potential Loyalists
036c6f5c3d6a81192f4896ddb2c00c83	2018-07-22	Perfumery	MG	Itinga	53.8	22.31	76.11	On-Time	11.9	5	New Customers
036ca0743763d04fe093cfecfa2b2e14	2018-06-27	Books General Interest	DF	Brasilia	115.0	37.72	152.72	On-Time	6.1	5	Potential Loyalists
036cec7829a9824855ee4c751a430313	2017-08-04	Sports Leisure	SP	Sao Bernardo Do Campo	29.6	7.78	37.38	On-Time	4.4	5	Lost / Hibernating
036d29511908c7b10872e1e72fd0681b	2017-05-29	Cool Stuff	SC	Joinville	138.0	21.46	159.46	On-Time	12.6	3	Lost / Hibernating
036dd381dfb3ec75e0a63e14828cc871	2017-09-04	Watches Gifts	RJ	Queimados	55.0	14.14	69.14	On-Time	8.9	5	Lost / Hibernating
036e37b0e268e6087e88d3d7a676c13d	2018-07-01	Bed Bath Table	ES	Linhares	79.9	26.86	106.76	On-Time	10.0	3	New Customers
036ea72a17833a6fbbcd3e4df8250292	2017-09-05	Fashion Male Clothing	PR	Telemaco Borba	69.9	15.24	85.14	On-Time	20.6	1	Lost / Hibernating
036f684797c77d9beffa596570e198bd	2017-12-11	Fashion Bags Accessories	RS	Porto Alegre	32.0	14.1	46.1	On-Time	7.3	4	Customers Needing Attention
036ff362f1e7465c0ecad8f54b2e6c06	2017-12-22	Sports Leisure	SP	Sao Paulo	179.0	15.0	194.0	On-Time	7.9	5	Customers Needing Attention
03705afa0a4aabe1a734ddb11c1df3f0	2017-09-27	Computers Accessories	CE	Fortaleza	177.0	27.78	204.78	On-Time	9.5	1	About To Sleep
03705afa0a4aabe1a734ddb11c1df3f0	2017-09-27	Computers Accessories	CE	Fortaleza	177.0	27.78	204.78	On-Time	9.5	1	About To Sleep
03705afa0a4aabe1a734ddb11c1df3f0	2017-09-27	Computers Accessories	CE	Fortaleza	177.0	27.78	204.78	On-Time	9.5	1	About To Sleep
03705afa0a4aabe1a734ddb11c1df3f0	2017-09-27	Computers Accessories	CE	Fortaleza	177.0	27.78	204.78	On-Time	9.5	1	About To Sleep
03705afa0a4aabe1a734ddb11c1df3f0	2017-09-27	Computers Accessories	CE	Fortaleza	177.0	27.78	204.78	On-Time	9.5	1	About To Sleep
03708181cb41c558287d1feff6df5cb6	2017-12-12	Housewares	MG	Uberlandia	177.99	18.82	196.81	On-Time	22.0	4	About To Sleep
0371bb519b3c4b04bed0460608ce6c59	2017-08-06	Auto	SP	Guarulhos	19.95	11.85	31.8	On-Time	5.2	5	Lost / Hibernating
03720fdc92032ee4abd471d172006ab0	2018-08-05	Furniture Living Room	MG	Belo Horizonte	99.0	44.49	143.49	Delayed	15.1	2	Potential Loyalists
0372d2e3d0ac2600aa8e08e6c46cb7dc	2017-10-02	Health Beauty	PR	Cianorte	58.99	17.66	76.65	On-Time	4.2	5	About To Sleep
0373227125997244e6f59bd76e717abf	2018-08-10	Party Supplies	SP	Sao Vicente	90.0	17.76	107.76	On-Time	7.3	5	Potential Loyalists
0373763807c25ce94a4b85c7c0f47062	2017-08-01	Bed Bath Table	SP	Sao Paulo	22.9	11.85	34.75	On-Time	12.9	5	Lost / Hibernating
0374e57efce00e3004e93acd6310c58f	2017-12-16	Bed Bath Table	SP	Araraquara	56.99	9.94	66.93	On-Time	4.3	4	Champions
037540b18a708608c766355696a57467	2017-11-28	Computers Accessories	SC	Videira	98.9	16.45	115.35	On-Time	14.6	1	About To Sleep
037556f936da90c5f9504956ff286860	2017-05-02	Garden Tools	SP	Sao Paulo	59.9	13.0	72.9	On-Time	10.1	5	Lost / Hibernating
037578a0b32fa190a1fe9f1de5fd3f30	2018-04-18	Computers Accessories	BA	Salvador	24.99	17.06	42.05	Delayed	26.1	4	Promising Recent
03772e1a30e1a11c351ff80f0e20263f	2018-03-21	Sports Leisure	MG	Contagem	96.49	15.56	112.05	On-Time	11.9	3	Potential Loyalists
0378193927bcea58a229c432fa102ba9	2018-01-02	Health Beauty	SP	Sao Paulo	98.0	13.03	111.03	On-Time	8.3	4	About To Sleep
037853d95871494e2e6147d00e37659a	2017-08-22	Bed Bath Table	SP	Sao Paulo	29.9	9.34	39.24	On-Time	2.6	5	Lost / Hibernating
03789728a4b9475c05f6fe33ced95ccd	2018-03-14	Toys	SP	Sao Caetano Do Sul	229.9	16.49	246.39	On-Time	7.1	5	Potential Loyalists
03798f08af4c622b81b2c8f46c8bfba9	2018-07-25	Baby	PE	Caruaru	89.99	42.91	132.9	On-Time	7.4	5	Potential Loyalists
0379c7b005e9be5439462ece4e356341	2018-02-21	Bed Bath Table	PR	Cidade Gaucha	199.9	21.89	221.79	On-Time	19.5	5	Potential Loyalists
037a1aed2e8a5752977fd27aff7c230c	2017-11-12	Stationery	RJ	Rio De Janeiro	174.0	14.97	188.97	On-Time	15.1	2	About To Sleep
037ce5266460af220f19d497b130e737	2018-07-27	Health Beauty	SP	Campinas	110.32	8.03	118.35	On-Time	5.5	3	Champions
037d59208a513ace896d132dc8c8a93d	2018-02-26	Baby	TO	Palmas	538.9	24.17	563.07	Delayed	36.3	3	Potential Loyalists
037ded3ba29ebe9a96acb1177cc52b51	2017-10-26	Auto	MG	Uberaba	49.9	11.85	61.75	On-Time	8.3	5	About To Sleep
037e4ea044a589bcfbceb43210ba7024	2018-02-16	Housewares	SP	Francisco Morato	119.9	12.04	131.94	On-Time	6.5	5	Potential Loyalists
037e725440b59939735ae0aff888a015	2017-11-17	Books General Interest	RS	Viamao	108.9	21.25	130.15	On-Time	22.9	5	About To Sleep
037f15d346c870059c0e6f4275a01206	2018-05-27	Sports Leisure	SP	Sao Paulo	89.15	21.04	110.19	On-Time	12.3	5	Potential Loyalists
037f4f91c8f5cd2a6ddd52a63d97fdcc	2018-07-18	Sports Leisure	SP	Itupeva	36.9	12.92	49.82	On-Time	4.6	5	New Customers
037f4f91c8f5cd2a6ddd52a63d97fdcc	2018-07-18	Sports Leisure	SP	Itupeva	36.9	12.92	49.82	On-Time	4.6	5	New Customers
037f6ef7fcfd0d80ea84dbe396972f6d	2018-04-23	Watches Gifts	SP	Sao Paulo	69.0	7.39	76.39	On-Time	3.2	5	Promising Recent
037fdead4ade679aec8ee3dc6a75368c	2018-05-03	Home Construction	ES	Serra	75.9	19.5	95.4	On-Time	20.2	5	Promising Recent
0380d4bc2621c9c80b674b729d4c6c02	2018-02-15	Health Beauty	SP	Aruja	70.0	7.78	77.78	On-Time	5.4	5	Promising Recent
0381dc399ab9a6c55f83eca96907a034	2018-02-26	Computers Accessories	MS	Chapadao Do Sul	74.9	16.96	91.86	On-Time	17.2	4	Promising Recent
038297c93a230b204ceeca7e2720b464	2018-02-10	Bed Bath Table	PR	Curitiba	28.99	15.1	44.09	On-Time	19.7	5	Promising Recent
0382a4a9c39917c21b842b7c15f4be23	2018-08-14	Watches Gifts	PR	Curitiba	55.0	15.49	70.49	On-Time	6.1	5	New Customers
0382a97e1263d0013315090a6f4714f4	2018-05-09	Baby	SC	Canoinhas	107.9	23.34	131.24	On-Time	6.1	5	Potential Loyalists
0382be412d28f04f932ae97df15d634e	2018-04-17	Telephony	RJ	Cordeiro	79.9	18.44	98.34	Delayed	31.0	2	Promising Recent
0382e1be5feaca880336365b982b8629	2018-05-07	Telephony	SP	Hortolandia	17.0	7.39	24.39	On-Time	3.9	4	Champions
038345c4a9d21c17180f2f77e1701c69	2017-11-13	Garden Tools	SP	Sao Paulo	99.0	33.08	132.08	Delayed	72.7	4	About To Sleep
0385c406dcd7068b21e209740a4ef876	2017-04-11	Telephony	MA	Sao Luis	18.95	24.35	43.3	On-Time	9.1	4	Lost / Hibernating
0385da8ba64dbb10adf8f80e55cae6f4	2018-04-28	Stationery	SP	Sao Paulo	159.9	9.47	169.37	On-Time	5.0	5	Potential Loyalists
038721fd1802532dae558bac820968d4	2017-10-18	Telephony	SP	Marilia	227.9	13.1	241.0	On-Time	8.2	5	About To Sleep
038862523957395d9316afa8b8b70976	2018-05-29	Health Beauty	RS	Porto Alegre	189.0	8.51	197.51	On-Time	7.1	4	Potential Loyalists
038b8c914a94247880b6a34413e74a34	2018-06-01	Toys	SP	Sao Caetano Do Sul	17.9	15.23	33.13	On-Time	10.2	5	New Customers
038eb192a216fe0c545a8ff3b1b96885	2017-12-30	Stationery	SP	Sao Jose Do Rio Preto	39.9	11.85	51.75	On-Time	5.8	1	About To Sleep
038f8b45fafa1130d2557e5b8dfd5d71	2018-07-22	Health Beauty	SP	Sao Paulo	19.99	7.4	27.39	On-Time	2.3	5	New Customers
0392299d0f8bdd68d559aff77bf44bab	2018-04-14	Sports Leisure	BA	Nucleo Residencial Pilar	122.99	22.57	145.56	On-Time	26.0	3	Potential Loyalists
0392a7fd15fc16848335cb8ff143a940	2018-05-03	Auto	SP	Sao Jose Dos Campos	30.0	8.29	38.29	On-Time	6.2	5	Promising Recent
0392bc239ce28b0377e6b3073df2c674	2017-07-13	Health Beauty	SC	Brusque	119.9	15.59	135.49	On-Time	11.3	5	Lost / Hibernating
0392da48d173776fc37d98de1a253370	2018-05-21	Construction Tools Construction	SP	Sao Paulo	109.9	8.53	118.43	On-Time	2.2	5	Potential Loyalists
039330ccdc3eeb07d44541457391fcae	2017-10-20	Fixed Telephony	SP	Garca	139.0	17.41	156.41	On-Time	11.2	5	About To Sleep
039330ccdc3eeb07d44541457391fcae	2017-10-20	Fixed Telephony	SP	Garca	139.0	17.41	156.41	On-Time	11.2	5	About To Sleep
0393dfaf21e966fdadf698bd0856ecc3	2017-12-08	Health Beauty	SP	Espirito Santo Do Pinhal	1149.65	22.8	1172.45	On-Time	26.4	5	About To Sleep
039450cd44c5b6c68f8d2bada4eb315f	2018-01-22	Sports Leisure	SP	Sao Paulo	107.0	17.46	124.46	On-Time	4.2	4	Potential Loyalists
0394e320572c0048e41267320a28270e	2017-05-03	Health Beauty	AP	Santana	116.0	25.3	141.3	On-Time	21.4	3	Lost / Hibernating
03952349aca310eeba691019501388de	2017-08-29	Fashion Shoes	PR	Pinhais	84.9	17.84	102.74	On-Time	28.0	4	Lost / Hibernating
03953c6f8f398530d8847bf6000ffa78	2018-05-17	Watches Gifts	SP	Sao Paulo	127.0	17.8	144.8	On-Time	12.3	4	Potential Loyalists
0396488303af9f0a78feb9ffa7e48949	2018-07-19	Furniture Decor	SP	Franca	129.9	47.21	177.11	On-Time	13.2	5	Potential Loyalists
039681a3b797611f717a3232e87f60ef	2017-12-01	Stationery	MS	Campo Grande	66.5	18.71	85.21	On-Time	12.2	5	About To Sleep
039749cde6a67a679fa5602f776cefa4	2017-06-27	Bed Bath Table	SP	Sao Paulo	159.9	14.14	174.04	On-Time	9.9	2	Lost / Hibernating
03976e284ff273b3e5fda450030f32c1	2017-09-04	Luggage Accessories	MG	Uberlandia	54.9	13.4	68.3	On-Time	8.4	5	Lost / Hibernating
0397de68fce44f5cdd948f2a5e83862b	2018-08-15	Small Appliances	SP	Sao Paulo	220.0	38.67	258.67	On-Time	6.2	1	Potential Loyalists
039ab3369f399f5a3ac25e99435a8251	2018-06-21	Watches Gifts	RN	Areia Branca	39.0	50.99	89.99	On-Time	12.7	4	New Customers
039bf70a4c27073ca9d7a4e509b42dc1	2017-06-23	Housewares	SP	Sao Paulo	49.0	11.73	60.73	On-Time	7.7	4	Lost / Hibernating
039d7fb9ace69aed37b1baf88ff01cb0	2018-03-23	Sports Leisure	RJ	Rio De Janeiro	339.9	27.67	367.57	On-Time	16.1	5	Potential Loyalists
039df018e03e7c5db83bace2fa6af002	2018-05-16	Construction Tools Safety	SP	Sao Paulo	99.0	8.46	107.46	On-Time	5.4	5	Potential Loyalists
039dffcfcd2b5404d42beff4bbeff110	2017-05-24	Cool Stuff	SP	Sao Paulo	99.99	11.9	111.89	On-Time	2.0	5	Lost / Hibernating
039ec885e36627ae6353cfd42a41c5da	2018-02-22	Furniture Decor	BA	Salvador	100.0	25.25	125.25	Delayed	70.4	1	Potential Loyalists
039f61edec89c6f0edf8dd1a0bdea1fe	2017-11-24	Computers Accessories	CE	Fortaleza	288.92	27.3	316.22	On-Time	18.2	4	About To Sleep
039fc6a7aa5527e4cf6ed3c3eca00c15	2018-01-02	Health Beauty	SP	Sao Paulo	29.9	8.11	38.01	On-Time	3.2	5	About To Sleep
039fcd445ffe2e560443c34326f2b764	2018-06-03	Watches Gifts	SE	Aracaju	78.0	23.05	101.05	On-Time	9.1	3	New Customers
039ff75de38e514eaa8ffb2618d5227e	2018-01-03	Bed Bath Table	MG	Paraguacu	69.9	14.22	84.12	On-Time	6.4	5	About To Sleep
03a0133b4a72f7ca0affd3ecbc9b43f4	2018-01-21	Bed Bath Table	SP	Sao Paulo	139.0	14.58	153.58	On-Time	3.0	4	About To Sleep
03a0133b4a72f7ca0affd3ecbc9b43f4	2018-01-21	Bed Bath Table	SP	Sao Paulo	139.0	14.58	153.58	On-Time	3.0	4	About To Sleep
03a038679f94b33ae1fe8503c4e30203	2017-11-17	Toys	SP	Sao Paulo	28.69	12.69	41.38	On-Time	7.7	5	About To Sleep
03a09960f3b0d2b2565271fec21a8c94	2017-12-28	Sports Leisure	SP	Sao Paulo	159.0	13.67	172.67	On-Time	1.2	5	About To Sleep
03a0b96d81d76a3214b7b49ec31e6eb7	2018-06-12	Sports Leisure	RJ	Rio De Janeiro	13.49	18.23	31.72	On-Time	8.0	4	New Customers
03a10721769c7d8f2fefab105e64fbef	2017-08-11	Cool Stuff	MG	Belo Horizonte	118.99	17.08	136.07	On-Time	8.0	5	Lost / Hibernating
03a11ed94a7381584b86c4968625207b	2017-12-21	Toys	MG	Governador Valadares	129.99	25.75	155.74	On-Time	13.1	5	About To Sleep
03a18d20c8d8ed81a44b9dff494ff86c	2017-08-17	Housewares	GO	Sao Simao	69.9	17.74	87.64	On-Time	19.1	5	Lost / Hibernating
03a312126d4985217afef2625df60af4	2018-04-10	Musical Instruments	SP	Braganca Paulista	1890.0	73.14	1963.14	On-Time	8.8	4	Potential Loyalists
03a3628434dd670dd5b9896337451c86	2017-07-20	Garden Tools	MG	Belo Horizonte	179.9	17.02	196.92	On-Time	11.9	4	Lost / Hibernating
03a3628434dd670dd5b9896337451c86	2017-07-20	Garden Tools	MG	Belo Horizonte	179.9	17.02	196.92	On-Time	11.9	4	Lost / Hibernating
03a479456d2571485ebce285eef65f61	2017-03-03	Consoles Games	RJ	Sao Goncalo	114.9	14.97	129.87	On-Time	10.6	5	Lost / Hibernating
03a4aaab0b783a1be23b30e360c067d4	2017-11-08	Computers Accessories	DF	Brasilia	75.9	25.81	101.71	On-Time	19.1	1	About To Sleep
03a4e2b0555e9decc299d5f094056892	2018-05-15	Bed Bath Table	SP	Sao Paulo	69.9	10.21	80.11	On-Time	6.3	5	New Customers
03a54d3b0f15ac01bad656997420d3bb	2018-05-28	Health Beauty	MG	Belo Horizonte	65.0	16.42	81.42	On-Time	9.0	5	New Customers
03a579c0699b16c6fc6d5db022a6e85a	2017-11-30	Toys	RJ	Rio De Janeiro	299.99	14.93	314.92	On-Time	5.0	5	About To Sleep
03a77816f8b67ef237ecca2c772c4851	2018-05-30	Health Beauty	RS	Caxias Do Sul	89.9	19.6	109.5	On-Time	12.8	5	Potential Loyalists
03a85a6adb776ffefc4a8d7f845b10a4	2018-06-12	Bed Bath Table	RJ	Rio De Janeiro	49.9	23.5	73.4	On-Time	22.8	4	New Customers
03a8aa5d0860898d421c46247011c686	2017-05-31	Auto	SP	Lorena	314.99	18.91	333.9	On-Time		1	New Customers
03a9581b10792275c52316cbbca5810f	2017-10-13	Auto	RS	Porto Alegre	40.0	15.1	55.1	On-Time	14.5	3	About To Sleep
03ab852861cd75d0a9225c92a3354a3a	2017-12-10	Watches Gifts	SP	Santos	115.0	8.06	123.06	On-Time	6.3	1	About To Sleep
03aba4d94f2bd838c0bb55be9d13b0f6	2017-12-24	Bed Bath Table	SP	Sao Paulo	184.9	14.41	199.31	On-Time	4.7	4	About To Sleep
03aba68b07658f28f29612641f08d4ba	2018-08-08	Telephony	RS	Porto Alegre	170.0	30.44	200.44	On-Time	13.0	4	Champions
03aba68b07658f28f29612641f08d4ba	2018-08-08	Telephony	RS	Porto Alegre	170.0	30.44	200.44	On-Time	13.0	4	Champions
03aba68b07658f28f29612641f08d4ba	2018-08-08	Telephony	RS	Porto Alegre	170.0	30.44	200.44	On-Time	13.0	4	Champions
03aba68b07658f28f29612641f08d4ba	2018-08-08	Telephony	RS	Porto Alegre	170.0	30.44	200.44	On-Time	13.0	4	Champions
03aba68b07658f28f29612641f08d4ba	2018-08-08	Telephony	RS	Porto Alegre	170.0	30.44	200.44	On-Time	13.0	4	Champions
03aba68b07658f28f29612641f08d4ba	2018-08-08	Telephony	RS	Porto Alegre	170.0	30.44	200.44	On-Time	13.0	4	Champions
03abe0f86b91213bd62793ca180b232d	2018-07-09	Watches Gifts	CE	Miraima	55.0	37.3	92.3	On-Time	21.6	5	New Customers
03ad48120321b06697272dfa53deff2b	2018-08-22	Housewares	SP	Sao Paulo	69.9	21.13	91.03	On-Time	7.3	5	New Customers
03af220bbd928b7dac065e6febed1c5e	2018-02-19	Furniture Decor	SP	Sao Paulo	124.9	18.12	143.02	On-Time	10.6	4	Potential Loyalists
03af60619b8abd880dd136ed837be800	2018-03-19	Health Beauty	RJ	Nova Iguacu	59.89	15.3	75.19	Delayed	50.1	1	Promising Recent
03afb3c10af52ddfa3c33b9881bf43f8	2017-12-07	Office Furniture	SP	Barueri	112.99	18.51	131.5	On-Time	11.1	4	About To Sleep
03b0f1587efe1abafd2dfd0e900b1eb2	2018-06-03	Bed Bath Table	RS	Porto Alegre	125.9	23.46	149.36	On-Time	12.2	4	Potential Loyalists
03b2144a8822e91cc05da7907f21ea1f	2017-12-17	Toys	MG	Belo Horizonte	139.9	22.85	162.75	On-Time	5.2	5	About To Sleep
03b218d39c422c250f389120c531b61f	2017-01-14	Furniture Decor	MG	Coronel Fabriciano	38.5	11.74	50.24	On-Time	3.9	5	Lost / Hibernating
03b31f549c27d03bed25fc42ddb46138	2018-06-12	Small Appliances Home Oven And Coffee	MG	Belo Horizonte	1999.0	46.47	2045.47	On-Time	2.4	5	Potential Loyalists
03b566bccfbc64cf92b82db663a243f8	2017-10-31	Perfumery	TO	Cariri Do Tocantins	84.99	27.13	112.12	On-Time	16.0	5	About To Sleep
03b5a8a7f871d2a792f7af458fe13b4a	2018-06-10	Bed Bath Table	MG	Dionisio	79.9	23.14	103.04	On-Time	7.9	5	New Customers
03b5e0da68374e8ac08cd539d0559cfe	2018-04-02	Computers Accessories	BA	Salvador	18.0	17.06	35.06	On-Time	4.0	5	Promising Recent
03b5e0da68374e8ac08cd539d0559cfe	2018-04-02	Computers Accessories	BA	Salvador	18.0	17.06	35.06	On-Time	4.0	5	Promising Recent
03b5ec589ff32d3dac9dd2f9f06496d6	2017-05-27	Perfumery	PE	Moreilandia	101.0	42.86	143.86	On-Time	18.0	5	Lost / Hibernating
03b70c61372aebf257ccfacc6ca0aa58	2018-05-13	Small Appliances Home Oven And Coffee	SP	Sao Paulo	858.9	17.92	876.82	On-Time	2.3	5	Potential Loyalists
03b769c4844b71608c388fcf6f4287d4	2017-11-20	Sports Leisure	SP	Sao Paulo	36.49	9.27	45.76	On-Time	4.1	5	About To Sleep
03b89e8b0ef3ba18cc903dbaa7aff107	2018-07-08	Health Beauty	SP	Sao Paulo	28.9	18.3	47.2	On-Time	3.9	5	New Customers
03b8df6ce0954c5df5e83e0a6caaf5ee	2018-02-10	Fashion Bags Accessories	SC	Florianopolis	270.0	16.64	286.64	On-Time	19.1	5	Potential Loyalists
03b936f126145f2bb36600400aedb13a	2018-02-18	Furniture Decor	GO	Goiania	10.99	15.1	26.09	Delayed	34.3	1	Promising Recent
03b93d42401e436cb00a2dd82a3975f7	2017-06-22	Bed Bath Table	RS	Porto Alegre	34.9	16.6	51.5	On-Time	10.9	5	Lost / Hibernating
03b9c1e9a4406645c06dde26f4a704e9	2017-02-27	Fashion Bags Accessories	PI	Picos	69.0	24.97	93.97	On-Time	10.9	5	Lost / Hibernating
03b9f7dff4b5e742b0593472f28ee9b0	2018-07-25	Health Beauty	SP	Jarinu	44.5	19.5	64.0	On-Time	9.4	4	New Customers
03ba1ceb961947c4c2945964f28cb9ed	2017-05-18	Fashion Bags Accessories	DF	Brasilia	49.9	14.1	64.0	On-Time	13.4	3	Lost / Hibernating
03ba490d83feaba677aede829ff79db1	2018-04-27	Bed Bath Table	ES	Cariacica	39.99	12.76	52.75	Delayed	48.1	3	Promising Recent
03ba7e127b7a5243620b6c62c740d722	2018-02-23	Cool Stuff	PB	Catole Do Rocha	69.9	34.29	104.19	On-Time	16.6	1	Potential Loyalists
03ba7e127b7a5243620b6c62c740d722	2018-02-23	Cool Stuff	PB	Catole Do Rocha	69.9	34.29	104.19	On-Time	16.6	1	Potential Loyalists
03ba8f07686d0661b011f3701eab3edd	2017-06-06	Furniture Decor	ES	Cachoeiro De Itapemirim	39.99	19.59	59.58	On-Time	16.4	5	Lost / Hibernating
03ba8f07686d0661b011f3701eab3edd	2017-06-06	Furniture Decor	ES	Cachoeiro De Itapemirim	39.99	19.59	59.58	On-Time	16.4	5	Lost / Hibernating
03ba96e3cd1a918f1e0126c93dd93bb5	2017-11-29	Unknown	SP	Sao Paulo	49.77	7.78	57.55	On-Time	2.0	5	About To Sleep
03bb0baa2f30152130d3d5df8e44507e	2018-07-01	Housewares	SP	Sao Paulo	379.9	69.01	448.91	On-Time	2.6	5	Potential Loyalists
03bd6f7b95588e476cdef4abb2cfdd0d	2018-07-31	Baby	SP	Suzano	48.9	9.09	57.99	On-Time	2.1	4	New Customers
03be2f620301ed720f761e04f00270d4	2018-06-09	Watches Gifts	SP	Sao Paulo	144.0	14.37	158.37	On-Time	11.2	4	Potential Loyalists
03bf6a245a6dfdc3cea6bb75ae4fa3d7	2018-03-19	Audio	RJ	Macae	467.0	21.15	488.15	Delayed	30.3	1	Potential Loyalists
03c14c8290a74e1b205057282a26c63c	2018-01-24	Office Furniture	SP	Sao Paulo	156.99	23.68	180.67	On-Time	22.5	5	Potential Loyalists
03c16ffcf7b8792fa870d8cd7abc4b7f	2018-04-25	Computers Accessories	SP	Ribeirao Pires	63.99	11.15	75.14	On-Time	2.3	5	Potential Loyalists
03c16ffcf7b8792fa870d8cd7abc4b7f	2018-04-25	Computers Accessories	SP	Ribeirao Pires	63.99	11.15	75.14	On-Time	2.3	5	Potential Loyalists
03c1d25d82f404ea1fdfae8eb0b4c314	2018-01-22	Computers Accessories	RJ	Rio De Janeiro	99.9	17.14	117.04	On-Time	10.5	5	Potential Loyalists
03c1fddd11851ddf712a2c28bd3df54a	2018-01-21	Health Beauty	SP	Sao Paulo	65.5	12.8	78.3	Delayed	25.8	2	About To Sleep
03c6017ed63622d5a2ddd03fd0b1fee7	2018-02-15	Books Technical	MG	Congonhas	65.0	16.21	81.21	On-Time	13.0	5	Promising Recent
03c6fd082fce47bdd5e0dc1f81a9626f	2018-05-12	Computers Accessories	RS	Carazinho	79.9	18.44	98.34	On-Time	23.9	1	New Customers
03c765107c8fc34c68a82bbd6c686856	2017-04-09	Garden Tools	RJ	Paraiba Do Sul	112.0	14.95	126.95	On-Time	7.7	5	Lost / Hibernating
03c7acb8cfb3a3567a70fee4a1e2f82d	2018-03-28	Auto	DF	Brasilia	179.49	16.14	195.63	Delayed	20.1	5	Potential Loyalists
03c7d8b2c13e98ae77a8167d1a8be2bf	2018-01-18	Sports Leisure	SP	Santo Andre	349.9	16.95	366.85	On-Time	4.0	5	About To Sleep
03c810bce9d261d4d0447b895189dc16	2018-03-04	Baby	SP	Dourado	47.5	20.84	68.34	On-Time	15.1	5	Promising Recent
03c83b31dbc387f83f1b5579b53182fb	2018-01-06	Computers	MG	Mariana	599.0	73.41	672.41	On-Time	11.2	5	About To Sleep
03c8468d3001db38cadd59ac670341cc	2018-07-22	Sports Leisure	ES	Vitoria	24.53	15.27	39.8	On-Time	10.4	4	New Customers
03c939fd7fd3b38f8485a0f95798f1f6	2018-02-25	Home Appliances	RJ	Rio De Janeiro	26.0	16.11	42.11	On-Time	22.0	4	Loyal Customers
03c939fd7fd3b38f8485a0f95798f1f6	2018-02-25	Home Appliances	RJ	Rio De Janeiro	26.0	16.11	42.11	On-Time	22.0	3	Loyal Customers
03c939fd7fd3b38f8485a0f95798f1f6	2018-02-25	Home Appliances	RJ	Rio De Janeiro	26.0	16.11	42.11	On-Time	22.0	3	Loyal Customers
03c968d10d8c63bd2388245d02579fde	2017-05-24	Housewares	SP	Osasco	129.99	31.66	161.65	On-Time	13.7	5	Lost / Hibernating
03caa2c082116e1d31e67e9ae3700499	2017-09-29	Fixed Telephony	RJ	Rio De Janeiro	1680.0	28.01	1708.01	On-Time	18.1	1	About To Sleep
03caa2c082116e1d31e67e9ae3700499	2017-09-29	Fixed Telephony	RJ	Rio De Janeiro	1680.0	28.01	1708.01	On-Time	18.1	1	About To Sleep
03caa2c082116e1d31e67e9ae3700499	2017-09-29	Fixed Telephony	RJ	Rio De Janeiro	1680.0	28.01	1708.01	On-Time	18.1	1	About To Sleep
03caa2c082116e1d31e67e9ae3700499	2017-09-29	Fixed Telephony	RJ	Rio De Janeiro	1680.0	28.01	1708.01	On-Time	18.1	1	About To Sleep
03caa2c082116e1d31e67e9ae3700499	2017-09-29	Fixed Telephony	RJ	Rio De Janeiro	1680.0	28.01	1708.01	On-Time	18.1	1	About To Sleep
03caa2c082116e1d31e67e9ae3700499	2017-09-29	Fixed Telephony	RJ	Rio De Janeiro	1680.0	28.01	1708.01	On-Time	18.1	1	About To Sleep
03caa2c082116e1d31e67e9ae3700499	2017-09-29	Fixed Telephony	RJ	Rio De Janeiro	1680.0	28.01	1708.01	On-Time	18.1	1	About To Sleep
03caa2c082116e1d31e67e9ae3700499	2017-09-29	Fixed Telephony	RJ	Rio De Janeiro	1680.0	28.01	1708.01	On-Time	18.1	1	About To Sleep
03cd43eb7c373b23a0b55c1c8f76c861	2018-06-28	Perfumery	SP	Tiete	132.2	19.03	151.23	On-Time	5.6	5	Potential Loyalists
03cdb68275d2470616d79840dd83e1a2	2017-04-12	Cool Stuff	RN	Sao Goncalo Do Amarante	219.99	33.14	253.13	On-Time	16.2	5	Lost / Hibernating
03ce210a1614bb5a5bd3f4e3296840a1	2018-01-22	Baby	SP	Ribeirao Preto	499.0	59.16	558.16	On-Time	4.0	5	Potential Loyalists
03ceacbc3d61dcaeade2b6b1ccc5fcfa	2017-08-21	Toys	SP	Americana	69.9	11.99	81.89	On-Time	4.0	5	Lost / Hibernating
03cf8d977a18ea1308ec10c0f7de2f4e	2017-04-18	Housewares	RS	Cachoeirinha	169.99	16.4	186.39	On-Time	13.8	5	Lost / Hibernating
03cfff56e65677083384243927b9915f	2017-02-10	Watches Gifts	MG	Itabirito	229.9	15.78	245.68	On-Time	10.9	5	Lost / Hibernating
03d08548bb620e09cd4821b96f12a1e6	2018-06-20	Electronics	PE	Recife	13.65	19.04	32.69	On-Time	8.8	5	New Customers
03d0e68d9f396f3c4e69dbbb0abc3564	2018-01-24	Toys	RJ	Rio De Janeiro	46.9	14.1	61.0	Delayed	30.4	1	Promising Recent
03d11bececb87dec8b11f5bd6fa62472	2018-07-13	Auto	PE	Recife	119.9	23.12	143.02	On-Time	11.3	5	Potential Loyalists
03d3db2eb72705d4b4dd30987cf610f8	2018-04-09	Health Beauty	MG	Caete	135.9	21.88	157.78	On-Time	14.6	5	Potential Loyalists
03d409e5b5b19ae88c43b41b503fdc5f	2017-09-04	Housewares	SP	Braganca Paulista	23.9	9.34	33.24	On-Time	4.0	5	Lost / Hibernating
03d5b9a74ff46435640f8bd737ac2237	2017-12-04	Pet Shop	SP	Mogi Das Cruzes	110.0	36.43	146.43	On-Time	7.6	5	Loyal Customers
03d61f050de69049f4153f164c6f78b5	2018-07-12	Computers Accessories	SP	Guarei	276.99	14.6	291.59	On-Time	12.7	5	Potential Loyalists
03d631cfa59f71c4a9cd31a6bb7467fe	2018-06-04	Telephony	TO	Paraiso Do Tocantins	364.98	39.24	404.22	On-Time	14.2	3	Potential Loyalists
03d6e874e44c091359a3ad62f2bec233	2018-05-02	Books Technical	SP	Sao Paulo	57.49	11.15	68.64	On-Time	6.1	5	Promising Recent
03d7dd4730b71e0a310c9b30431c1961	2018-05-30	Sports Leisure	MG	Belo Horizonte	119.3	18.67	137.97	On-Time		5	Potential Loyalists
03d7f508a18d76f89489c40b7008f7e4	2018-03-15	Health Beauty	RJ	Volta Redonda	180.0	8.29	188.29	On-Time	5.4	5	Potential Loyalists
03d81b72be3d0b572b58b215fc156e72	2018-01-07	Auto	SP	Louveira	37.9	52.71	90.61	On-Time	9.1	5	About To Sleep
03d842e44ef7cae41da34acb402983fa	2018-07-20	Auto	DF	Brasilia	59.9	43.22	103.12	On-Time	7.2	4	New Customers
03d8ac7f462c593ad4ca1fe32c20cd83	2017-04-27	Computers Accessories	SP	Guarulhos	32.5	17.19	49.69	On-Time	19.2	3	Lost / Hibernating
03d8ac7f462c593ad4ca1fe32c20cd83	2017-04-27	Computers Accessories	SP	Guarulhos	32.5	17.19	49.69	On-Time	19.2	3	Lost / Hibernating
03d8ac7f462c593ad4ca1fe32c20cd83	2017-04-27	Computers Accessories	SP	Guarulhos	32.5	17.19	49.69	On-Time	19.2	3	Lost / Hibernating
03d9b0241efc2b1690172701f6800f21	2018-07-01	Pet Shop	SP	Tarabai	37.9	12.93	50.83	On-Time	11.7	5	New Customers
03d9d682de9c41158e00e17ee26d9070	2018-08-11	Sports Leisure	PR	Rio Branco Do Sul	199.9	10.53	210.43	On-Time	4.0	5	Potential Loyalists
03da04c1427d7b8bff38d76efca1029d	2017-12-13	Garden Tools	PR	Curitiba	95.99	12.38	108.37	On-Time	5.2	3	About To Sleep
03da04c1427d7b8bff38d76efca1029d	2017-12-13	Garden Tools	PR	Curitiba	95.99	12.38	108.37	On-Time	5.2	3	About To Sleep
03dab6b77334d60ea91564ec4c7813a1	2017-09-29	Auto	MG	Pocos De Caldas	69.9	16.25	86.15	On-Time	11.8	5	About To Sleep
03dbf3a42789c67ed5e2198f08d997dc	2018-03-04	Bed Bath Table	SP	Diadema	113.0	13.81	126.81	Delayed	24.2	4	Potential Loyalists
03dbf3a42789c67ed5e2198f08d997dc	2018-03-04	Bed Bath Table	SP	Diadema	113.0	13.81	126.81	Delayed	24.2	4	Potential Loyalists
03dce1563339e3dddb4cff9acda06d1a	2018-02-23	Auto	MG	Belo Horizonte	169.99	15.95	185.94	On-Time	11.9	4	Potential Loyalists
03dd7d68a345c4fb5061f35f29ad959a	2017-06-15	Unknown	PR	Londrina	39.9	15.1	55.0	On-Time	7.1	5	Lost / Hibernating
03ddab02775c66c855ad41424ae356e3	2018-02-06	Computers Accessories	MG	Cambui	99.99	19.94	119.93	On-Time	13.0	5	Potential Loyalists
03dde7ab63940fbffd10162a74347e95	2017-06-10	Garden Tools	SP	Campinas	34.9	9.34	44.24	On-Time	5.8	4	Lost / Hibernating
03dec253b6e471bd5b0653cc53b79e95	2017-06-27	Cool Stuff	RJ	Rio De Janeiro	132.7	25.68	158.38	On-Time	9.1	5	Lost / Hibernating
03df18ab5ba4464030b07f49dc6d206e	2017-05-25	Telephony	RJ	Rio De Janeiro	31.89	15.79	47.68	On-Time		2	Lost / Hibernating
03dffd456132253d009d20fc4a228c9b	2018-07-22	Housewares	SP	Sao Paulo	12.99	7.39	20.38	On-Time	2.8	5	New Customers
03e1f719ea43e7eb59344cf78cd99ff4	2017-07-04	Fashion Bags Accessories	SP	Artur Nogueira	49.9	7.78	57.68	On-Time	7.9	4	Lost / Hibernating
03e2511c3ad8af9188ef59218b1e8a2c	2018-07-13	Watches Gifts	ES	Serra	154.91	16.18	171.09	On-Time	25.7	2	Champions
03e2b2c32adfd7016fbdf98a70a7077c	2018-05-13	Furniture Decor	CE	Maracanau	29.99	15.16	45.15	On-Time	22.1	3	New Customers
03e327642028582cff3316f1726a9f00	2017-10-27	Fashion Bags Accessories	MG	Uberlandia	50.0	15.1	65.1	On-Time	10.5	5	About To Sleep
03e4b19921428d651853f2935176e951	2018-01-14	Garden Tools	SP	Americana	49.9	13.37	63.27	On-Time	8.2	5	About To Sleep
03e533f76e0f8827796f3d0a45c61dc0	2018-04-01	Electronics	SP	Guaruja	18.9	13.47	32.37	On-Time	10.0	5	Promising Recent
03e53a3c2ea313a49e89aee8f8c44970	2017-06-15	Sports Leisure	CE	Fortaleza	39.9	17.63	57.53	On-Time	14.9	5	Lost / Hibernating
03e53afdd1e98f83636c3fd14562c7ab	2017-12-17	Housewares	SC	Santa Cecilia	19.0	16.11	35.11	On-Time	19.2	5	About To Sleep
03e5d6a8dd520898f86f8429ccd07c21	2018-07-30	Health Beauty	RJ	Rio De Janeiro	119.9	15.94	135.84	On-Time		3	Potential Loyalists
03e69d6af27047bf2721b317c321356e	2018-03-02	Home Appliances	SP	Araraquara	35.9	11.85	47.75	On-Time	17.4	5	Promising Recent
03e6de4517499ee6aaae7d9004799504	2018-05-16	Sports Leisure	RJ	Rio De Janeiro	149.9	23.98	173.88	On-Time	12.8	5	Potential Loyalists
03e707d64a286c3fbad59b8c89cafd95	2018-03-24	Auto	GO	Jatai	124.7	19.84	144.54	On-Time	24.4	5	Potential Loyalists
03e7fbb471b77e2baedac2662bd76db8	2017-07-24	Health Beauty	SP	Ipero	239.9	17.31	257.21	On-Time	7.8	4	Lost / Hibernating
03e94224875e6dec154cc7a142ce5de2	2018-04-23	Health Beauty	SP	Sao Paulo	269.9	12.51	282.41	On-Time	2.4	5	Potential Loyalists
03e9790f0220543f057ebca9e29b459a	2018-08-01	Toys	SP	Sao Paulo	35.9	9.0	44.9	On-Time	2.2	5	New Customers
03e99d63b25fc441524d77bda33ab136	2017-09-02	Housewares	PE	Recife	46.9	28.75	75.65	On-Time	10.5	5	Lost / Hibernating
03ea231452f07988edc699573fb971d7	2017-04-12	Furniture Living Room	SP	Paulinia	103.97	24.01	127.98	Delayed	49.5	1	Lost / Hibernating
03ea231452f07988edc699573fb971d7	2017-04-12	Furniture Living Room	SP	Paulinia	103.97	24.01	127.98	Delayed	49.5	1	Lost / Hibernating
03ea970e60ecfa4b84a69ddc665262a5	2017-09-20	Watches Gifts	PR	Cascavel	117.0	15.57	132.57	On-Time	6.2	5	About To Sleep
03eae39a27aeab0f8c9ad5b84555a6d1	2017-08-15	Cool Stuff	SP	Sao Paulo	48.9	11.73	60.63	On-Time	4.2	5	Lost / Hibernating
03eba6d9fef8f5b3e811d4b5a7cca9cd	2018-02-08	Bed Bath Table	MG	Matias Barbosa	84.99	17.84	102.83	On-Time	13.8	5	Loyal Customers
03eba6d9fef8f5b3e811d4b5a7cca9cd	2018-02-08	Bed Bath Table	MG	Matias Barbosa	84.99	17.84	102.83	On-Time	13.8	4	Loyal Customers
03ebfa9712b7dbc7031291856263b314	2018-03-23	Small Appliances	SP	Santo Andre	46.9	8.88	55.78	On-Time	4.2	5	Promising Recent
03ecec245220b63fd7f68c1737ba99ba	2018-06-11	Perfumery	TO	Gurupi	189.0	58.78	247.78	On-Time	9.9	3	Potential Loyalists
03ecec245220b63fd7f68c1737ba99ba	2018-06-11	Perfumery	TO	Gurupi	109.9	18.05	127.95	On-Time	9.9	3	Potential Loyalists
03edbc910db946c979e09e67eb6a0d9f	2017-12-18	Sports Leisure	SP	Sorocaba	91.0	12.98	103.98	On-Time	7.6	5	About To Sleep
03ee28c413aaef04d718e00ed85eb678	2017-02-21	Sports Leisure	MG	Francisco Badaro	45.7	20.43	66.13	On-Time	10.2	2	Lost / Hibernating
03ee388839265510fa5edd811e0e1485	2017-10-13	Sports Leisure	RS	Porto Alegre	120.0	16.28	136.28	On-Time	13.8	4	About To Sleep
03ee63602079004d0098fecfc1d4cfe7	2017-08-15	Sports Leisure	RS	Novo Hamburgo	65.0	15.2	80.2	On-Time	8.9	5	At Risk
03ee7babeb6e80cbb48962ce1719fcf7	2017-08-30	Toys	SC	Sao Jose	80.0	27.32	107.32	On-Time	2.4	5	Lost / Hibernating
03ee7babeb6e80cbb48962ce1719fcf7	2017-08-30	Toys	SC	Sao Jose	89.9	1.37	91.27	On-Time	2.4	5	Lost / Hibernating
03eea4a8ecfbf94e0aa787c2d1b098e9	2018-01-26	Audio	SP	Sao Paulo	189.0	12.82	201.82	On-Time	8.6	1	Potential Loyalists
03ef5dedbe7492bdae72eec50764c43f	2018-08-29	Party Supplies	SP	Sao Caetano Do Sul	24.9	8.33	33.23	On-Time	1.1	3	New Customers
03f0804333673c7f86f8d68acd97e57b	2017-10-13	Telephony	RS	Porto Alegre	49.9	14.1	64.0	On-Time	12.0	2	About To Sleep
03f0acea43a6fd52d268e13d9ce98fbe	2018-03-15	Sports Leisure	PR	Curitiba	125.0	23.45	148.45	On-Time		1	Potential Loyalists
03f127181062ad98441893efffd412c5	2018-06-10	Bed Bath Table	SP	Sao Paulo	49.9	13.71	63.61	On-Time	8.1	4	Potential Loyalists
03f127181062ad98441893efffd412c5	2018-06-10	Bed Bath Table	SP	Sao Paulo	49.9	13.71	63.61	On-Time	8.1	4	Potential Loyalists
03f2794ace8d10c0af8614f6fac2be3e	2017-05-15	Toys	RJ	Itaborai	89.99	18.2	108.19	On-Time	8.8	2	At Risk
03f2f876bfee9ea9a502ec0d8a664e4c	2017-11-29	Bed Bath Table	SP	Sao Paulo	79.9	9.77	89.67	On-Time	1.8	1	About To Sleep
03f2f876bfee9ea9a502ec0d8a664e4c	2017-11-29	Bed Bath Table	SP	Sao Paulo	79.9	9.77	89.67	On-Time	1.8	1	About To Sleep
03f3b08f9da8df7604b68b2fd5999e9a	2017-09-26	Bed Bath Table	SP	Sao Paulo	85.9	21.09	106.99	On-Time		1	About To Sleep
03f3ce5c73e3eaab0bdef61d0713ca0b	2018-03-11	Cool Stuff	MG	Santa Luzia	169.97	17.9	187.87	On-Time	7.8	4	Potential Loyalists
03f4f8149c605fb477250ac94f70c0cc	2017-11-24	Garden Tools	PR	Palmeira	49.0	17.67	66.67	On-Time	25.0	5	About To Sleep
03f4fbe820830f14931ffa4631cb0912	2018-01-25	Computers Accessories	SP	Aguai	81.99	12.07	94.06	On-Time	11.5	2	Potential Loyalists
03f4fbe820830f14931ffa4631cb0912	2018-01-25	Computers Accessories	SP	Aguai	81.99	12.07	94.06	On-Time	11.5	2	Potential Loyalists
03f51c9adce893f63936c5146701aa2f	2018-06-17	Housewares	PA	Belem	155.9	45.01	200.91	On-Time	11.4	4	Potential Loyalists
03f51c9adce893f63936c5146701aa2f	2018-06-17	Housewares	PA	Belem	155.9	45.01	200.91	On-Time	11.4	4	Potential Loyalists
03f83b59e7c7355647462745b18119f1	2017-07-14	Telephony	RS	Pelotas	12.5	15.1	27.6	On-Time	24.0	3	Lost / Hibernating
03f8a04136edb44e749e0c70e8793caa	2017-06-14	Perfumery	SP	Olimpia	167.92	12.68	180.6	On-Time	8.9	4	Lost / Hibernating
03f948b381187f1aab320e84e7be949e	2018-01-27	Computers Accessories	SP	Mairipora	64.89	8.27	73.16	On-Time	11.0	5	Promising Recent
03f9705f9135ccb809e74e902f19b2e8	2017-04-25	Sports Leisure	SP	Sao Paulo	19.33	10.96	30.29	On-Time	10.5	3	Lost / Hibernating
03fa3f4dec4b3647d00532079f723fec	2018-02-26	Computers Accessories	MG	Tres Coracoes	144.41	17.45	161.86	On-Time	23.3	1	Loyal Customers
03fa4271f18542d22ecbb7eb41802ada	2018-04-19	Computers Accessories	SP	Sao Paulo	90.0	8.98	98.98	On-Time	3.8	5	Promising Recent
03fab3cde6e6bb6b6715075147044dca	2018-02-10	Home Appliances	BA	Posto Da Mata	130.0	17.35	147.35	On-Time	20.4	4	Potential Loyalists
03faedb6f3c4299c7cd934f5242b194c	2018-05-04	Auto	RS	Tramandai	39.0	18.23	57.23	On-Time	7.4	5	Promising Recent
03fd1ecfbee7068edda48a4ad8b838e1	2018-06-27	Sports Leisure	MG	Paraguacu	89.9	19.82	109.72	On-Time	7.6	5	Potential Loyalists
03fd35e6d3a78d5e05114e7a1ac319e6	2017-09-11	Industry Commerce And Business	SP	Mairipora	109.99	16.21	126.2	On-Time	8.0	5	Lost / Hibernating
03fe9fc6d464322a67f3a221777a82d3	2017-04-25	Telephony	SP	Bauru	34.99	10.96	45.95	On-Time	6.5	5	Lost / Hibernating
03fefb6f166efd081e05a842f7def973	2018-02-20	Sports Leisure	SP	Sao Paulo	107.0	12.25	119.25	On-Time	15.5	5	Potential Loyalists
03ff7f74352df18b6a9a261d68befe5e	2018-04-09	Health Beauty	SP	Santos	110.32	7.96	118.28	On-Time	3.1	3	Potential Loyalists
03ff7f74352df18b6a9a261d68befe5e	2018-04-09	Health Beauty	SP	Santos	110.32	7.96	118.28	On-Time	3.1	3	Potential Loyalists
03ffce741877a000ca0fb3520673d4c4	2016-10-05	Sports Leisure	PE	Igarassu	649.0	169.12	818.12	On-Time	20.2	5	Lost / Hibernating
04011f820bf820fa27cf4cc1fc06d3be	2017-10-23	Telephony	AM	Manaus	19.9	25.38	45.28	On-Time	31.4	5	About To Sleep
0401f33945d6292657d6a4d951191570	2017-04-11	Furniture Decor	SP	Araraquara	44.55	11.74	56.29	On-Time	8.1	4	Lost / Hibernating
0402c01cc0985160e52a67f202177b78	2017-09-26	Health Beauty	SP	Itapevi	58.99	11.73	70.72	On-Time	5.2	5	Customers Needing Attention
04031be66943a9c385ff683fcc99d288	2017-09-16	Health Beauty	RJ	Rio De Janeiro	109.9	14.52	124.42	Delayed	37.6	1	About To Sleep
04031f8b12339dcc12fa340fe96f00a6	2018-06-14	Bed Bath Table	SP	Sao Paulo	56.99	13.98	70.97	On-Time	9.3	1	New Customers
040375f78f9a97d7edfa4e9d2aa8273d	2018-01-25	Housewares	MT	Varzea Grande	169.99	36.51	206.5	On-Time	27.3	5	Potential Loyalists
0403bed7b44fb735b6af72505c57fdd3	2017-07-17	Bed Bath Table	SP	Campinas	89.9	12.13	102.03	On-Time	8.9	5	Lost / Hibernating
04040ee654b248cdc512a68ecc83e4cc	2018-03-27	Bed Bath Table	SP	Atibaia	259.9	15.29	275.19	On-Time	1.8	4	Potential Loyalists
0406037ad97740d563a178ecc7a2075c	2018-03-08	Construction Tools Lights	SP	Atibaia	297.0	66.31	363.31	On-Time	7.8	5	Potential Loyalists
04064f81e71399939f72222d7c701c47	2018-05-03	Sports Leisure	RJ	Nova Friburgo	19.49	18.23	37.72	Delayed	41.4	2	Promising Recent
0406b335284c621b052c06d972ab7626	2018-04-06	Bed Bath Table	RJ	Rio De Janeiro	159.99	27.2	187.19	On-Time	33.3	2	Potential Loyalists
0406e86d8cc991f78438e19919b901de	2018-05-02	Perfumery	SP	Araraquara	69.0	12.92	81.92	On-Time	7.1	5	Promising Recent
040729c8c0dc6288b3fb10ca9da26f72	2018-05-09	Pet Shop	SP	Sao Paulo	89.9	19.6	109.5	On-Time	5.0	5	Potential Loyalists
04075153ea747446984b909a58edef85	2018-07-20	Furniture Decor	SP	Pilar Do Sul	35.0	13.83	48.83	On-Time	7.0	5	New Customers
04075153ea747446984b909a58edef85	2018-07-20	Furniture Decor	SP	Pilar Do Sul	35.0	13.83	48.83	On-Time	7.0	5	New Customers
04082ed3fe3aa0b4af00796e94ead6ba	2018-05-10	Watches Gifts	CE	Fortaleza	118.0	21.01	139.01	On-Time	14.8	5	Potential Loyalists
04093e1c2379ed67d202eb2914ded68f	2018-05-04	Computers Accessories	SP	Santos	98.81	13.81	112.62	On-Time	9.9	5	Potential Loyalists
0409a79770433fbb5610660b8f8cd69d	2017-06-14	Furniture Decor	BA	Camacari	38.5	17.92	56.42	On-Time	14.4	4	Lost / Hibernating
0409a79770433fbb5610660b8f8cd69d	2017-06-14	Furniture Decor	BA	Camacari	38.5	17.92	56.42	On-Time	14.4	4	Lost / Hibernating
040a4487d2c737f11caa0eafc5ba5cf5	2018-04-26	Watches Gifts	SC	Criciuma	105.0	25.82	130.82	On-Time	7.3	1	Potential Loyalists
040a4487d2c737f11caa0eafc5ba5cf5	2018-04-26	Watches Gifts	SC	Criciuma	35.0	8.06	43.06	On-Time	7.3	1	Potential Loyalists
040a7d867d3a82c3dbe047e96515bd09	2018-02-20	Perfumery	RJ	Rio De Janeiro	79.99	15.32	95.31	On-Time	8.5	4	Promising Recent
040b98b117606d34ba51c4d274a15e2d	2017-10-29	Baby	RS	Dois Irmaos	887.0	26.7	913.7	On-Time	11.1	3	About To Sleep
040b9db3ba0a38c2c2b139d6604576c8	2018-07-02	Computers Accessories	SP	Sao Bernardo Do Campo	69.99	8.65	78.64	On-Time	1.2	5	New Customers
040c71e2bb944537100baa9dfff8e2ac	2018-02-22	Perfumery	PR	Curitiba	55.9	15.14	71.04	On-Time	7.3	5	Promising Recent
040d14995ebc5de6373a0bc2b5485961	2017-09-12	Toys	MG	Botelhos	23.99	16.11	40.1	On-Time	8.5	5	Lost / Hibernating
040d7a91a18a8d2262e45df7c8ea8051	2017-08-08	Books General Interest	PR	Loanda	64.9	13.47	78.37	On-Time	7.4	5	Lost / Hibernating
040df517e85524968f559f37441b705e	2018-03-22	Toys	SC	Cacador	234.9	20.61	255.51	On-Time	12.2	4	Potential Loyalists
040f214f2ec8be892fee452b52a96f1f	2017-11-01	Cool Stuff	SP	Sao Simao	199.0	18.64	217.64	On-Time	13.1	5	About To Sleep
040f27ad597191f7832612a806fa682f	2017-12-22	Consoles Games	SP	Sao Paulo	24.5	11.85	36.35	On-Time	16.9	5	About To Sleep
040f8d4b01dfd628e0ec871546a193f7	2018-05-11	Health Beauty	SP	Tatui	79.9	13.0	92.9	On-Time	6.1	5	New Customers
040ffb806b943aa19e0b176e7746b2b7	2018-07-31	Kitchen Dining Laundry Garden Furniture	SP	Santos	519.0	37.69	556.69	On-Time	2.3	5	Potential Loyalists
04105b54650921ca3246f52e6f175f46	2018-04-23	Furniture Decor	GO	Nazario	69.9	0.0	69.9	On-Time	16.6	5	Promising Recent
04107d105302558ebef9aa631b9bd13a	2018-04-13	Construction Tools Construction	SP	Sao Paulo	24.97	18.23	43.2	On-Time	9.8	5	Champions
04107d105302558ebef9aa631b9bd13a	2018-04-13	Construction Tools Construction	SP	Sao Paulo	24.97	18.23	43.2	On-Time	9.8	5	Champions
041082480b107a1303236e0c21b8bcd5	2018-04-21	Furniture Decor	MG	Lagoa Da Prata	196.8	19.26	216.06	On-Time	11.2	5	Potential Loyalists
0410ab9a8e8b28e6399bca3e89562f95	2017-09-13	Telephony	SC	Sao Jose	24.9	14.1	39.0	On-Time	15.4	4	Lost / Hibernating
0410df130bab1cdcd13e23044ef9d76a	2018-03-17	Office Furniture	SP	Sao Paulo	116.99	7.68	124.67	On-Time	12.3	5	Potential Loyalists
0410f4cc1616cb8c9d1f03c78a8c9f81	2017-06-22	Housewares	PE	Recife	59.9	26.56	86.46	On-Time	18.9	4	Lost / Hibernating
0410fab6a2d13d2339283e1e2522518f	2018-04-10	Housewares	SP	Itapolis	89.18	13.98	103.16	On-Time	7.2	4	Promising Recent
04116cd1278a6285625c664dc0d09594	2017-11-24	Garden Tools	RJ	Rio De Janeiro	49.0	17.64	66.64	Delayed	34.7	3	About To Sleep
0411b9d67ebfabf519c3e47629e91e3d	2018-03-08	Computers Accessories	PR	Bandeirantes	180.0	19.14	199.14	On-Time	11.4	5	Potential Loyalists
0412356b9ae3ad8db617e892afb02204	2018-06-19	Garden Tools	MG	Patrocinio	69.99	19.68	89.67	On-Time	10.5	5	Potential Loyalists
0412356b9ae3ad8db617e892afb02204	2018-06-19	Garden Tools	MG	Patrocinio	69.99	19.68	89.67	On-Time	10.5	5	Potential Loyalists
041273e1165dd64068aa28edb4a0cf5a	2018-02-28	Perfumery	RS	Vale Real	46.63	15.1	61.73	On-Time	12.3	4	Promising Recent
04127548fb3634e50ad03765c05cdc68	2018-02-04	Bed Bath Table	SP	Osasco	79.99	8.75	88.74	On-Time	1.7	5	Potential Loyalists
04127548fb3634e50ad03765c05cdc68	2018-02-04	Bed Bath Table	SP	Osasco	79.99	8.75	88.74	On-Time	1.7	5	Potential Loyalists
0412781fb7b094ddbd06503035a2964c	2018-08-20	Bed Bath Table	SP	Santa Rosa De Viterbo	89.0	14.93	103.93	On-Time	4.1	4	New Customers
0412b784548c0bf8cc35073f13923e2c	2017-09-26	Sports Leisure	SP	Sao Paulo	269.99	22.73	292.72	On-Time	15.0	4	About To Sleep
04130ed2567c23daa988cca5f1860430	2017-11-11	Stationery	SP	Taboao Da Serra	37.5	9.34	46.84	On-Time	9.2	5	About To Sleep
04132c02a610a19773963143ba1b5bb4	2017-10-04	Home Appliances 2	PI	Canto Do Buriti	599.5	75.33	674.83	On-Time	19.4	5	About To Sleep
0413fe9eb0eb4aee51ef3065e9c91aa3	2017-06-30	Housewares	MG	Belo Horizonte	89.9	19.87	109.77	On-Time	11.5	4	Lost / Hibernating
04158f13c5f4533ee32baa89521cf9ba	2018-08-15	Auto	CE	Maracanau	108.9	23.04	131.94	On-Time	13.5	4	Potential Loyalists
04164ec24abde688d0451ee982797344	2017-11-30	Watches Gifts	SP	Sao Paulo	95.0	7.92	102.92	On-Time	6.1	5	Customers Needing Attention
041687935b1e4c3715beb1602270b40c	2017-12-26	Health Beauty	SP	Sao Paulo	69.99	7.78	77.77	On-Time	15.3	2	About To Sleep
0417b4ccdad2da3b88aa378eef45528c	2018-04-22	Bed Bath Table	RJ	Rio De Janeiro	89.9	16.6	106.5	On-Time	16.1	5	Promising Recent
0417c9ab9d789459e660e8d325ce4a6a	2018-06-25	Musical Instruments	SP	Carapicuiba	349.0	18.72	367.72	On-Time	2.3	5	Potential Loyalists
0417dce62cd5791d3d0005ca971b2ba7	2018-03-19	Telephony	PE	Jaboatao Dos Guararapes	27.99	19.04	47.03	On-Time	17.8	5	Promising Recent
041829597c49c92cb66b0e5813936286	2018-02-11	Garden Tools	PR	Campo Mourao	109.9	25.61	135.51	On-Time	12.3	4	Potential Loyalists
04198c2c90b3fcfaec75a836841dafe2	2018-08-19	Housewares	RJ	Niteroi	45.0	17.25	62.25	On-Time	7.9	4	New Customers
0419d1888e0a963802e403d8507c753a	2017-11-21	Cool Stuff	BA	Feira De Santana	144.99	20.25	165.24	On-Time	10.8	5	About To Sleep
041aa5c38550649d5b51f38ba03a29a4	2018-02-06	Health Beauty	SP	Ilhabela	33.9	15.1	49.0	On-Time	24.3	4	Loyal Customers
041bceeb0d1b95b5079ffb1ba84a779d	2017-08-29	Furniture Decor	BA	Salvador	49.9	17.92	67.82	On-Time	15.2	4	Lost / Hibernating
041bceeb0d1b95b5079ffb1ba84a779d	2017-08-29	Furniture Decor	BA	Salvador	49.9	17.92	67.82	On-Time	15.2	4	Lost / Hibernating
041cba819a99569f87996b65b73ea82e	2018-03-18	Health Beauty	DF	Brasilia	23.99	14.16	38.15	On-Time	4.7	5	Promising Recent
041cbce90c076b8e9eb9f79112a59899	2018-03-24	Computers Accessories	SP	Guara	139.0	54.72	193.72	On-Time	11.9	4	Potential Loyalists
041d39835d57e12ebcd5d992e2cc7360	2018-04-25	Electronics	MA	Paco Do Lumiar	9.0	22.85	31.85	On-Time	20.6	3	Promising Recent
041d5ff28cb7d9b107b7461064dd40e2	2018-05-16	Computers Accessories	SP	Sao Paulo	78.9	9.7	88.6	On-Time	7.0	5	Potential Loyalists
041d5ff28cb7d9b107b7461064dd40e2	2018-05-16	Computers Accessories	SP	Sao Paulo	78.9	9.7	88.6	On-Time	7.0	5	Potential Loyalists
041d7e3625568f4f949823fe46818852	2018-01-28	Stationery	SP	Assis	49.9	11.85	61.75	On-Time	19.1	5	Promising Recent
041e2854aac3d7cc5af940995ac6be0b	2018-04-26	Watches Gifts	RJ	Rio De Janeiro	230.0	19.49	249.49	On-Time	17.7	4	Potential Loyalists
041f09bbcd85d178903f5bb71f11a02e	2017-04-18	Bed Bath Table	RN	Parnamirim	109.9	29.7	139.6	On-Time	18.9	5	Lost / Hibernating
041f09bbcd85d178903f5bb71f11a02e	2017-04-18	Bed Bath Table	RN	Parnamirim	109.9	29.7	139.6	On-Time	18.9	5	Lost / Hibernating
041fd411ba3cebfe101d1dadc0666ce6	2018-02-12	Auto	RS	Santa Maria	119.9	25.68	145.58	On-Time	20.7	5	Potential Loyalists
0420da8d50a3784011290a782f25a8a8	2018-08-09	Toys	SP	Sao Carlos	59.9	14.73	74.63	On-Time	7.1	5	New Customers
0420dbc50fc554e303e4b2d6b39063f6	2017-11-17	Cool Stuff	SP	Ribeirao Preto	64.9	26.98	91.88	On-Time	6.1	4	About To Sleep
0420dbc50fc554e303e4b2d6b39063f6	2017-11-17	Baby	SP	Ribeirao Preto	59.9	15.94	75.84	On-Time	6.1	4	About To Sleep
0420dbc50fc554e303e4b2d6b39063f6	2017-11-17	Baby	SP	Ribeirao Preto	59.9	14.72	74.62	On-Time	6.1	4	About To Sleep
04210d64e3bdb5a0cd44eb156294991e	2017-08-04	Furniture Decor	PB	Joao Pessoa	66.0	21.26	87.26	On-Time	20.3	5	Lost / Hibernating
04210d64e3bdb5a0cd44eb156294991e	2017-08-04	Furniture Decor	PB	Joao Pessoa	66.0	21.26	87.26	On-Time	20.3	5	Lost / Hibernating
04210d64e3bdb5a0cd44eb156294991e	2017-08-04	Furniture Decor	PB	Joao Pessoa	66.0	21.26	87.26	On-Time	20.3	5	Lost / Hibernating
04211073930bd30b88b8170431a071ed	2017-05-23	Sports Leisure	SC	Urussanga	18.9	15.1	34.0	On-Time	10.3	5	Lost / Hibernating
042167409734e42b253083768c865409	2017-12-06	Sports Leisure	PA	Belem	41.5	22.67	64.17	Delayed	37.2	4	About To Sleep
04221a4eb2e1a30903ffaaa72f8b268c	2018-06-29	Telephony	SP	Pirassununga	39.99	12.94	52.93	On-Time	6.4	5	Champions
0424ec4615df28c58201d0828ac20cdd	2017-08-17	Bed Bath Table	ES	Vila Velha	134.9	33.39	168.29	On-Time	18.2	2	Lost / Hibernating
0424f6bc3d0829eb2829bf77fb01e60f	2018-01-30	Baby	SP	Santos	50.0	11.85	61.85	On-Time	17.2	4	Promising Recent
0425635629d7b1e1aefedf34bd15e289	2018-08-27	Bed Bath Table	SP	Campinas	44.9	8.47	53.37	On-Time	3.5	5	New Customers
042649285cd08ef7c546445419b43407	2018-03-13	Baby	BA	Salvador	59.99	18.35	78.34	On-Time	3.3	3	Promising Recent
0426ac8a5e4a839db34bb45d7e313fa3	2017-05-01	Cool Stuff	PR	Pato Branco	219.99	19.82	239.81	On-Time	14.6	5	Lost / Hibernating
04276973bd289a01c0eb40a277fd919d	2017-07-22	Furniture Decor	SP	Guaruja	66.29	12.8	79.09	On-Time	5.9	5	Lost / Hibernating
04287a84357d7a29361c0948ee9bb4b4	2018-06-24	Construction Tools Construction	MG	Betim	42.97	23.1	66.07	On-Time	5.9	4	New Customers
042a2a13d31a166caca991455002fe1a	2018-03-27	Toys	SP	Itu	15.99	8.88	24.87	On-Time	2.3	5	Promising Recent
042c384c3edbe39a47895217eb5e90a4	2017-05-03	Housewares	SP	Sao Vicente	145.0	28.2	173.2	On-Time	4.9	5	Lost / Hibernating
042ce41927758767ec2aa0de06486b4c	2017-12-01	Toys	MG	Uberlandia	569.9	22.87	592.77	On-Time		1	About To Sleep
042cfa84b1415cdcea821bcbc1bb8f4c	2017-12-17	Health Beauty	SP	Sorocaba	54.49	7.78	62.27	On-Time	5.3	5	Customers Needing Attention
042d7868efeb34d5748cf9262016f6be	2017-08-30	Computers Accessories	RJ	Angra Dos Reis	97.0	15.43	112.43	On-Time	13.2	5	At Risk
042e14b2dcf81a8468a49c14d28036c9	2018-03-07	Garden Tools	SP	Sao Paulo	53.9	14.47	68.37	On-Time	11.8	5	Potential Loyalists
042e14b2dcf81a8468a49c14d28036c9	2018-03-07	Garden Tools	SP	Sao Paulo	53.9	14.47	68.37	On-Time	11.8	5	Potential Loyalists
042e247be09aeae88a74e35766aa03ca	2017-01-26	Bed Bath Table	RJ	Sao Goncalo	59.5	17.16	76.66	On-Time	18.6	3	Lost / Hibernating
042e247be09aeae88a74e35766aa03ca	2017-01-26	Bed Bath Table	RJ	Sao Goncalo	59.5	17.16	76.66	On-Time	18.6	3	Lost / Hibernating
042f96d01e1471ebf86650ae185a0746	2018-06-17	Telephony	SP	Sao Paulo	15.9	7.39	23.29	On-Time	2.7	5	New Customers
04304d72305054a178c81ab24c4d2d68	2018-02-06	Furniture Decor	MG	Belo Horizonte	45.9	16.11	62.01	On-Time	13.2	5	Potential Loyalists
04304d72305054a178c81ab24c4d2d68	2018-02-06	Furniture Decor	MG	Belo Horizonte	45.9	16.11	62.01	On-Time	13.2	5	Potential Loyalists
04304d72305054a178c81ab24c4d2d68	2018-02-06	Furniture Decor	MG	Belo Horizonte	45.9	16.11	62.01	On-Time	13.2	5	Potential Loyalists
04323742e042716e4427a5b3536ea08f	2018-04-23	Telephony	SP	Sao Paulo	18.99	7.39	26.38	On-Time	1.9	2	Loyal Customers
04323742e042716e4427a5b3536ea08f	2018-04-23	Telephony	SP	Sao Paulo	18.99	7.39	26.38	On-Time	1.9	2	Loyal Customers
043332e857863b02677c1e075e3cc0cf	2017-11-08	Cool Stuff	SP	Quintana	90.0	44.48	134.48	On-Time	13.1	4	About To Sleep
0434058c92c9306bb6d1edd50bf3526a	2018-02-14	Fashion Bags Accessories	RJ	Rio De Janeiro	49.9	14.1	64.0	On-Time	5.2	5	Promising Recent
0435404d45d367d6da14e7628c40a041	2017-05-24	Fashion Bags Accessories	SP	Varzea Paulista	69.9	15.24	85.14	On-Time	7.5	5	At Risk
0435b65bfd0a1cd1c48a82f5b405ea78	2017-07-18	Office Furniture	MG	Carmo Da Mata	119.94	34.2	154.14	On-Time	14.3	1	Lost / Hibernating
0435e97505a412ee97a24d62beb81cf0	2018-05-17	Home Construction	RS	Lajeado	225.0	20.72	245.72	On-Time	22.0	5	Potential Loyalists
043671e7714932580dc35789804ffbcc	2018-01-18	Watches Gifts	RJ	Niteroi	108.0	9.77	117.77	On-Time	4.2	5	About To Sleep
0436c197b0ba8265af9fa94b7f444866	2018-08-07	Toys	RJ	Nova Friburgo	64.99	18.56	83.55	On-Time	9.2	1	New Customers
04378b376807e5fbc797362f9e06ea2d	2018-04-15	Auto	MG	Ibirite	30.0	15.23	45.23	On-Time	9.3	5	Promising Recent
0437be9eb5f6b26660f0b5eafd1b1994	2018-01-03	Pet Shop	RJ	Rio De Janeiro	489.0	17.17	506.17	On-Time	6.2	5	About To Sleep
0438652a8cef245640be57b30610a4fb	2018-04-03	Computers Accessories	SP	Barueri	467.0	19.24	486.24	On-Time	13.4	4	Potential Loyalists
0438652a8cef245640be57b30610a4fb	2018-04-03	Computers Accessories	SP	Barueri	467.0	19.24	486.24	On-Time	13.4	4	Potential Loyalists
0438fc3e115633e11a93c878a1591016	2018-08-11	Telephony	BA	Andorinha	249.0	15.22	264.22	On-Time	9.1	5	Potential Loyalists
04396584556ebf06343678f29cb10832	2017-10-20	Home Confort	MG	Belo Horizonte	89.9	17.88	107.78	On-Time	11.1	5	About To Sleep
04398fd8d888a4857774d982da494987	2017-05-15	Toys	MG	Ipatinga	39.9	17.6	57.5	On-Time	8.1	4	Lost / Hibernating
043ad325c92b4317f9ff48836a7a4e9c	2018-06-12	Sports Leisure	SP	Taboao Da Serra	130.0	8.65	138.65	On-Time	8.2	2	Potential Loyalists
043ba86e4e3f73fe5cb856f225fd8aa4	2017-11-24	Telephony	MT	Juina	12.89	16.79	29.68	Delayed	34.5	3	About To Sleep
043c74b543e990bd18b14ef1e4344031	2017-08-15	Housewares	RJ	Rio De Janeiro	129.9	17.35	147.25	On-Time	20.5	5	Lost / Hibernating
043cdeaa13251e7dd736f65b9ef6498f	2018-04-21	Telephony	RS	Feliz	27.99	18.23	46.22	On-Time	10.7	5	Promising Recent
043d2e177e6762a2a1d029db6338d84e	2018-05-17	Health Beauty	SP	Ourinhos	189.9	13.77	203.67	On-Time	13.0	4	Potential Loyalists
043d31a14bff24ead2b38f6b84a10437	2017-06-06	Auto	SP	Sao Paulo	379.9	13.86	393.76	On-Time	3.1	5	Lost / Hibernating
043e7f7cfe1fdc68f4ba3dc83504db83	2018-07-02	Toys	SC	Nova Trento	120.0	20.03	140.03	On-Time	9.0	5	Potential Loyalists
043f43899c67438005004d160d18f55c	2018-06-13	Fashion Bags Accessories	SP	Sao Jose Dos Campos	225.0	8.84	233.84	On-Time	5.9	5	Potential Loyalists
04401428491f4e0e839e31e835c5e7bd	2018-01-04	Watches Gifts	CE	Nova Olinda	55.0	25.67	80.67	On-Time	18.9	5	About To Sleep
0441b92c70bbdc1ae99a187e05d52621	2018-01-11	Food	SP	Cosmopolis	29.1	15.11	44.21	On-Time	21.3	4	About To Sleep
0441f678672cdd5323a2cdf79004ed48	2018-06-15	Bed Bath Table	SP	Osasco	39.99	12.94	52.93	On-Time	8.5	5	New Customers
044223df7cb37509bfeb2a0df1250ca4	2017-11-02	Bed Bath Table	MS	Camapua	115.0	21.3	136.3	On-Time	18.5	5	About To Sleep
044406a115a855072a8e79d38f028a80	2017-08-01	Perfumery	RS	Canoas	56.99	14.15	71.14	On-Time	9.3	1	Lost / Hibernating
044496e055fca9c2f17e1309e77a48b6	2017-09-13	Housewares	SP	Assis	131.0	25.23	156.23	On-Time	5.6	5	Customers Needing Attention
0444bf76794ff96fd22fff6be21bdb6a	2017-12-20	Cool Stuff	MA	Timon	229.99	31.02	261.01	On-Time		1	About To Sleep
04453a84ff0126fdc05079cf18a34890	2018-07-11	Baby	GO	Cristalina	94.95	19.86	114.81	On-Time	15.3	4	Potential Loyalists
04464191f1b76f60684eac5609f3bdda	2018-07-30	Watches Gifts	SP	Sao Paulo	478.0	12.1	490.1	On-Time	3.3	4	Potential Loyalists
04467aceefd2346ed54c7fd9e40721a6	2018-01-25	Garden Tools	RJ	Rio De Janeiro	49.9	17.6	67.5	On-Time	11.3	5	Champions
0446aaa642b81cd046c44edda61ed010	2017-10-15	Bed Bath Table	CE	Fortaleza	74.99	27.06	102.05	On-Time	24.4	4	About To Sleep
0446b999e57cddf002396ed4baa07074	2017-09-25	Bed Bath Table	SP	Sao Paulo	15.9	11.85	27.75	On-Time	7.4	4	About To Sleep
0446b999e57cddf002396ed4baa07074	2017-09-25	Bed Bath Table	SP	Sao Paulo	12.9	11.85	24.75	On-Time	7.4	4	About To Sleep
04492e6b1fcee5317506f927e0e89eb2	2018-07-17	Bed Bath Table	SP	Ubatuba	114.9	15.11	130.01	On-Time	6.7	4	Champions
04497a3993ecf2e604b91ca0a8a80ecd	2017-09-17	Bed Bath Table	MG	Belo Horizonte	64.9	16.7	81.6	On-Time	8.7	5	About To Sleep
0449fc8e83f3042e2e415a2bc3f2a424	2018-04-20	Furniture Decor	MG	Conceicao Do Para	230.0	19.49	249.49	On-Time	7.3	5	Potential Loyalists
044b08f176981f660b98a85c559ad57d	2018-07-18	Bed Bath Table	SP	Sao Paulo	68.5	14.06	82.56	On-Time	6.1	5	New Customers
044bcd01474ba715e7cb11d5a70ccf0e	2018-03-23	Furniture Decor	RJ	Rio De Janeiro	69.9	20.06	89.96	On-Time	14.9	5	Promising Recent
044c27c9fb6d9b51bba0efa1fd726c97	2018-04-05	Health Beauty	SP	Embu Das Artes	87.51	15.49	103.0	On-Time	5.1	5	Promising Recent
044cbf8cf2b8839acd8f0fbc6faeeabd	2018-08-16	Telephony	SP	Sao Paulo	38.95	7.53	46.48	On-Time	4.8	5	New Customers
044cd7ffb6a41e6e5513c6595a2893ca	2017-10-29	Furniture Decor	SC	Brusque	19.9	15.1	35.0	On-Time	17.2	5	About To Sleep
044cd7ffb6a41e6e5513c6595a2893ca	2017-10-29	Furniture Decor	SC	Brusque	19.9	15.1	35.0	On-Time	17.2	5	About To Sleep
044d4643b22cf71e768701acd9fc55ef	2017-07-04	Housewares	SP	Campinas	89.9	24.94	114.84	On-Time	8.4	4	Lost / Hibernating
044d94a4ac73b24fe28ff5293ac35bd8	2017-06-19	Computers Accessories	RS	Alegrete	39.9	25.63	65.53	On-Time	6.7	2	Lost / Hibernating
044e7b17d9488e54fc8417df5289f503	2018-04-18	Art	PR	Curitiba	79.99	23.14	103.13	On-Time	7.2	5	Promising Recent
0450f2effaa0b03d5c7c5456338f48ff	2018-08-17	Consoles Games	PR	Nova Londrina	12.99	18.23	31.22	On-Time	10.0	3	New Customers
0452090193a8d241f971d25e584e9ca0	2018-05-16	Art	BA	Tapiramuta	99.99	14.54	114.53	On-Time	20.9	2	Potential Loyalists
0452092bf08cf43ddab32ebec9e75d2d	2017-02-21	Fixed Telephony	PE	Recife	29.9	20.4	50.3	On-Time	23.0	5	Lost / Hibernating
0452166f3b0d8e378179ecea1efdfe05	2018-08-10	Musical Instruments	PR	Curitiba	59.9	11.91	71.81	On-Time	4.5	5	New Customers
045339fcba21e00a00a822ca77f55c0c	2017-02-23	Computers Accessories	RS	Porto Alegre	69.0	9.47	78.47	On-Time	7.5	4	Lost / Hibernating
045524a5ae6c874b746523a6fd79f4f9	2017-09-02	Toys	SP	Socorro	112.9	13.13	126.03	On-Time	6.2	5	Lost / Hibernating
045797b656bf633566b0bcff412442a3	2017-11-29	Watches Gifts	RJ	Rio De Janeiro	170.0	21.68	191.68	Delayed	23.6	5	About To Sleep
045806c8806bca9909e23a1a79cfdd0c	2017-12-10	Baby	SP	Itanhaem	139.9	34.25	174.15	On-Time	16.9	5	About To Sleep
04584330f2068c5aa42306130a5ae0e5	2018-01-28	Telephony	SP	Sao Paulo	29.99	7.78	37.77	On-Time	3.0	5	Promising Recent
0459f8e390241a0cad720e0fce4e66a7	2017-09-22	Watches Gifts	SP	Sao Paulo	212.0	12.98	224.98	On-Time	7.8	5	About To Sleep
045abe3dd2d7c962b78a446b053238a6	2018-03-10	Baby	PI	Teresina	169.9	52.99	222.89	On-Time	10.2	5	Potential Loyalists
045acee11e62afca7764429c5710dac9	2018-03-17	Electronics	SP	Itapetininga	14.4	12.79	27.19	Delayed	25.2	1	Promising Recent
045b201c094804e3fa5e542994c79f09	2017-12-07	Health Beauty	CE	Paracuru	96.0	29.07	125.07	On-Time	27.5	3	About To Sleep
045b7b7bf230ace5044f87ad5de18dd0	2017-10-23	Toys	SP	Sao Roque	15.0	11.85	26.85	On-Time	4.3	5	About To Sleep
045b9114be21f880246ba6d749f577af	2018-08-11	Electronics	RJ	Rio De Janeiro	42.89	18.4	61.29	On-Time	6.4	5	New Customers
045c7a03ba28c7d7b3c58e3897f587a7	2017-11-19	Fashion Bags Accessories	SP	Sao Paulo	189.9	16.09	205.99	On-Time	8.2	5	About To Sleep
045c9852284420b9c02d156436e1481c	2018-05-16	Computers Accessories	SP	Sao Paulo	39.9	15.23	55.13	On-Time	6.1	5	New Customers
045d2b8e16b8512db26e4d3d1a3e5198	2018-05-15	Computers Accessories	SP	Franca	34.99	12.79	47.78	On-Time	3.1	5	New Customers
045d5f2b9ec233c262c0ba79867e37fb	2018-01-13	Sports Leisure	MG	Caete	219.0	17.97	236.97	On-Time	15.9	5	Champions
045e0b29f969d5cd3bf5ca04087a4af8	2018-08-06	Garden Tools	MG	Alto Jequitiba	72.0	19.69	91.69	On-Time	3.6	5	New Customers
045e848420a12f1b3dbcb2e6e375852b	2018-06-26	Housewares	MG	Matozinhos	35.0	19.44	54.44	On-Time	7.1	5	New Customers
045e9ebd4d41affc66333d58c3d107c1	2017-03-01	Office Furniture	RJ	Rio De Janeiro	176.96	33.52	210.48	On-Time	11.7	1	Lost / Hibernating
045eff272f42f0ae0191149686f193e1	2018-04-23	Musical Instruments	MG	Belo Horizonte	69.0	15.36	84.36	On-Time	3.3	1	Promising Recent
045fb730a757a5379d79bdbc42d4e84b	2018-08-03	Computers Accessories	MG	Pocos De Caldas	34.9	13.58	48.48	On-Time	13.8	1	New Customers
045fdf416ed4db7ae710009397448586	2018-01-12	Bed Bath Table	TO	Palmas	153.0	33.52	186.52	On-Time	12.4	4	About To Sleep
046022868cf3fa04a308811fd6b0b282	2018-06-22	Perfumery	SP	Sao Paulo	35.0	16.44	51.44	On-Time	4.0	5	New Customers
046023c2e3840562a6320b2bc22bda81	2017-11-24	Sports Leisure	SP	Barueri	335.9	16.86	352.76	On-Time	3.9	5	About To Sleep
0460d320a0a3d5a59cbc08636053751b	2018-07-25	Watches Gifts	SP	Sao Paulo	119.9	13.5	133.4	On-Time	4.7	5	Potential Loyalists
046100ad996b1c80d13e7e90fccd0560	2017-08-07	Health Beauty	SP	Louveira	49.99	11.85	61.84	On-Time	8.1	4	Lost / Hibernating
04626f2c41e6a49d4c2102a7d410797a	2017-11-27	Perfumery	SC	Brusque	53.99	15.13	69.12	Delayed	42.5	1	About To Sleep
0462bad26ccfb8508951beb9ea398ae1	2018-01-01	Baby	ES	Afonso Claudio	151.2	18.31	169.51	On-Time	22.4	5	About To Sleep
0463f8ccb9ec5832bfeffdd28ce2359d	2018-01-08	Health Beauty	MA	Satubinha	58.99	37.96	96.95	On-Time	17.0	4	About To Sleep
0464277e582666bde336336fd5fb9ff8	2018-04-09	Toys	RJ	Rio De Janeiro	149.99	8.99	158.98	On-Time	7.5	5	Potential Loyalists
04652586a8416e68609d21f267dee2f6	2018-07-31	Fashion Bags Accessories	PE	Olinda	69.0	19.39	88.39	On-Time	9.4	5	New Customers
0466015790ddd0ed7a2e65a6ca039c73	2018-04-13	Baby	SP	Caraguatatuba	14.0	18.23	32.23	On-Time	11.4	4	Promising Recent
0466015790ddd0ed7a2e65a6ca039c73	2018-04-13	Baby	SP	Caraguatatuba	14.0	18.23	32.23	On-Time	11.4	4	Promising Recent
0467205a89711e4ec8e70ef2277e3287	2018-07-03	Construction Tools Construction	SP	Sao Paulo	109.9	8.93	118.83	On-Time	1.5	5	Potential Loyalists
046735e8e55ac5d5eee44e008b9e9720	2018-03-24	Toys	SP	Sao Paulo	79.99	8.91	88.9	On-Time	2.9	5	Promising Recent
04689f2d82bbf4efb4cd3300961d4211	2017-06-11	Computers Accessories	SP	Rio Claro	79.9	15.31	95.21	On-Time	8.1	5	Lost / Hibernating
0468a84e6df93886189d80fce46bbfee	2017-03-20	Perfumery	RN	Francisco Dantas	198.9	25.88	224.78	On-Time	15.6	5	Lost / Hibernating
046a69282c430c5d662cee78c019f95f	2017-11-21	Watches Gifts	RO	Porto Velho	319.0	23.03	342.03	On-Time	25.1	2	About To Sleep
046af6e24851f4a0a0e7849112980219	2017-10-14	Housewares	RJ	Rio De Janeiro	14.9	14.1	29.0	On-Time	6.2	5	About To Sleep
046afc54df6dd8bc98ee2c0e653b70d8	2017-07-03	Watches Gifts	PR	Pinhais	29.0	14.1	43.1	On-Time		1	Lost / Hibernating
046bac99a3d9ff45ef86ebcd710b972a	2018-07-31	Watches Gifts	CE	Fortaleza	89.0	19.53	108.53	On-Time	17.5	4	Potential Loyalists
046bc7c1d7122be13009a28d66977149	2018-05-29	Books General Interest	SP	Sao Paulo	39.99	8.29	48.28	On-Time	3.5	5	New Customers
046cb513a5ed6d4f7506af8f88636609	2018-06-24	Books Imported	SP	Sao Paulo	59.89	9.17	69.06	On-Time	3.8	5	New Customers
046ce63db7db8b9160b6231429c8ea66	2017-08-23	Unknown	PI	Lagoinha Do Piaui	115.0	34.61	149.61	On-Time	22.8	4	Lost / Hibernating
046cf9d36030cfd64e9800b0006f5713	2018-01-19	Sports Leisure	SC	Florianopolis	45.0	15.11	60.11	On-Time	19.1	4	About To Sleep
046cf9d36030cfd64e9800b0006f5713	2018-01-19	Sports Leisure	SC	Florianopolis	45.0	15.11	60.11	On-Time	19.1	4	About To Sleep
0470834755105bf0bb1c3062a73f1d99	2017-07-11	Bed Bath Table	RS	Gravatai	34.9	16.6	51.5	On-Time	9.0	5	Lost / Hibernating
04711aafa1156335ba1ea7f6f7b7daef	2017-11-05	Luggage Accessories	SP	Sao Bernardo Do Campo	84.9	14.32	99.22	On-Time	10.7	5	About To Sleep
047250e11ece4201a2083bc3b62866bf	2018-08-11	Cool Stuff	SP	Valinhos	34.9	8.4	43.3	On-Time	9.2	5	New Customers
04730e3327a051a939ae815e14e482e1	2017-11-24	Watches Gifts	RJ	Marica	599.0	17.94	616.94	On-Time	18.9	1	About To Sleep
0473cdb86b1d6469287e484366a1a608	2017-08-23	Consoles Games	RJ	Comendador Levy Gasparian	69.99	15.24	85.23	On-Time	9.2	5	Lost / Hibernating
04749a8c0b72cda9ebbd79d27a0d1e40	2018-07-23	Auto	SE	Aracaju	214.0	18.43	232.43	On-Time	14.8	5	Potential Loyalists
0474da9403011efc4abd2bf594e9b68b	2018-08-08	Housewares	MG	Simao Pereira	149.0	26.41	175.41	On-Time	5.4	4	Potential Loyalists
0475d054d40280dfba750663c9ad7a0a	2018-07-24	Signaling And Security	RS	Nova Prata	49.9	13.69	63.59	On-Time	10.1	4	New Customers
04767604594dae9050fbaf22bca08e6e	2017-05-21	Perfumery	RJ	Rio De Janeiro	159.9	9.86	169.76	On-Time	2.7	1	Lost / Hibernating
0476f6eca64ad7ce1bef51f7308871bd	2017-03-27	Computers Accessories	PR	Almirante Tamandare	99.0	17.43	116.43	On-Time	7.1	2	Lost / Hibernating
047723564a4f371af7f16f08f08ae0e0	2017-12-06	Unknown	RJ	Macae	279.99	19.4	299.39	On-Time	12.0	5	About To Sleep
04778abaab7b4bdfb0abb1110f1eba52	2018-05-06	Telephony	RS	Canoas	27.99	15.23	43.22	On-Time	8.4	5	Promising Recent
04782e9b6da0d4326e534dae5dd3e09e	2018-05-26	Telephony	PR	Curitiba	37.99	15.23	53.22	On-Time	8.7	5	New Customers
04784f58d6d77df7f4c12da82a4577dc	2018-04-15	Telephony	RJ	Rio De Janeiro	63.99	9.06	73.05	On-Time	9.1	5	Promising Recent
0478ce23b7b39ac01b3bbd39109b083a	2018-08-10	Computers Accessories	SP	Carapicuiba	135.0	16.05	151.05	On-Time	7.2	5	Potential Loyalists
04791a70ae0e68a0fb50758b946b5195	2018-01-23	Garden Tools	SP	Carapicuiba	49.9	13.37	63.27	On-Time	8.1	5	Potential Loyalists
04791a70ae0e68a0fb50758b946b5195	2018-01-23	Garden Tools	SP	Carapicuiba	49.9	13.37	63.27	On-Time	8.1	5	Potential Loyalists
0479573b338446f5fedbcf76cea3bc20	2018-06-17	Health Beauty	SE	Aracaju	100.0	53.05	153.05	On-Time	18.1	5	Potential Loyalists
047ac23902ffcc68f3106db4f2e4338f	2018-07-14	Watches Gifts	MG	Uberlandia	139.0	14.31	153.31	On-Time	9.0	5	Potential Loyalists
047ad2bad6fa4c12dd98ff4b00ce0317	2018-03-20	Furniture Decor	GO	Rio Verde	69.9	24.71	94.61	On-Time	8.5	5	Promising Recent
047d317db3c34ff477eee816660e44f0	2017-09-24	Watches Gifts	SP	Limeira	134.9	12.44	147.34	On-Time	9.3	4	About To Sleep
047d4038afddd0dbca117fce7d5019d0	2018-01-02	Furniture Living Room	RJ	Rio De Janeiro	109.97	61.51	171.48	On-Time	13.1	5	About To Sleep
047d7bce997c4e73c6efe724711fd3b8	2017-10-15	Telephony	SP	Sao Paulo	49.9	8.72	58.62	Delayed	17.0	1	About To Sleep
047e0e88828680c6cd9c476d555823e2	2018-05-20	Computers Accessories	BA	Salvador	25.52	16.5	42.02	On-Time	25.9	1	New Customers
047e0e88828680c6cd9c476d555823e2	2018-05-20	Telephony	BA	Salvador	13.77	17.61	31.38	On-Time	25.9	1	New Customers
047ea1a58aad923c2c108eafa2c28192	2018-07-01	Health Beauty	SP	Taubate	122.99	63.11	186.1	On-Time	10.5	5	Potential Loyalists
047f9a218bccce8342d77f72c2240f8a	2017-04-22	Housewares	SP	Osasco	194.9	26.86	221.76	On-Time	6.7	4	Lost / Hibernating
0480beb27028f701542a144a9882a0f4	2017-08-29	Telephony	ES	Sao Gabriel Da Palha	169.99	15.94	185.93	On-Time	10.3	3	Lost / Hibernating
04814d2760b610101075888832621881	2018-04-30	Home Appliances 2	RJ	Rio De Janeiro	443.0	18.99	461.99	On-Time	6.2	4	Potential Loyalists
048297b4e795502db60be292e12dd390	2018-03-26	Diapers And Hygiene	SP	Itapeva	25.0	13.71	38.71	On-Time	14.6	3	Loyal Customers
048297b4e795502db60be292e12dd390	2018-03-26	Diapers And Hygiene	SP	Itapeva	25.0	13.71	38.71	On-Time	14.6	3	Loyal Customers
048297b4e795502db60be292e12dd390	2018-03-26	Diapers And Hygiene	SP	Itapeva	25.0	13.71	38.71	On-Time	14.6	3	Loyal Customers
048297b4e795502db60be292e12dd390	2018-03-26	Diapers And Hygiene	SP	Itapeva	25.0	13.71	38.71	On-Time	14.6	3	Loyal Customers
048297b4e795502db60be292e12dd390	2018-03-26	Diapers And Hygiene	SP	Itapeva	25.0	13.71	38.71	On-Time	14.6	3	Loyal Customers
0482c10b78fefa5a30abb519aa9dee93	2017-11-06	Bed Bath Table	SP	Cruzeiro	56.99	12.74	69.73	On-Time	7.3	5	About To Sleep
04836fc7917dc0bfcfbd4456ec4156ac	2018-07-21	Food Drink	RJ	Rio De Janeiro	99.99	58.78	158.77	On-Time	6.3	5	Potential Loyalists
0484f1d11d891ff86fcc2d225ce7094e	2018-01-13	Watches Gifts	SP	Sao Paulo	668.0	17.7	685.7	On-Time	6.1	5	About To Sleep
0487007c18089d38f1492091945d7ba8	2018-06-04	Office Furniture	SP	Jales	329.9	47.17	377.07	On-Time	4.1	4	Potential Loyalists
048741d7885a7fded1de887eb956fff3	2018-06-13	Auto	SP	Marilia	137.0	21.6	158.6	On-Time	7.0	5	Potential Loyalists
0487b772aa23074a39079a6967041b72	2018-07-24	Garden Tools	SP	Borborema	28.28	13.78	42.06	On-Time	6.4	5	New Customers
0487b902149eab8ec30e844142ee3e3a	2017-11-13	Housewares	SP	Vargem Grande Paulista	94.9	13.22	108.12	On-Time	4.0	4	About To Sleep
0487e06921e4ff31dd6c111294e130fa	2018-04-27	Auto	SP	Sao Paulo	28.0	7.87	35.87	On-Time	6.9	4	Promising Recent
048846960b74c996a4af7802498f52f2	2017-06-06	Toys	SP	Osasco	149.9	8.79	158.69	On-Time	3.2	5	Lost / Hibernating
048860a9cc82e1ab85c2d34174944cc8	2017-11-25	Telephony	GO	Alto Horizonte	55.91	15.14	71.05	On-Time	16.1	4	About To Sleep
048937ad68e3d2ec6e64f5105184589d	2018-05-06	Watches Gifts	PI	Bom Jesus	735.0	55.65	790.65	On-Time	16.8	5	Potential Loyalists
0489818f0b5863c095a7445ee35fd7f2	2018-03-15	Computers Accessories	ES	Cachoeiro De Itapemirim	81.4	23.5	104.9	On-Time	8.1	5	Promising Recent
0489b618a9367918b686f03f0cdeec60	2018-03-15	Stationery	MG	Ibia	99.0	15.54	114.54	On-Time	10.8	5	Potential Loyalists
0489c7b710f3ebccafbd087c3c53bc2d	2017-10-10	Toys	GO	Anapolis	69.0	12.61	81.61	On-Time	15.4	5	About To Sleep
048beca6ccda094fb80bbc704d7c493d	2017-04-28	Garden Tools	SP	Campinas	159.9	13.7	173.6	On-Time	9.9	4	Lost / Hibernating
048c6b6617c20f59a0ac4e9a348667e9	2018-01-13	Unknown	MG	Belo Horizonte	122.99	14.61	137.6	On-Time	15.8	5	About To Sleep
048cb31a5449d208f197f1fe7b617c3c	2018-04-23	Books Technical	PR	Curitiba	65.0	19.42	84.42	On-Time	5.1	5	Promising Recent
048cc31326007f07b576b46beddecc12	2017-12-07	Sports Leisure	RJ	Carapebus	249.99	22.59	272.58	On-Time	8.2	5	About To Sleep
048cc42e03ca8d43c729adf6962cb348	2017-11-16	Perfumery	SP	Santana De Parnaiba	16.9	7.78	24.68	On-Time	6.8	5	About To Sleep
048d1e40afa8d75641833ebbb74f85b7	2017-12-04	Computers Accessories	PR	Ponta Grossa	169.9	14.21	184.11	On-Time	16.5	4	About To Sleep
048d699adf41881d80ac3ed5f632a3aa	2017-04-24	Bed Bath Table	ES	Vitoria	169.9	16.89	186.79	On-Time	13.7	5	Lost / Hibernating
048e579f89c9b3ca9a05550876740754	2017-07-25	Health Beauty	MG	Patos De Minas	68.99	17.73	86.72	On-Time	13.9	1	Lost / Hibernating
048e6e4623dbf118c43e0f5572016faa	2017-12-31	Computers	PB	Cuite	599.0	58.63	657.63	On-Time	10.2	3	About To Sleep
048f3e9b77a965f84a501a7f29076128	2017-07-28	Sports Leisure	SP	Sorocaba	439.9	14.58	454.48	On-Time	5.9	4	Lost / Hibernating
048f4f6b6d2d3bc131665b2440c39f70	2017-05-25	Kitchen Dining Laundry Garden Furniture	RJ	Niteroi	48.9	37.9	86.8	On-Time	21.7	5	Lost / Hibernating
048f62c5f28797fb7a060c3f3c3e3e2c	2018-05-03	Computers Accessories	RJ	Mage	67.0	15.35	82.35	On-Time	6.1	5	Promising Recent
048fc26beee4f076edae01e578a13fc8	2018-02-12	Construction Tools Construction	SP	Sao Paulo	26.9	8.27	35.17	On-Time	3.5	5	Promising Recent
048fec87f5858e3a91ce55d3a944b457	2018-05-15	Housewares	SC	Florianopolis	42.42	19.36	61.78	On-Time	5.7	5	Potential Loyalists
048fec87f5858e3a91ce55d3a944b457	2018-05-15	Housewares	SC	Florianopolis	42.42	19.36	61.78	On-Time	5.7	5	Potential Loyalists
048fec87f5858e3a91ce55d3a944b457	2018-05-15	Housewares	SC	Florianopolis	161.42	19.35	180.77	On-Time	5.7	5	Potential Loyalists
04911e590c1c5c9b8e750d3ac1344d54	2017-08-02	Home Appliances	PR	Marialva	629.9	117.35	747.25	On-Time	8.2	5	Lost / Hibernating
04915529f622f4b069fb4501085fd905	2017-05-09	Toys	SP	Sao Paulo	42.99	5.52	48.51	On-Time	3.6	5	Lost / Hibernating
04915529f622f4b069fb4501085fd905	2017-05-09	Toys	SP	Sao Paulo	49.9	10.04	59.94	On-Time	3.6	5	Lost / Hibernating
0492eead55cd90ba9690387cca2baa20	2018-07-22	Watches Gifts	SP	Cubatao	99.0	7.95	106.95	On-Time	4.0	3	New Customers
0493b5f35d3ee7b1f7e2d98ad782820b	2018-04-12	Toys	PR	Ponta Grossa	99.0	19.66	118.66	On-Time	12.2	5	Potential Loyalists
0493cfcda1fbe4c59f584aeffa96c098	2017-03-03	Stationery	RJ	Saquarema	89.0	17.36	106.36	On-Time	5.0	5	At Risk
049446a8732fca98a50e6767bb58bd49	2017-12-04	Housewares	SP	Sao Jose Dos Campos	49.9	16.11	66.01	On-Time	22.5	5	About To Sleep
04948f70a0acaf8f9bcbc5602c4a7a47	2018-01-14	Watches Gifts	MG	Rio Pardo De Minas	329.9	17.06	346.96	On-Time	11.9	5	About To Sleep
0494b383f6155152ea987dde9647004b	2018-01-02	Electronics	SP	Paulinia	38.8	8.72	47.52	On-Time	10.4	5	About To Sleep
0494bfa608beaca61486b71439135973	2017-04-30	Baby	SP	Cajamar	79.9	11.17	91.07	On-Time	10.7	5	Lost / Hibernating
0494d7ef89583fcaf33a1cea4bcfeec2	2017-08-21	Fashion Bags Accessories	RO	Guajara-Mirim	29.9	34.15	64.05	On-Time	15.2	5	Lost / Hibernating
0494f6deee34c3bcc09e66f364b0e5a4	2018-05-17	Baby	PR	Sao Jose Dos Pinhais	47.9	16.32	64.22	On-Time	3.8	5	Champions
04955e4e1efe5837c88f3d4311a94fe7	2018-06-11	Sports Leisure	PE	Recife	29.9	29.46	59.36	On-Time	10.9	5	New Customers
0497899302217e8f8ea8645ac33c1882	2017-02-07	Health Beauty	RJ	Cachoeiras De Macacu	99.0	22.16	121.16	On-Time	8.9	5	Lost / Hibernating
04993613aee4046caf92ea17b316dcfb	2018-01-30	Bed Bath Table	SP	Sao Paulo	62.0	10.54	72.54	On-Time	8.1	4	Potential Loyalists
04993613aee4046caf92ea17b316dcfb	2018-01-30	Bed Bath Table	SP	Sao Paulo	62.0	10.54	72.54	On-Time	8.1	4	Potential Loyalists
04993613aee4046caf92ea17b316dcfb	2018-01-30	Bed Bath Table	SP	Sao Paulo	62.0	10.54	72.54	On-Time	8.1	4	Potential Loyalists
04993613aee4046caf92ea17b316dcfb	2018-01-30	Bed Bath Table	SP	Sao Paulo	48.0	10.54	58.54	On-Time	8.1	4	Potential Loyalists
04993613aee4046caf92ea17b316dcfb	2018-01-30	Bed Bath Table	SP	Sao Paulo	48.0	10.54	58.54	On-Time	8.1	4	Potential Loyalists
04993613aee4046caf92ea17b316dcfb	2018-01-30	Bed Bath Table	SP	Sao Paulo	48.0	10.54	58.54	On-Time	8.1	4	Potential Loyalists
04993613aee4046caf92ea17b316dcfb	2018-01-30	Bed Bath Table	SP	Sao Paulo	48.0	10.54	58.54	On-Time	8.1	4	Potential Loyalists
04993613aee4046caf92ea17b316dcfb	2018-01-30	Bed Bath Table	SP	Sao Paulo	62.0	10.54	72.54	On-Time	8.1	4	Potential Loyalists
049999b745ab7d4bc3ddf00181c39d56	2017-11-06	Telephony	SP	Sao Paulo	24.99	7.78	32.77	On-Time	2.7	5	About To Sleep
0499c7fe87611ea8ba76fc6ddceaad0e	2018-07-30	Construction Tools Safety	MG	Belo Horizonte	69.0	15.58	84.58	On-Time	14.3	1	New Customers
049ac54eda25ad838a76c65dcfd27c9a	2018-07-26	Sports Leisure	AM	Manaus	139.9	33.12	173.02	On-Time	22.2	5	Potential Loyalists
049ad2bf8710b108e943f5074aed4939	2017-11-08	Bed Bath Table	SP	Sao Paulo	54.9	13.08	67.98	On-Time	2.3	4	About To Sleep
049b358d74d74c40f7305eb4a4bc378e	2018-05-05	Consoles Games	DF	Brasilia	79.9	15.44	95.34	On-Time	10.2	5	Promising Recent
049bad09d9281445edb6dd1d6ece7395	2017-07-14	Baby	SP	Sao Paulo	79.9	7.81	87.71	On-Time	12.0	5	Lost / Hibernating
049c19712aca2d6e4ddc43c83183cdf6	2018-04-14	Musical Instruments	SP	Sao Paulo	139.0	48.24	187.24	On-Time	9.5	5	Potential Loyalists
049c844d7707d97ba1600196919474f4	2018-02-27	Watches Gifts	RJ	Niteroi	128.89	15.65	144.54	On-Time	22.4	4	Loyal Customers
049db9aade07d0056ead438e182f2b52	2018-07-09	Toys	DF	Brasilia	64.99	18.56	83.55	On-Time	4.0	5	New Customers
049ede3fc839758e81752a9dacd1f911	2018-08-02	Unknown	SP	Franca	12.99	12.79	25.78	On-Time	7.7	5	New Customers
049f68d642ed97629f4f13966b3082af	2017-12-25	Auto	GO	Rio Verde	109.9	25.61	135.51	On-Time	17.7	4	About To Sleep
049fa9a29ba386943ccbd0954fe8b8a0	2018-07-03	Bed Bath Table	RJ	Rio De Janeiro	79.9	23.36	103.26	On-Time	6.5	5	New Customers
04a0704d5a3f27305100a48682d41bb6	2018-08-13	Health Beauty	PE	Recife	66.99	19.38	86.37	On-Time	7.1	4	New Customers
04a0e5cbdfc606ebca72c5b78caf81fe	2018-01-21	Health Beauty	SP	Sao Paulo	48.9	17.06	65.96	On-Time	9.4	5	About To Sleep
04a18000a647d0f0f842ca489dd4a464	2018-03-21	Furniture Decor	SP	Osvaldo Cruz	60.0	13.78	73.78	On-Time	7.3	3	Loyal Customers
04a18000a647d0f0f842ca489dd4a464	2018-03-21	Furniture Decor	SP	Osvaldo Cruz	60.0	13.78	73.78	On-Time	7.3	3	Loyal Customers
04a1e228e53006582fabe65a7767258c	2018-05-12	Auto	SP	Holambra	59.9	14.51	74.41	On-Time	6.0	5	New Customers
04a2349771026865337d7e70a2ae0af4	2017-08-14	Home Appliances 2	MG	Belo Horizonte	229.99	60.16	290.15	On-Time	10.0	4	Lost / Hibernating
04a28263e085d399c97ae49e0b477efa	2018-02-02	Computers Accessories	DF	Brasilia	84.89	15.34	100.23	Delayed	36.7	1	Loyal Customers
04a2b4ee7fcf9fa8bf25b8d5bc770152	2018-06-05	Pet Shop	SP	Mirandopolis	145.0	21.6	166.6	On-Time	10.0	5	Potential Loyalists
04a2b4ee7fcf9fa8bf25b8d5bc770152	2018-06-05	Pet Shop	SP	Mirandopolis	19.99	5.56	25.55	On-Time	10.0	5	Potential Loyalists
04a38c066d7f34688a58ac150102619e	2017-12-03	Electronics	SP	Sao Paulo	29.99	7.78	37.77	On-Time	8.2	4	About To Sleep
04a59fe46fc5aa341da5378c195ed53c	2017-11-26	Baby	PR	Curitiba	60.0	15.18	75.18	On-Time	15.4	5	About To Sleep
04a5e3a44cf4310b56f1a18f38f103e6	2018-01-19	Watches Gifts	RJ	Rio De Janeiro	29.0	14.1	43.1	On-Time	13.5	4	About To Sleep
04a772c0620384a8776c4fbcf4af5c01	2017-11-29	Cool Stuff	GO	Luziania	64.9	25.29	90.19	Delayed	29.3	5	About To Sleep
04a92860751dfe7ae41f71e1228ffd18	2018-05-14	Auto	SP	Ribeirao Preto	199.9	18.59	218.49	On-Time	21.3	5	Potential Loyalists
04a964d023c9a995e1dea573959fad67	2017-03-06	Office Furniture	MG	Belo Horizonte	85.0	58.2	143.2	On-Time	9.9	4	Lost / Hibernating
04ab36803e2945bace40db80eaa54bc4	2017-10-10	Bed Bath Table	MG	Tiradentes	38.99	16.11	55.1	On-Time	16.0	5	About To Sleep
04ab36803e2945bace40db80eaa54bc4	2017-10-10	Bed Bath Table	MG	Tiradentes	38.99	16.11	55.1	On-Time	16.0	5	About To Sleep
04ab36803e2945bace40db80eaa54bc4	2017-10-10	Bed Bath Table	MG	Tiradentes	38.99	16.11	55.1	On-Time	16.0	5	About To Sleep
04ab36803e2945bace40db80eaa54bc4	2017-10-10	Bed Bath Table	MG	Tiradentes	38.99	16.11	55.1	On-Time	16.0	5	About To Sleep
04abf2d38859e6dfcfda69ed28a10aff	2018-03-23	Books Technical	MT	Primavera Do Leste	25.0	23.28	48.28	On-Time	20.9	4	Promising Recent
04ac505fe152a153d8b6013eccb4086b	2018-04-04	Housewares	SP	Sao Jose Dos Campos	39.9	7.39	47.29	On-Time	2.8	4	Promising Recent
04ac671da9c58d9111811d06df6d2513	2018-04-22	Garden Tools	SP	Sao Paulo	53.9	13.46	67.36	On-Time	5.8	5	Promising Recent
04ad6306c963b60d59a354f6cb9a3e13	2018-03-19	Sports Leisure	SP	Cunha	219.0	13.97	232.97	On-Time	15.3	4	Potential Loyalists
04ad8c8d81d4c6b6936947bfe41c20fd	2018-02-25	Garden Tools	BA	Salvador	53.9	19.62	73.52	On-Time	22.2	3	Promising Recent
04aecd02392f7ec523e0e3f208d7e890	2018-04-04	Garden Tools	SP	Praia Grande	103.99	7.59	111.58	On-Time	6.1	4	Potential Loyalists
04af00b2ad7756ba45549af1e832d8da	2017-12-05	Luggage Accessories	SP	Osasco	134.99	13.5	148.49	On-Time	8.0	3	About To Sleep
04af40a6714e5ab254138fcd4863f0c1	2018-03-10	Sports Leisure	SP	Sao Paulo	40.0	7.39	47.39	On-Time	5.8	5	Promising Recent
04af63a78c7e84943b8377fe1b7871aa	2018-03-28	Watches Gifts	MG	Juiz De Fora	115.0	18.69	133.69	On-Time	19.6	5	Potential Loyalists
04b037305ba882bf9510568fe6c1615b	2018-01-13	Perfumery	MG	Lavras	120.0	15.59	135.59	On-Time	9.1	5	About To Sleep
04b16351c3a70c83b9f8f1fe295cb450	2017-04-22	Sports Leisure	SP	Ribeirao Preto	98.9	15.9	114.8	On-Time	5.7	5	Lost / Hibernating
04b16c4b451253310532ae8020927b06	2017-11-10	Garden Tools	SC	Palhoca	59.9	17.67	77.57	On-Time	14.6	5	About To Sleep
04b21593198275390ded3d92c6d9fd6a	2017-11-04	Home Confort	RJ	Angra Dos Reis	499.0	56.09	555.09	Delayed	25.2	3	About To Sleep
04b23c68df88327f687ea03eb2f34d7e	2018-02-09	Furniture Decor	DF	Brasilia	49.7	17.6	67.3	Delayed	30.9	1	Promising Recent
04b2afb6447774881079872788d97883	2018-04-21	Construction Tools Safety	SP	Elias Fausto	40.8	12.79	53.59	On-Time	4.7	5	Promising Recent
04b3135bf087618b410a00680576242f	2018-07-29	Housewares	SP	Piracicaba	34.9	8.99	43.89	On-Time		1	About To Sleep
04b3f8c1795246a5d14db7496d570bc9	2018-02-08	Computers Accessories	SP	Jarinu	86.6	15.36	101.96	On-Time	12.2	5	Promising Recent
04b7151492b049661380a47e0449f9b6	2018-07-02	Computers Accessories	PR	Maringa	84.9	26.89	111.79	On-Time	7.8	5	Potential Loyalists
04b7738ad5fbb213eeb7a2145bea8242	2018-05-16	Furniture Decor	SP	Sao Carlos	159.0	16.46	175.46	On-Time	2.4	2	Champions
04b7738ad5fbb213eeb7a2145bea8242	2018-05-16	Furniture Decor	SP	Sao Carlos	159.0	16.46	175.46	On-Time	2.4	2	Champions
04b7738ad5fbb213eeb7a2145bea8242	2018-05-16	Musical Instruments	SP	Sao Carlos	39.99	1.98	41.97	On-Time	2.4	2	Champions
04b7bd5687bbcc2087d9af68fe7302b3	2018-03-24	Luggage Accessories	MG	Uberlandia	76.89	15.39	92.28	On-Time	12.6	5	Promising Recent
04b7f4eff7b30fc23df0be1f249113a5	2018-07-30	Health Beauty	SP	Santos	13.4	12.79	26.19	On-Time	5.1	3	New Customers
04b9b5e585a9c4f0a8e54706eb6dca47	2018-05-06	Housewares	MG	Governador Valadares	53.24	15.22	68.46	On-Time	4.9	5	New Customers
04b9ffa87087a2450449da3911146316	2018-04-04	Cool Stuff	MG	Sao Sebastiao Do Paraiso	49.9	19.32	69.22	Delayed	26.5	1	Promising Recent
04bc36cd51141e11c2cbbd188b6e47ca	2016-10-08	Computers Accessories	SP	Campinas	43.89	14.52	58.41	On-Time	7.8	5	Lost / Hibernating
04bd525b12a75a2a6fafd26414588301	2017-05-09	Stationery	RJ	Papucaia	69.9	15.24	85.14	On-Time	8.6	5	Lost / Hibernating
04bef466ed85bb9eca9a6165d765574c	2018-01-22	Watches Gifts	RS	Porto Alegre	138.9	14.72	153.62	Delayed	31.8	4	Potential Loyalists
04bef5ebaab368e72d66decdad88fddf	2017-07-06	Housewares	SP	Sao Bernardo Do Campo	69.9	16.74	86.64	On-Time	12.8	3	At Risk
04bf4de54cc6a9145f3ca780b9f45d54	2017-05-12	Baby	SP	Pilar Do Sul	59.9	16.18	76.08	On-Time	13.2	5	Lost / Hibernating
04bf71feb2b6d5e4c9916677d56f6b80	2017-12-11	Housewares	SP	Sao Paulo	72.0	11.73	83.73	On-Time	6.7	5	About To Sleep
04c0dac88714e8ee1ca2c0254cab2a22	2018-05-15	Housewares	SP	Maua	31.9	8.29	40.19	On-Time	1.9	5	New Customers
04c16a4e370df99cc2e5e4228ee63820	2018-08-06	Sports Leisure	SP	Sao Paulo	299.0	15.43	314.43	On-Time	4.0	5	Potential Loyalists
04c1e5f3771cb0ccfdb672669807401b	2017-09-17	Watches Gifts	MG	Carmopolis De Minas	898.9	38.74	937.64	On-Time	19.0	4	About To Sleep
04c28d1572e04b2b3e5b80ca7559e750	2018-05-27	Stationery	RS	Canoas	79.0	19.52	98.52	On-Time	23.9	1	New Customers
04c2b3995f83a3db2540a9217254ef6d	2018-07-24	Furniture Decor	RJ	Rio De Janeiro	79.9	19.75	99.65	On-Time	10.0	5	New Customers
04c3465b312fdf85de8e4cf4dc186600	2017-12-08	Cool Stuff	SP	Sao Paulo	28.7	7.78	36.48	On-Time	4.1	4	About To Sleep
04c35d140fbc805e40f33f6902661c4f	2018-06-13	Fashion Bags Accessories	MG	Belo Horizonte	49.9	15.45	65.35	On-Time	8.1	5	New Customers
04c35d9b971c2df38635b6c4a1983c35	2017-07-25	Computers Accessories	PR	Curitiba	695.72	29.71	725.43	On-Time	10.4	5	Lost / Hibernating
04c377db9e026afed8d38404a910c00f	2018-02-18	Watches Gifts	RJ	Sao Goncalo	199.0	15.14	214.14	On-Time	16.9	4	Potential Loyalists
04c3bddd55df58e83123e3b174855489	2018-01-26	Office Furniture	SP	Diadema	139.94	35.14	175.08	On-Time	33.9	1	Potential Loyalists
04c3f7aeb511208363bae893105bd410	2017-07-05	Office Furniture	SP	Sao Jose Do Rio Preto	119.94	21.85	141.79	On-Time	16.3	5	Lost / Hibernating
04c5574dca3570ecdde1cf8527993017	2018-03-22	Computers Accessories	SP	Franca	64.89	12.89	77.78	On-Time	12.5	1	Promising Recent
04c83c77d062fd72d8f1ebb7f9c1a1a3	2018-01-14	Bed Bath Table	SP	Guaruja	29.97	15.1	45.07	On-Time	8.3	2	About To Sleep
04c8fbbbe02b38bd685ad085fcaf29bd	2017-05-03	Auto	SP	Sao Paulo	79.0	11.16	90.16	On-Time	24.1	3	Lost / Hibernating
04ca915235b56ef2ce81703cdaa6a24b	2018-07-04	Cool Stuff	MG	Itamonte	89.99	23.43	113.42	On-Time	6.0	5	Potential Loyalists
04cb4d9e4f236cd2d6d42de8f1eea4ae	2017-05-23	Cool Stuff	RJ	Niteroi	499.9	17.25	517.15	On-Time	9.1	1	Lost / Hibernating
04cbdd6817839ed5c7ac28f811ed8c0f	2017-07-15	Stationery	SP	Suzano	45.0	11.85	56.85	On-Time	4.9	5	Lost / Hibernating
04cc9ab9d21b11d7aca691cf7facaaa1	2018-04-30	Housewares	SP	Sao Paulo	399.0	2.46	401.46	On-Time	4.1	4	Potential Loyalists
04cc9ab9d21b11d7aca691cf7facaaa1	2018-04-30	Health Beauty	SP	Sao Paulo	110.0	24.63	134.63	On-Time	4.1	4	Potential Loyalists
04cfd74948a554f6f404e78f54f26b22	2017-10-20	Toys	MG	Uberlandia	44.9	12.69	57.59	On-Time	10.2	5	About To Sleep
04d0a4d84d5dc9cc343ca4d0e4120a4d	2017-05-20	Toys	MG	Itau De Minas	52.9	20.86	73.76	On-Time	8.6	5	Lost / Hibernating
04d11ad47e18aa9180d9d9cc7678f496	2018-03-06	Consoles Games	SP	Itapevi	32.5	12.79	45.29	On-Time	13.6	5	Promising Recent
04d3e9115c05c6494aa7c1063f96db5e	2018-07-12	Home Construction	ES	Sao Mateus	119.85	23.64	143.49	On-Time	13.4	5	Potential Loyalists
04d49c33fa60bbc46ab8514d0811d0e3	2018-05-03	Toys	RJ	Rio De Janeiro	35.9	10.66	46.56	On-Time	14.0	5	Promising Recent
04d4e970b194babf5a7b70b11381f6ac	2017-12-28	Auto	RJ	Rio De Janeiro	89.0	12.08	101.08	On-Time	8.4	5	About To Sleep
04d545b51bf8586200b03f1e22db97e2	2017-10-17	Perfumery	SP	Sorocaba	16.9	8.11	25.01	On-Time	14.1	3	About To Sleep
04d545b51bf8586200b03f1e22db97e2	2017-10-17	Perfumery	SP	Sorocaba	16.9	8.11	25.01	On-Time	14.1	3	About To Sleep
04d551f13024f132b86b2fdb707664ed	2017-05-27	Musical Instruments	RJ	Nova Iguacu	379.99	51.19	431.18	On-Time		1	Lost / Hibernating
04d73d34ddd1f5ebc0c603615093e2a1	2018-02-23	Bed Bath Table	RS	Sao Sebastiao Do Cai	219.99	26.38	246.37	On-Time	14.4	5	Potential Loyalists
04d7676ae07d3a61604185998b0d51d9	2018-01-23	Stationery	MG	Lagoa Da Prata	169.0	18.43	187.43	On-Time	6.2	5	Potential Loyalists
04d93c61c57f9d6d4886adce5a64a9b0	2017-03-01	Garden Tools	SP	Sao Paulo	69.0	6.09	75.09	On-Time	6.0	4	Lost / Hibernating
04d93c61c57f9d6d4886adce5a64a9b0	2017-03-01	Garden Tools	SP	Sao Paulo	59.8	12.17	71.97	On-Time	6.0	4	Lost / Hibernating
04d943e133b4033bedddc46ee516f5c4	2017-08-25	Watches Gifts	SP	Indaiatuba	49.0	7.78	56.78	On-Time	3.8	5	At Risk
04d9462386313112744bfe028575d10f	2017-06-12	Perfumery	RJ	Rio De Janeiro	397.9	17.54	415.44	On-Time	14.0	5	Lost / Hibernating
04d95724f8e595ca13c0806541d39973	2018-03-19	Perfumery	SP	Cotia	130.5	7.78	138.28	On-Time	2.3	5	Loyal Customers
04da4dc0ed95cc93f9f25375fa08ad47	2018-08-23	Watches Gifts	SP	Sao Paulo	246.9	14.39	261.29	On-Time	6.2	5	Potential Loyalists
04da77eda115c14a16e28e6d0bcdf33f	2017-09-30	Perfumery	SP	Indaiatuba	206.67	13.79	220.46	On-Time	9.8	5	About To Sleep
04daee30107ba31302f8528918ba7f37	2018-02-21	Bed Bath Table	PR	Campo Mourao	24.9	15.1	40.0	On-Time	22.1	5	Promising Recent
04db86e3493b3724ac4bd3c9a397e23c	2017-08-28	Bed Bath Table	SP	Sao Jose Do Rio Preto	28.9	11.85	40.75	On-Time	14.3	5	Lost / Hibernating
04db86e3493b3724ac4bd3c9a397e23c	2017-08-28	Bed Bath Table	SP	Sao Jose Do Rio Preto	28.9	11.85	40.75	On-Time	14.3	5	Lost / Hibernating
04db86e3493b3724ac4bd3c9a397e23c	2017-08-28	Bed Bath Table	SP	Sao Jose Do Rio Preto	28.9	11.85	40.75	On-Time	14.3	5	Lost / Hibernating
04dbc8d27bc4a29787bbaf068607aa76	2018-06-25	Garden Tools	SP	Valinhos	99.99	15.09	115.08	On-Time	10.2	5	Potential Loyalists
04dc24624a669b293bee03e97b344440	2018-04-12	Health Beauty	PB	Assuncao	80.0	52.69	132.69	Delayed	53.0	1	Potential Loyalists
04dd35719b3865db080c89c54b9f5b6a	2017-07-14	Sports Leisure	SE	Aracaju	128.9	18.0	146.9	On-Time	18.8	5	Lost / Hibernating
04dd5aa087f6b04e0e145fb4c4fef047	2017-11-27	Telephony	RJ	Rio De Janeiro	189.9	18.61	208.51	On-Time	14.2	4	About To Sleep
04dd5aa087f6b04e0e145fb4c4fef047	2017-11-27	Telephony	RJ	Rio De Janeiro	189.9	18.61	208.51	On-Time	14.2	4	About To Sleep
04df14e9618f3ad47f7b1e353b0b9c50	2017-05-22	Housewares	RJ	Rio De Janeiro	16.99	15.1	32.09	On-Time	6.7	5	Lost / Hibernating
04dfcefdc5881bd3db8f516999a758af	2018-06-16	Housewares	PR	Curitiba	119.0	18.63	137.63	On-Time	6.1	5	Potential Loyalists
04e00ba23c33890eaee39b02e8185cc2	2018-07-25	Agro Industry And Commerce	RJ	Rio De Janeiro	33.9	14.4	48.3	On-Time	4.9	4	New Customers
04e16f3c151ad9fb3100eda6ac3a61b7	2017-04-04	Sports Leisure	MG	Guaxupe	269.0	17.09	286.09	On-Time	7.9	5	Lost / Hibernating
04e1ca520a917164808b7fd567f9b57c	2017-05-12	Sports Leisure	RS	Nova Petropolis	28.0	15.1	43.1	On-Time	12.2	5	Lost / Hibernating
04e1ca520a917164808b7fd567f9b57c	2017-05-12	Sports Leisure	RS	Nova Petropolis	28.0	15.1	43.1	On-Time	12.2	5	Lost / Hibernating
04e289ce03d58b279959796d73dee219	2017-07-28	Baby	SP	Sao Paulo	32.9	14.1	47.0	On-Time	5.5	5	Lost / Hibernating
04e2943331164044ec43de08763717eb	2017-12-10	Health Beauty	SP	Sorocaba	23.99	7.78	31.77	On-Time	5.0	5	About To Sleep
04e2e5f16cad2f04bb156a4bcc034520	2017-12-08	Fashion Bags Accessories	PR	Londrina	49.0	15.1	64.1	On-Time	10.1	4	About To Sleep
04e4230edda7cee2d7656643461d47e7	2017-05-31	Luggage Accessories	RJ	Cordeiro	79.9	21.05	100.95	On-Time	4.8	5	Lost / Hibernating
04e452498b75f049f617f5ed7ffc0633	2018-05-22	Health Beauty	SP	Sao Paulo	224.0	9.92	233.92	On-Time	1.9	5	Potential Loyalists
04e45523ce26353e6ba6a713afd77b82	2018-02-27	Telephony	MG	Belo Horizonte	24.99	14.1	39.09	Delayed	21.3	5	Promising Recent
04e46e7fa33e86e068e66a04601ed8e8	2018-03-08	Sports Leisure	SP	Sao Paulo	125.0	14.96	139.96	On-Time	10.9	3	Potential Loyalists
04e83658486074318f1a806c19265817	2018-05-04	Sports Leisure	SP	Sao Paulo	159.99	14.06	174.05	On-Time	6.8	5	Potential Loyalists
04e86e883a36a0775ecb4f34f581770d	2018-08-20	Fashion Bags Accessories	MG	Arinos	19.9	15.21	35.11	On-Time	8.0	5	New Customers
04eafa8a91ba0d51dc0c193bb67afc87	2017-11-26	Toys	DF	Brasilia	259.9	19.1	279.0	On-Time	10.7	5	Customers Needing Attention
04eb8bac62618bbc56c582cd49493669	2017-05-16	Fashion Bags Accessories	RJ	Sao Goncalo	69.9	14.24	84.14	On-Time	7.0	4	Loyal Customers
04ebaf1d65a804a49b4b1011467aaf47	2017-11-24	Consoles Games	SP	Embu Das Artes	24.5	11.85	36.35	On-Time	13.3	3	About To Sleep
04ebe10a05b6cb445e27b34f29a01c1a	2018-08-17	Health Beauty	SP	Sao Paulo	122.99	30.11	153.1	On-Time	10.4	5	Potential Loyalists
04ee5eeac980a849efb5ac99abf87259	2017-08-23	Bed Bath Table	SP	Jundiai	89.9	13.65	103.55	On-Time	9.2	3	Lost / Hibernating
04ee5eeac980a849efb5ac99abf87259	2017-08-23	Bed Bath Table	SP	Jundiai	89.9	13.65	103.55	On-Time	9.2	3	Lost / Hibernating
04eef545c54d444825c506ba170a26bd	2017-04-24	Baby	RJ	Duque De Caxias	59.99	15.63	75.62	Delayed	31.7	1	Lost / Hibernating
04ef688ecd44ca2621c3f78abfdf42f9	2017-06-04	Health Beauty	CE	Fortaleza	59.99	17.73	77.72	On-Time	24.2	5	Lost / Hibernating
04f026e6517b3845e4ea1a9d0328adfc	2018-04-18	Bed Bath Table	SP	Americana	19.97	15.23	35.2	On-Time	6.1	5	Promising Recent
04f15733e3974c4127cb066cb835cdc9	2018-02-05	Baby	RS	Sao Marcos	130.0	18.16	148.16	On-Time	26.1	1	Potential Loyalists
04f15733e3974c4127cb066cb835cdc9	2018-02-05	Baby	RS	Sao Marcos	130.0	18.16	148.16	On-Time	26.1	1	Potential Loyalists
04f1689642ed3c3e45244d4f7b2fe731	2018-08-20	Health Beauty	MT	Sorriso	259.9	20.99	280.89	On-Time	9.2	1	Potential Loyalists
04f1827088d972a62224f5203a071500	2017-12-10	Bed Bath Table	RJ	Rio De Janeiro	159.69	18.37	178.06	On-Time	18.9	1	About To Sleep
04f1827088d972a62224f5203a071500	2017-12-10	Bed Bath Table	RJ	Rio De Janeiro	159.69	18.37	178.06	On-Time	18.9	5	About To Sleep
04f1f7895e1f86444c5965be2d773cb3	2018-07-18	Furniture Decor	SP	Sao Jose Do Rio Preto	150.0	21.69	171.69	On-Time	6.2	4	Potential Loyalists
04f22b756f6367772fe11035fe75391a	2018-05-09	Sports Leisure	SP	Sorocaba	69.9	12.18	82.08	On-Time	8.3	4	New Customers
04f2e46bdb0ab9fb67a417100fb3ca71	2017-10-06	Furniture Decor	RJ	Rio De Janeiro	37.5	17.6	55.1	On-Time	12.9	4	About To Sleep
04f2e760bb583d5d2f8b88e247d58d09	2017-11-27	Furniture Decor	SP	Sao Paulo	37.9	13.08	50.98	On-Time	2.3	5	About To Sleep
04f352fa3f3b02bb7c523906d577c4b8	2017-11-11	Bed Bath Table	ES	Vitoria	105.6	15.67	121.27	On-Time	26.9	5	About To Sleep
04f352fa3f3b02bb7c523906d577c4b8	2017-11-11	Bed Bath Table	ES	Vitoria	105.6	15.67	121.27	On-Time	26.9	5	About To Sleep
04f5536db820c4ea1450c353f92d5de5	2018-04-22	Home Appliances	SP	Sao Paulo	14.1	7.87	21.97	On-Time	2.0	5	Promising Recent
04f6cdae6a85ade2864cd5fc811fb9ba	2018-05-14	Luggage Accessories	SP	Rio Claro	139.0	41.02	180.02	On-Time	1.3	5	Potential Loyalists
04f6cdae6a85ade2864cd5fc811fb9ba	2018-05-14	Luggage Accessories	SP	Rio Claro	139.0	41.02	180.02	On-Time	1.3	5	Potential Loyalists
04f6cdae6a85ade2864cd5fc811fb9ba	2018-05-14	Luggage Accessories	SP	Rio Claro	139.0	41.02	180.02	On-Time	1.3	5	Potential Loyalists
04f7a2c35c535b543c6042ee73b125f0	2018-03-02	Watches Gifts	MT	Campos De Julio	124.9	17.31	142.21	On-Time	21.3	5	Potential Loyalists
04f7b342a4b3d7b33bdf6aade899d685	2017-08-29	Health Beauty	ES	Vitoria	15.48	15.1	30.58	On-Time	7.0	4	Lost / Hibernating
04f87887045aa20403546af3facb8ad1	2018-07-20	Furniture Living Room	PB	Campina Grande	72.99	88.02	161.01	On-Time	12.1	5	Potential Loyalists
04f89a77d1fcc3178c1a374b5cc61a52	2017-11-26	Furniture Decor	SP	Sao Paulo	49.9	9.34	59.24	On-Time	3.1	5	About To Sleep
04f917df18d906d8a147182234788026	2017-05-17	Toys	PE	Vitoria De Santo Antao	129.9	27.45	157.35	On-Time	13.7	5	Lost / Hibernating
04f92792b1960e9302825742e0751a5c	2018-05-12	Office Furniture	GO	Luziania	179.9	66.98	246.88	On-Time	20.4	5	Potential Loyalists
04f94352a3c9730205d3fa72cb014eb4	2018-06-15	Furniture Decor	MG	Muriae	215.0	42.49	257.49	On-Time	10.3	4	Potential Loyalists
04f94352a3c9730205d3fa72cb014eb4	2018-06-15	Furniture Decor	MG	Muriae	215.0	42.49	257.49	On-Time	10.3	4	Potential Loyalists
04f9ef79f6d6439da363d065445c2325	2018-05-16	Health Beauty	SP	Sao Paulo	47.6	12.79	60.39	On-Time	5.2	5	Champions
04fa206258b069b5900dd56e6cc87a63	2018-04-02	Health Beauty	RJ	Rio De Janeiro	79.99	15.38	95.37	On-Time	14.6	3	Promising Recent
04fb47576993a3cb0c12d4b25eab6e4e	2017-05-25	Luggage Accessories	SP	Americana	259.9	41.77	301.67	On-Time	4.4	5	Lost / Hibernating
04fecddbcf23f16238f35a21291ab7d0	2018-01-30	Toys	RJ	Nova Iguacu	99.0	69.57	168.57	On-Time	16.4	5	Potential Loyalists
04ff62d0684a80831afbdc2f6e56259f	2018-02-24	Office Furniture	RJ	Rio De Janeiro	79.99	42.76	122.75	On-Time	26.1	3	Potential Loyalists
04ffb64e3f80d17e95e1934561c8f64a	2017-12-04	Toys	RJ	Miracema	169.9	18.44	188.34	On-Time	14.5	1	About To Sleep
04ffe2f01e4967bb8dd86f8d1db29d89	2017-06-26	Computers Accessories	SP	Santo Andre	749.9	21.98	771.88	On-Time	5.7	5	Lost / Hibernating
04ffe5a8a70cc5dd6a00b68fd6c905e7	2018-02-28	Fashion Bags Accessories	SP	Guaruja	20.3	8.11	28.41	On-Time	11.6	4	Promising Recent
0501724b4f41a7c8ab490d4beacf4d07	2017-11-13	Bed Bath Table	SP	Embu Das Artes	65.9	12.8	78.7	On-Time	4.2	5	About To Sleep
0501e7fec71cfd7db3c1e2242e51f909	2017-11-30	Bed Bath Table	SP	Barueri	219.9	15.74	235.64	On-Time	4.3	5	About To Sleep
05028bf6da42dad66775424835329d50	2018-04-10	Furniture Decor	PR	Curitiba	91.0	23.22	114.22	On-Time	13.9	5	Potential Loyalists
0504447548229e075dea8441b37b1e2a	2017-09-28	Stationery	RS	Santiago	199.9	21.89	221.79	On-Time	7.9	5	About To Sleep
0504c112cd5ef9650a65748c4dc380cb	2018-04-17	Bed Bath Table	RJ	Barra Mansa	86.0	9.27	95.27	On-Time	22.6	5	Promising Recent
0505a29e827a4c609b3fd250c0313bef	2018-06-10	Health Beauty	CE	Altaneira	99.9	42.76	142.66	On-Time	19.1	4	Potential Loyalists
0507a74781354ea643bff372311d2a97	2018-05-21	Health Beauty	SP	Sao Paulo	110.32	7.64	117.96	On-Time	2.1	5	Champions
05086b5a715c97d1971784b6ae899a6d	2018-06-26	Health Beauty	SP	Sao Paulo	110.32	8.03	118.35	On-Time	4.3	4	Potential Loyalists
05086b5a715c97d1971784b6ae899a6d	2018-06-26	Health Beauty	SP	Sao Paulo	110.32	8.03	118.35	On-Time	4.3	4	Potential Loyalists
0508768342a863478ca21854a6ac2869	2018-01-07	Luggage Accessories	RJ	Petropolis	99.9	16.46	116.36	On-Time	15.2	5	About To Sleep
0508c1d4ce32ccc40fc59d0592478608	2018-06-04	Watches Gifts	ES	Santa Maria De Jetiba	159.9	19.0	178.9	On-Time	15.1	5	Potential Loyalists
05093c063b3e4c3b5f4ef831d7da7fd5	2018-05-01	Watches Gifts	SP	Sao Paulo	102.0	13.15	115.15	On-Time	20.0	5	Potential Loyalists
05095322e4f3619255e9450335966c33	2018-03-02	Pet Shop	MG	Sao Joao Del Rei	120.0	12.97	132.97	Delayed	38.6	1	Potential Loyalists
0509b3b20635c8d54544dc048d95318b	2018-06-22	Telephony	RJ	Volta Redonda	24.99	18.28	43.27	On-Time	12.1	5	New Customers
050a64172dd384db4597d5f3bdcf2137	2017-12-11	Furniture Decor	SP	Sao Jose Dos Campos	119.9	18.09	137.99	On-Time		5	About To Sleep
050c064324e4ea0fd891e928b776a24a	2018-01-09	Bed Bath Table	RJ	Sao Joao Da Barra	69.2	23.35	92.55	On-Time	31.0	1	About To Sleep
050c32bac1e923fa3406fdedf75feb89	2018-03-05	Office Furniture	RS	Jaguarao	169.99	45.65	215.64	On-Time	30.2	4	Potential Loyalists
050db8a61ea366db684e7d127082b5da	2017-07-09	Home Confort	SP	Sud Mennucci	89.9	12.13	102.03	On-Time	8.9	5	Lost / Hibernating
050f9344068b604a9df9c01b12ded455	2017-10-08	Sports Leisure	SP	Catanduva	109.9	13.11	123.01	On-Time	8.4	4	Customers Needing Attention
05104976125ea1e5cc04bc1f506a436a	2018-08-14	Electronics	RJ	Rio De Janeiro	198.9	18.32	217.22	Delayed	11.1	1	Potential Loyalists
05108247830e6abf604da38aff20907f	2018-04-19	Books General Interest	SP	Sao Paulo	22.9	7.39	30.29	On-Time	6.3	5	Promising Recent
0510b3fb25b0b62b1221ec1cd2e495ee	2017-06-08	Consoles Games	MS	Bataipora	135.3	44.8	180.1	On-Time	17.8	5	Lost / Hibernating
0510f632b86f01064ebbde67deb63bb5	2018-06-26	Home Construction	RJ	Rio De Janeiro	95.2	18.47	113.67	On-Time	7.9	5	Potential Loyalists
0510fbef17088fdb22eed8b459322c62	2018-04-24	Sports Leisure	SP	Itaquaquecetuba	105.3	7.92	113.22	On-Time	1.9	4	Loyal Customers
05123197f45cd213617dbd9523bd23f7	2017-07-16	Health Beauty	ES	Cachoeiro De Itapemirim	120.9	15.6	136.5	On-Time	12.2	1	Lost / Hibernating
0512553e39efd59a9572ce7eebacd43a	2017-10-26	Sports Leisure	SP	Cotia	135.0	13.97	148.97	Delayed	25.4	5	About To Sleep
0512bcd90b810913b8177d5324c5ee0d	2017-06-22	Bed Bath Table	SP	Cotia	69.9	17.74	87.64	On-Time	8.8	5	Lost / Hibernating
05147da86ae779803eaa2a5480010af9	2018-06-09	Housewares	SP	Osasco	9.9	7.39	17.29	On-Time	3.8	5	New Customers
0514e4dbba025db4265c73bfb7371261	2018-04-11	Housewares	RJ	Rio De Janeiro	37.0	22.06	59.06	On-Time	19.1	4	Promising Recent
0516c22655fe1e1f0b3390f4ee3fc5f6	2017-01-31	Furniture Decor	MG	Montes Claros	29.99	15.56	45.55	On-Time	9.3	5	Lost / Hibernating
0517a3e68dac3308995edca2144db36e	2018-04-26	Watches Gifts	SE	Aracaju	99.9	0.0	99.9	Delayed	43.3	1	Promising Recent
0517ba063462fdd36525fd7e9ef72cee	2018-03-14	Computers Accessories	RJ	Volta Redonda	129.0	58.76	187.76	On-Time	11.6	5	Potential Loyalists
0517ba063462fdd36525fd7e9ef72cee	2018-03-14	Computers Accessories	RJ	Volta Redonda	129.0	58.76	187.76	On-Time	11.6	5	Potential Loyalists
0517edc6ddee491e072a844bfbb54c86	2018-04-26	Bed Bath Table	SP	Sao Paulo	38.99	8.88	47.87	On-Time	6.0	5	Promising Recent
0517f595d01e0c246ac759a754c6ca64	2017-10-15	Health Beauty	SP	Pirassununga	89.99	12.97	102.96	On-Time	10.1	1	About To Sleep
0518657f142278ad13d645c6b5b0a669	2017-10-20	Consoles Games	GO	Novo Gama	49.99	14.1	64.09	On-Time	11.1	5	About To Sleep
0519649fc6c78b0e228b6ea8e6767095	2018-07-13	Auto	RJ	Arraial Do Cabo	29.29	18.31	47.6	On-Time	11.2	5	New Customers
051b95df471b0bc57ac737b9d3057954	2018-05-14	Watches Gifts	RJ	Nova Iguacu	55.0	15.27	70.27	On-Time	7.0	5	New Customers
051c701261744807b2535ab976842f7e	2018-07-08	Bed Bath Table	SP	Santana De Parnaiba	159.9	18.33	178.23	On-Time	3.3	5	Potential Loyalists
051d3d717e96b76b07fc9076b88d671f	2018-01-25	Agro Industry And Commerce	SP	Praia Grande	58.5	28.11	86.61	On-Time	7.4	5	Promising Recent
051d564ccb0a1e50070ac26704a2ba72	2018-08-23	Health Beauty	SP	Sao Paulo	585.0	37.86	622.86	On-Time	6.8	5	Potential Loyalists
051fa5d5438a17a06ebfd7b77c020e2c	2018-02-24	Auto	PR	Londrina	52.99	16.81	69.8	On-Time	11.4	3	Promising Recent
051fcda88d997d3ff86012da2a556342	2018-08-24	Fashion Bags Accessories	SP	Maua	49.0	7.6	56.6	Delayed	5.1	1	New Customers
05200ccb21bae81c6c32914d7c3bb778	2017-12-17	Watches Gifts	GO	Aparecida De Goiania	29.0	14.1	43.1	On-Time	5.3	5	Customers Needing Attention
052121d17f8eab43c577497c9b1451e2	2017-09-13	Baby	MG	Belo Horizonte	49.9	14.1	64.0	On-Time	7.0	5	Lost / Hibernating
0521b661c320287be1f5a92a52760c8b	2018-01-03	Cool Stuff	RJ	Paty Do Alferes	166.99	27.49	194.48	On-Time	12.0	5	About To Sleep
05232fb1e414a006d6713c23f5cde5f5	2017-12-05	Sports Leisure	PI	Parnaiba	115.0	43.22	158.22	On-Time	15.1	5	About To Sleep
05234d05cd854695218f98bf84cd2489	2018-05-21	Garden Tools	SP	Barueri	68.9	19.45	88.35	On-Time	14.1	5	New Customers
05248f2049e2194bcb2108983868308f	2018-01-16	Watches Gifts	PA	Belem	55.0	17.67	72.67	On-Time	12.8	4	About To Sleep
0524a4740833e4c479484d6fd2735725	2018-07-30	Bed Bath Table	SP	Sao Paulo	139.9	18.11	158.01	On-Time	3.7	5	Potential Loyalists
052514b6411113b9d1d289f49bf414e5	2017-10-09	Telephony	RS	Porto Alegre	29.9	14.1	44.0	On-Time	15.6	5	About To Sleep
052523fd2c735b15cb107afc0a413bc2	2017-01-27	Furniture Decor	SP	Guaruja	38.5	18.0	56.5	On-Time	9.6	5	Lost / Hibernating
05252513392111e8721062d8ecd9edb1	2017-05-19	Computers Accessories	SP	Sao Paulo	45.0	11.85	56.85	On-Time	11.6	5	Lost / Hibernating
05259e30e40e08eddb05428cb38ff248	2018-03-18	Construction Tools Safety	SP	Bauru	1235.99	22.74	1258.73	On-Time	4.4	1	Potential Loyalists
0526ac4e6b594d943d1865fcbbe8047c	2017-07-10	Bed Bath Table	RS	Viamao	89.9	15.38	105.28	On-Time	21.1	5	Lost / Hibernating
0527142b56f235b4936a8573f33b020b	2017-07-18	Watches Gifts	MG	Medina	189.99	16.08	206.07	On-Time	7.4	5	Lost / Hibernating
0528d983de4118f6b36d55e407d24f94	2018-07-22	Bed Bath Table	SP	Sao Jose Dos Campos	69.99	14.8	84.79	On-Time	4.2	5	New Customers
05290ddcf1e8fa2c773e1f37015cc56c	2018-01-14	Housewares	MG	Uberlandia	45.0	15.1	60.1	On-Time	10.9	5	About To Sleep
052957b74548fe2ce95f70d3623e6eb3	2018-06-11	Construction Tools Construction	SP	Sao Paulo	10.18	18.23	28.41	On-Time	7.0	5	New Customers
05297254c9e41d34c1a38f75ca8656d9	2017-11-24	Furniture Decor	SP	Sao Paulo	32.99	9.34	42.33	Delayed	20.8	5	About To Sleep
052a5969146f40fe550f442f52f302b7	2018-05-15	Bed Bath Table	SP	Sao Paulo	39.99	17.59	57.58	On-Time	5.8	5	Potential Loyalists
052a5969146f40fe550f442f52f302b7	2018-05-15	Bed Bath Table	SP	Sao Paulo	39.99	10.55	50.54	On-Time	5.8	5	Potential Loyalists
052a77ba9184a29a1a99c4129ec14c74	2017-11-28	Pet Shop	PR	Curitiba	42.5	15.1	57.6	Delayed	22.2	5	About To Sleep
052ad30f046f581349410a7b366ef674	2017-06-05	Home Confort	SP	Sao Paulo	14.0	8.72	22.72	On-Time	2.5	5	Lost / Hibernating
052b00d65560313221c5692cdb22fcb3	2018-07-11	Office Furniture	SP	Sao Paulo	169.99	26.17	196.16	On-Time	20.6	3	Potential Loyalists
052b102ad85bbd141261bbb4ad13edfc	2017-06-14	Home Appliances	RJ	Saquarema	26.0	16.11	42.11	On-Time	12.7	3	At Risk
052b35671e2bdd45aa889c5fa09e2809	2017-12-21	Baby	SP	Sao Paulo	388.0	15.27	403.27	On-Time	6.2	5	About To Sleep
052b49cd1787ff86171b4e374f53c42e	2017-06-17	Perfumery	MG	Muriae	382.0	17.42	399.42	On-Time	16.0	4	Lost / Hibernating
052b7ade468bbc426187ed75fbc1fb3b	2018-04-03	Computers Accessories	MG	Belo Horizonte	140.99	9.72	150.71	On-Time	7.4	1	Potential Loyalists
052b7ade468bbc426187ed75fbc1fb3b	2018-04-03	Computers Accessories	MG	Belo Horizonte	140.99	9.72	150.71	On-Time	7.4	1	Potential Loyalists
052b83db5c313dc65a07dad376ab69b1	2017-06-06	Bed Bath Table	MG	Belo Horizonte	49.95	15.1	65.05	On-Time	13.3	5	Lost / Hibernating
052b83db5c313dc65a07dad376ab69b1	2017-06-06	Bed Bath Table	MG	Belo Horizonte	49.95	15.1	65.05	On-Time	13.3	5	Lost / Hibernating
052bc85c00310b85dc5b3cae2d25aebb	2017-08-24	Furniture Living Room	DF	Brasilia	125.9	27.2	153.1	On-Time	18.4	3	Lost / Hibernating
052d3bf6e40dd9000d1497f6f10db0b0	2018-03-16	Baby	SP	Sao Paulo	48.9	9.26	58.16	On-Time	4.4	4	Promising Recent
052ef5dcbed8fd1d4d01ba597103168e	2017-11-12	Housewares	RS	Caxias Do Sul	289.99	46.49	336.48	On-Time	8.8	4	About To Sleep
052fd91f936f4938c1085ce62862142a	2018-08-01	Furniture Decor	SP	Guaira	44.99	12.98	57.97	On-Time	6.5	5	New Customers
05302619b1bff6733f64a97851af68cd	2018-01-21	Telephony	RJ	Rio De Janeiro	29.99	14.1	44.09	On-Time	17.3	4	About To Sleep
053060b606af02b5ea4b079dd492ec5b	2018-07-13	Health Beauty	SP	Sao Paulo	42.9	18.4	61.3	On-Time	7.4	5	New Customers
053180cf4b0cf3f7a300e2e42ff01da9	2017-12-11	Garden Tools	SP	Taboao Da Serra	59.0	13.43	72.43	On-Time	16.2	5	Customers Needing Attention
053180cf4b0cf3f7a300e2e42ff01da9	2017-12-11	Garden Tools	SP	Taboao Da Serra	59.0	13.43	72.43	On-Time	16.2	5	Customers Needing Attention
053228d082dcc4c3730e511ecd4c9fa0	2018-07-31	Cool Stuff	PA	Ananindeua	85.99	22.88	108.87	Delayed	20.1	4	Potential Loyalists
053245dc8f6f668c40923c3aedcd384e	2017-06-06	Sports Leisure	MG	Ituiutaba	5.85	8.01	13.86	On-Time		3	Lost / Hibernating
053245dc8f6f668c40923c3aedcd384e	2017-06-06	Sports Leisure	MG	Ituiutaba	17.55	24.04	41.59	On-Time		3	Lost / Hibernating
053245dc8f6f668c40923c3aedcd384e	2017-06-06	Sports Leisure	MG	Ituiutaba	17.55	24.04	41.59	On-Time		3	Lost / Hibernating
053245dc8f6f668c40923c3aedcd384e	2017-06-06	Sports Leisure	MG	Ituiutaba	5.85	8.01	13.86	On-Time		3	Lost / Hibernating
0532db7075ba24a851a342f08d0e0b39	2017-12-26	Cool Stuff	RS	Rio Grande	199.0	14.41	213.41	On-Time	24.3	5	About To Sleep
0533030deeaf4b83feea1ea004f2ddb5	2018-05-16	Bed Bath Table	SC	Videira	91.0	11.6	102.6	Delayed	30.1	1	New Customers
0533573d16b0c12cc9a3f9f97f67111b	2018-03-01	Food Drink	SP	Sao Paulo	60.0	9.94	69.94	On-Time	4.2	5	Promising Recent
053424c24c059910d1e31829dddcd4d9	2018-07-06	Sports Leisure	SP	Sao Paulo	38.9	19.46	58.36	On-Time	6.2	5	New Customers
0534ef1065535a4a5fd90098c1ad462b	2017-12-07	Sports Leisure	SP	Carapicuiba	13.99	7.78	21.77	On-Time	4.0	5	About To Sleep
05369626de3379a1a26fa24e22048214	2018-05-10	Bed Bath Table	RJ	Rio De Janeiro	95.0	3.44	98.44	On-Time	8.4	1	Potential Loyalists
05369626de3379a1a26fa24e22048214	2018-05-10	Bed Bath Table	RJ	Rio De Janeiro	29.99	34.42	64.41	On-Time	8.4	1	Potential Loyalists
0536f0244395bde3fde4212b3f4d64c8	2018-06-14	Books Imported	SE	Aracaju	59.89	24.77	84.66	On-Time	13.0	5	New Customers
053774f3c674d850192a31b9c1a8ab3a	2018-03-13	Toys	MG	Belo Oriente	139.0	18.85	157.85	On-Time	8.0	5	Potential Loyalists
05387d537bd2e5027aadbfb6a5123e4b	2017-11-06	Telephony	BA	Salvador	27.99	15.79	43.78	On-Time	14.1	3	About To Sleep
0538bda829ac14e64a201dc84fb1ba3b	2018-05-18	Office Furniture	PI	Teresina	169.99	54.7	224.69	On-Time		2	Potential Loyalists
05393e8d9957461611ec8c8d55b13c02	2018-03-08	Furniture Decor	MG	Caratinga	35.0	26.43	61.43	On-Time	11.1	5	Potential Loyalists
05393e8d9957461611ec8c8d55b13c02	2018-03-08	Furniture Decor	MG	Caratinga	35.0	26.43	61.43	On-Time	11.1	5	Potential Loyalists
0539642c2ba6dfd6c8ca8dbdb16d85d4	2018-02-23	Watches Gifts	SP	Catanduva	189.9	12.83	202.73	On-Time	5.0	4	Potential Loyalists
053996f442ec9eb8666d97d3b911a15c	2017-07-30	Housewares	DF	Brasilia	28.99	14.1	43.09	On-Time	10.2	4	Lost / Hibernating
0539e3f47ed27c984efee378a2aa7f07	2018-04-09	Fashion Underwear Beach	SC	Florianopolis	49.9	18.23	68.13	On-Time	8.1	4	Promising Recent
053abf362c2b73b283a3bd5a814320ac	2018-03-28	Home Appliances	SP	Sao Paulo	89.9	7.97	97.87	On-Time	5.4	5	Promising Recent
053d5ed007096a9cb5adfe0f0f6d30b5	2017-06-03	Musical Instruments	BA	Lauro De Freitas	65.9	18.7	84.6	On-Time	19.0	2	Lost / Hibernating
053eb07a9c8d113f338336ff5544d18d	2018-04-19	Computers Accessories	PE	Recife	31.9	22.85	54.75	On-Time	20.3	5	Promising Recent
053fdca16d1f69bd52f908f070a19049	2017-10-07	Food	SP	Sao Paulo	56.97	12.74	69.71	On-Time	10.4	5	Customers Needing Attention
054042ab7dc07121b53acdbe6837a3ce	2018-01-25	Baby	RJ	Campos Dos Goytacazes	32.98	15.1	48.08	On-Time	21.1	4	Promising Recent
05408ed33df5e0bbf70d578dbdca2f29	2018-07-26	Auto	SP	Sao Bernardo Do Campo	34.5	7.5	42.0	On-Time	4.8	5	New Customers
0540bf9189ef17aab470c4942f760e78	2018-03-16	Toys	SP	Sao Paulo	45.99	7.39	53.38	On-Time	8.7	1	Potential Loyalists
0540bf9189ef17aab470c4942f760e78	2018-03-16	Toys	SP	Sao Paulo	45.99	7.39	53.38	On-Time	8.7	1	Potential Loyalists
0540bf9189ef17aab470c4942f760e78	2018-03-16	Toys	SP	Sao Paulo	45.99	7.39	53.38	On-Time	8.7	1	Potential Loyalists
0541ce103afcdd3940e866e3cbf7a77c	2018-06-24	Auto	PR	Matinhos	59.9	43.22	103.12	On-Time	9.2	5	New Customers
05424cc0493d8fa049aa508505e6c773	2018-06-27	Furniture Decor	MG	Ouro Branco	75.9	15.6	91.5	On-Time	6.9	4	New Customers
05426618bfbb87e04fdd3a60a5bfef38	2018-07-19	Health Beauty	RS	Erval Grande	364.0	21.74	385.74	On-Time	10.9	5	Champions
0542a77eb7f00f9ed2f08c1dba22a43c	2017-05-11	Health Beauty	SP	Santos	15.75	11.85	27.6	On-Time	13.7	3	Lost / Hibernating
054316a4a3afc149108b6b1431d11274	2017-07-21	Sports Leisure	PR	Almirante Tamandare	39.9	14.1	54.0	On-Time	12.5	5	Lost / Hibernating
05434c77e67f2531d6b5a6c5f8bce535	2018-08-08	Construction Tools Construction	ES	Serra	127.26	22.19	149.45	On-Time	7.1	5	Potential Loyalists
0543af37e49147c9e0293a6d700917cb	2017-06-08	Health Beauty	SP	Carapicuiba	329.99	11.12	341.11	On-Time	1.4	5	Lost / Hibernating
0544030711e50ec2cb6c15764d22891a	2018-04-12	Home Appliances	RJ	Niteroi	14.3	18.23	32.53	On-Time	18.2	1	Loyal Customers
0544030711e50ec2cb6c15764d22891a	2018-04-12	Home Appliances	RJ	Niteroi	14.3	18.23	32.53	On-Time	18.2	4	Loyal Customers
054418a6880b7e815bf64730ef040574	2018-05-18	Watches Gifts	RS	Canela	878.0	24.03	902.03	On-Time	19.7	5	Potential Loyalists
0544d7932387565226ae96a9ec8c03c8	2018-06-06	Industry Commerce And Business	SC	Itajai	148.9	15.89	164.79	On-Time	7.0	5	Potential Loyalists
05452881e2846549b81d39249bb66ad7	2018-02-04	Bed Bath Table	SP	Sao Paulo	99.9	12.4	112.3	On-Time	3.0	5	Loyal Customers
05452881e2846549b81d39249bb66ad7	2018-02-04	Bed Bath Table	SP	Sao Paulo	99.9	12.4	112.3	On-Time	3.0	5	Loyal Customers
05452881e2846549b81d39249bb66ad7	2018-02-04	Bed Bath Table	SP	Sao Paulo	99.9	12.4	112.3	On-Time	3.0	5	Loyal Customers
05452881e2846549b81d39249bb66ad7	2018-02-04	Bed Bath Table	SP	Sao Paulo	99.9	12.4	112.3	On-Time	3.0	5	Loyal Customers
05457977f35122e71095989d738e4a37	2018-05-26	Home Confort	MG	Belo Horizonte	219.0	24.07	243.07	On-Time	9.3	5	Potential Loyalists
0546ac640227025eb2df422b1f613f66	2017-06-18	Cool Stuff	SP	Santos	139.9	13.11	153.01	On-Time	10.8	4	Lost / Hibernating
0547acbb31f582333f75c3fca2652969	2017-12-02	Telephony	SP	Sao Jose Do Rio Preto	27.99	11.85	39.84	On-Time	10.0	5	About To Sleep
0547cd893959df1f7e54aeaee4368577	2018-05-02	Bed Bath Table	SP	Sao Paulo	109.9	13.21	123.11	On-Time	7.7	3	Potential Loyalists
0548ea59d2970d4c0fc2bca54cedfd54	2017-10-06	Housewares	MG	Belo Horizonte	79.9	17.13	97.03	On-Time	12.0	1	About To Sleep
0549a140f31f96d7cafd46b91d604c06	2018-05-06	Sports Leisure	SP	Sao Paulo	319.9	26.37	346.27	On-Time	7.8	5	Potential Loyalists
054c0efb53bb68011a58b28d34cf04a3	2017-08-12	Small Appliances	MG	Uberlandia	103.99	21.22	125.21	On-Time	12.1	4	At Risk
054cf6bea6cfdf9024aedd3639c60fb9	2017-06-19	Cool Stuff	RS	Chiapetta	129.99	18.16	148.15	On-Time	9.2	5	Lost / Hibernating
054d2d649e0904dbf1f19399094f2826	2018-01-10	Watches Gifts	MA	Sao Luis	55.0	21.19	76.19	On-Time	7.3	5	About To Sleep
054db90b78e9a5af5983855572b4e6d8	2017-07-26	Perfumery	RS	Novo Hamburgo	154.99	15.83	170.82	Delayed	55.3	3	Lost / Hibernating
054df8d1a5ab3cf520be20c25d98f5f4	2018-05-12	Electronics	BA	Salvador	12.9	17.06	29.96	On-Time	13.6	2	New Customers
054df8d1a5ab3cf520be20c25d98f5f4	2018-05-12	Electronics	BA	Salvador	12.9	17.06	29.96	On-Time	13.6	2	New Customers
054f63d52e4bcfceaf9cae8637863c82	2017-11-26	Bed Bath Table	SP	Pitangueiras	89.9	16.26	106.16	On-Time	10.5	5	About To Sleep
0550cddd79cea841641e17c802d9c403	2017-08-09	Consoles Games	SP	Mogi Das Cruzes	1004.99	15.85	1020.84	On-Time	4.8	5	Lost / Hibernating
0550f231a3ccfd0e87217ef2e816c7dc	2018-06-17	Sports Leisure	RJ	Goitacazes	59.9	18.52	78.42	On-Time	9.2	3	New Customers
055148178e6fef1a7c02a3a04b6ef6e2	2017-11-10	Sports Leisure	BA	Seabra	269.9	18.33	288.23	On-Time	17.6	5	About To Sleep
05519ea9a25c6f57bfaa4ce4c372b26c	2017-05-13	Computers Accessories	ES	Venda Nova Do Imigrante	339.0	18.13	357.13	On-Time	16.1	5	Lost / Hibernating
0551ab30e952cbf19e26f0f6baab13a6	2018-03-24	Pet Shop	MG	Buritis	141.8	18.89	160.69	On-Time	11.2	1	Potential Loyalists
0551ab30e952cbf19e26f0f6baab13a6	2018-03-24	Pet Shop	MG	Buritis	149.0	18.9	167.9	On-Time	11.2	1	Potential Loyalists
05522f28f3be3d5e7ef9f09cc0ac35ba	2018-06-14	Bed Bath Table	SP	Sao Paulo	114.9	15.11	130.01	On-Time	7.1	5	Potential Loyalists
0552997d7a7283a7761acc3a5f9bcefd	2018-02-24	Musical Instruments	SP	Sao Paulo	22.99	14.1	37.09	On-Time	9.0	5	Promising Recent
05529f3e7ed5cd4214281f2bf60e89d6	2018-08-01	Housewares	PA	Belem	53.3	37.28	90.58	On-Time	15.3	5	New Customers
055336f2daf168319875b812d23de1d4	2018-03-24	Auto	SP	Sao Paulo	179.49	9.61	189.1	On-Time	4.6	4	Potential Loyalists
055336f2daf168319875b812d23de1d4	2018-03-24	Auto	SP	Sao Paulo	179.49	9.61	189.1	On-Time	4.6	4	Potential Loyalists
05535f67cf6802000ad3107136cff4bf	2017-09-14	Toys	SP	Votorantim	99.99	16.46	116.45	On-Time	7.2	5	Lost / Hibernating
0553f54e437f2d7fddccf81ae9a646c6	2018-05-06	Telephony	RJ	Rio De Janeiro	47.9	15.23	63.13	On-Time	9.3	5	Promising Recent
05547569f5543318997d30464eeb74e7	2018-06-14	Health Beauty	RS	Osorio	122.99	84.63	207.62	On-Time	14.1	4	Champions
0556fe7a6dbdc95276ba0513ee5f0471	2017-11-25	Bed Bath Table	SP	Sao Paulo	59.9	17.67	77.57	On-Time	17.8	4	About To Sleep
05580ea6005bac590a3f143473c9b296	2017-11-25	Sports Leisure	SC	Braco Do Norte	189.9	21.82	211.72	On-Time	24.0	4	About To Sleep
055881c8e807f4d1147c2f075d51d604	2018-04-26	Books Technical	SP	Sao Bernardo Do Campo	39.9	8.29	48.19	On-Time	4.0	5	Promising Recent
0558d3449b449e4da4a5793f542d0785	2018-06-28	Watches Gifts	SP	Sao Paulo	119.0	13.49	132.49	On-Time	11.9	4	Potential Loyalists
05593bfa78dd87f8fb6d212a614f4b23	2018-08-08	Watches Gifts	ES	Castelo	49.0	18.44	67.44	On-Time	12.0	3	Champions
0559598ddb2398bb4c202d6efd54f04e	2018-07-13	Stationery	SP	Piracicaba	19.9	7.4	27.3	On-Time	11.0	5	New Customers
055a2893cb600bebc05a16d06e3de36f	2017-07-28	Bed Bath Table	RJ	Rio De Janeiro	59.9	16.18	76.08	On-Time	11.4	5	Lost / Hibernating
055ad36ee30e9948bbe9baba852913b2	2018-03-15	Computers Accessories	MG	Coroaci	269.0	20.85	289.85	On-Time	12.2	4	Potential Loyalists
055aed279e13c9571499453c260726e9	2018-01-08	Bed Bath Table	RS	Protasio Alves	48.0	15.1	63.1	On-Time	22.0	5	About To Sleep
055b09c841dc52097e688df51b163310	2018-04-26	Musical Instruments	SP	Vinhedo	185.9	16.18	202.08	On-Time	5.9	5	Potential Loyalists
055b1b19fcb7ec836c23f44053344b20	2018-03-01	Health Beauty	PR	Cascavel	28.58	12.48	41.06	On-Time	5.9	3	Promising Recent
055b200c986fe0efa2547b28241c3318	2017-08-28	Pet Shop	SC	Camboriu	105.99	16.5	122.49	On-Time	8.8	5	Lost / Hibernating
055bb586a2d17c7677a6096c56b6e2b0	2018-03-03	Housewares	RJ	Valenca	73.99	77.54	151.53	On-Time	20.2	2	Potential Loyalists
055bb586a2d17c7677a6096c56b6e2b0	2018-03-03	Housewares	RJ	Valenca	73.99	77.54	151.53	On-Time	20.2	2	Potential Loyalists
055bdb24d39579d9c7b5d26176d05573	2018-03-12	Watches Gifts	ES	Viana	97.9	15.57	113.47	On-Time	11.1	5	Potential Loyalists
055bef2dbc886956379d21a556e11ff9	2018-01-10	Housewares	SP	Sao Roque	139.9	13.53	153.43	Delayed	27.2	1	About To Sleep
055cf2a6f9343f99acdb5e8f70e49bd8	2018-05-18	Consoles Games	MG	Pocos De Caldas	45.99	15.22	61.21	On-Time	17.2	4	Potential Loyalists
055cf2a6f9343f99acdb5e8f70e49bd8	2018-05-18	Consoles Games	MG	Pocos De Caldas	45.99	15.22	61.21	On-Time	17.2	4	Potential Loyalists
055cf2a6f9343f99acdb5e8f70e49bd8	2018-05-18	Consoles Games	MG	Pocos De Caldas	45.99	15.22	61.21	On-Time	17.2	4	Potential Loyalists
055cf2a6f9343f99acdb5e8f70e49bd8	2018-05-18	Consoles Games	MG	Pocos De Caldas	45.99	15.22	61.21	On-Time	17.2	4	Potential Loyalists
055cf2a6f9343f99acdb5e8f70e49bd8	2018-05-18	Consoles Games	MG	Pocos De Caldas	45.99	15.22	61.21	On-Time	17.2	4	Potential Loyalists
055cf2a6f9343f99acdb5e8f70e49bd8	2018-05-18	Consoles Games	MG	Pocos De Caldas	45.99	15.22	61.21	On-Time	17.2	4	Potential Loyalists
055cfc7366f3dfdbca102536d95381bb	2018-06-05	Health Beauty	SP	Sao Paulo	79.9	16.53	96.43	On-Time	6.0	5	New Customers
055d54b48c1c7292933cb2e27f73ee81	2017-03-29	Bed Bath Table	SP	Sao Paulo	29.9	11.74	41.64	On-Time	5.9	4	Lost / Hibernating
055d978254ef5cedea2b841646d888f1	2018-02-12	Health Beauty	SP	Barueri	58.99	11.73	70.72	On-Time	4.2	3	Promising Recent
055da72c578d9094618ebb2712e161e9	2018-06-08	Health Beauty	SP	Campinas	49.0	15.23	64.23	On-Time	6.7	3	New Customers
055e121a8cefa5494be46fea4bd4f3ab	2017-05-24	Furniture Living Room	RJ	Angra Dos Reis	34.9	25.19	60.09	Delayed	51.0	3	Lost / Hibernating
055e4873984d5da3b7d65dc86a3c4149	2017-11-20	Computers Accessories	RS	Canoas	189.9	17.09	206.99	On-Time	11.5	5	About To Sleep
055e6f9e14ac5805a9bcb99a480daeb1	2017-12-25	Furniture Decor	RJ	Rio De Janeiro	75.0	20.02	95.02	On-Time	10.1	4	About To Sleep
055eb7e5645d86bd278fc4f419622e8d	2017-01-26	Auto	MG	Teofilo Otoni	139.99	16.09	156.08	On-Time	7.0	5	Lost / Hibernating
055f84fd2ebf314ebec85f8e1312f4f4	2018-01-13	Consoles Games	MG	Passa Quatro	169.9	15.94	185.84	On-Time		1	About To Sleep
0560378d48b9de8b969d8f5601e3767e	2017-09-21	Sports Leisure	SP	Pirassununga	10.22	11.85	22.07	On-Time	8.5	5	About To Sleep
0560690f57123e9331f5731479b2d505	2018-04-12	Bed Bath Table	SP	Francisco Morato	139.9	13.88	153.78	On-Time	6.4	5	Potential Loyalists
05606ddf8218cebe483228af6f9031ba	2017-10-11	Bed Bath Table	SP	Valinhos	59.9	9.94	69.84	On-Time	7.3	4	About To Sleep
05608987284e4c496bec56c52fdb0a6c	2017-03-15	Computers Accessories	SC	Joinville	209.5	15.64	225.14	On-Time	14.9	5	Lost / Hibernating
0560d129c1357ea719aab1cf2cd4f03b	2017-07-01	Housewares	SP	Ribeirao Pires	35.0	9.34	44.34	On-Time	5.8	1	Lost / Hibernating
0560d47b670c197def5674ae22fe4fb2	2018-06-09	Books General Interest	ES	Vila Velha	29.95	15.3	45.25	On-Time	16.0	4	New Customers
0561429ac3333cdeaff4cdd6bd1ebfb6	2018-02-11	Computers Accessories	RN	Natal	29.99	21.15	51.14	On-Time	24.0	5	Promising Recent
0562291f2b37f55cc259053d2230fdc5	2018-04-30	Toys	RJ	Rio De Janeiro	269.0	19.46	288.46	On-Time	9.5	1	Potential Loyalists
0562a20526fecdaa1eb5019bc3920cd9	2017-03-21	Toys	SP	Taubate	61.9	11.82	73.72	On-Time	12.7	3	Lost / Hibernating
056349f85a73d794119c4286c95a52de	2017-03-03	Furniture Decor	DF	Brasilia	10.99	16.05	27.04	On-Time	13.9	5	Customers Needing Attention
05640486a5e0b8140b20506acf791af2	2017-07-04	Toys	SP	Sao Paulo	379.99	18.91	398.9	On-Time	7.9	5	Lost / Hibernating
05646cef8f5791776e224b7967607b4f	2018-04-15	Small Appliances	MG	Ladainha	22.14	23.28	45.42	On-Time	10.2	5	Promising Recent
0566f139f1d1dff8ebfb3b1233ef4dd0	2017-10-16	Computers Accessories	MG	Divinopolis	44.98	16.79	61.77	On-Time	4.2	5	About To Sleep
056703c10dcbf4f451315bb1c0c0d7f8	2018-03-24	Sports Leisure	SP	Osasco	78.0	7.41	85.41	On-Time	4.2	5	Promising Recent
056793ca2483a5d5943cb5bd90f5b314	2018-08-27	Sports Leisure	SP	Sao Jose Do Rio Preto	21.99	17.47	39.46	On-Time	2.0	5	New Customers
056857abb03503b756f596e42d86e10b	2017-10-05	Toys	SP	Sao Paulo	79.9	11.76	91.66	On-Time	8.3	3	About To Sleep
056905f3e09ca68fc9ed4780498db866	2018-04-07	Construction Tools Construction	MG	Carmo Do Cajuru	579.99	37.6	617.59	On-Time	10.3	5	Potential Loyalists
05691e7046cf3a798bfce39b35377b78	2018-06-22	Construction Tools Construction	SP	Itaquaquecetuba	169.0	15.57	184.57	On-Time	4.3	5	Potential Loyalists
05692a713a2d25d85ac77a607b7db643	2017-11-12	Telephony	SP	Sao Paulo	24.99	7.78	32.77	On-Time	8.6	5	About To Sleep
056a1317ffaefaa2dff2d9ecb54fc7bc	2018-02-22	Baby	SP	Vinhedo	47.5	20.84	68.34	On-Time	14.1	5	Promising Recent
056a21113c096b87e87743862452a7d3	2018-06-17	Telephony	SC	Joinville	24.99	18.28	43.27	On-Time	8.0	5	New Customers
056ab23f23c13e810d9ab8cbf9fd477d	2017-10-18	Watches Gifts	SP	Franca	669.9	16.19	686.09	On-Time	6.3	5	About To Sleep
056bfadd41b8600ad5ecfef2ac132188	2017-11-25	Toys	SP	Sao Bernardo Do Campo	19.9	15.11	35.01	On-Time	9.2	4	About To Sleep
056bfadd41b8600ad5ecfef2ac132188	2017-11-25	Toys	SP	Sao Bernardo Do Campo	19.9	15.11	35.01	On-Time	9.2	4	About To Sleep
056c24c33a180450cff18b5a17404725	2017-07-03	Housewares	RS	Novo Hamburgo	59.9	17.67	77.57	On-Time	14.3	3	Lost / Hibernating
056c68d093c100017aab1f00f260705c	2018-04-21	Bed Bath Table	SP	Ribeirao Preto	39.99	12.79	52.78	On-Time	9.5	5	Promising Recent
056ea0ed4a967ffdde98507a7d5656a2	2018-05-29	Baby	SP	Barueri	261.58	40.69	302.27	On-Time	8.2	5	Potential Loyalists
056f1217c54403f6300ea6b50f6716d5	2017-11-07	Bed Bath Table	SP	Sao Paulo	57.31	12.74	70.05	On-Time	6.9	5	About To Sleep
05709f85ee94e226753ae0ed0886b69b	2017-03-01	Bed Bath Table	GO	Goiania	159.9	27.55	187.45	On-Time	15.0	4	Lost / Hibernating
05712f43d1c39effad171a8b0344940a	2017-12-03	Watches Gifts	SP	Sao Paulo	29.99	14.1	44.09	On-Time	16.2	5	About To Sleep
057134090fb19405548e54bbcf377f59	2017-07-06	Telephony	PE	Custodia	160.0	26.4	186.4	On-Time	21.7	5	Lost / Hibernating
0571cdb407bf04b419c94ffd7acbd874	2017-01-19	Telephony	DF	Brasilia	6.9	15.65	22.55	On-Time	10.7	1	Lost / Hibernating
05728fca024954ba1ce915ad5c94991f	2018-05-15	Office Furniture	RS	Ronda Alta	156.94	47.9	204.84	On-Time	31.3	4	Potential Loyalists
05728fca024954ba1ce915ad5c94991f	2018-05-15	Office Furniture	RS	Ronda Alta	156.94	47.9	204.84	On-Time	31.3	4	Potential Loyalists
05728fca024954ba1ce915ad5c94991f	2018-05-15	Office Furniture	RS	Ronda Alta	156.94	47.9	204.84	On-Time	31.3	4	Potential Loyalists
05728fca024954ba1ce915ad5c94991f	2018-05-15	Office Furniture	RS	Ronda Alta	156.94	47.9	204.84	On-Time	31.3	4	Potential Loyalists
05728fca024954ba1ce915ad5c94991f	2018-05-15	Office Furniture	RS	Ronda Alta	156.94	47.9	204.84	On-Time	31.3	4	Potential Loyalists
0572a001d46280ab9ab95964665ff768	2017-09-05	Electronics	MG	Belo Horizonte	39.9	25.63	65.53	On-Time	7.5	1	Lost / Hibernating
0572c29de369acbc110ad921d93d01a1	2017-09-30	Housewares	GO	Itapuranga	59.9	15.15	75.05	On-Time	10.2	5	About To Sleep
0572c29de369acbc110ad921d93d01a1	2017-09-30	Housewares	GO	Itapuranga	65.9	18.74	84.64	On-Time	10.2	5	About To Sleep
0572c996d9b4a7645bb071a158a64bbb	2017-11-20	Furniture Decor	RJ	Rio De Janeiro	65.0	16.7	81.7	On-Time	7.0	5	About To Sleep
0572c996d9b4a7645bb071a158a64bbb	2017-11-20	Furniture Decor	RJ	Rio De Janeiro	65.0	16.7	81.7	On-Time	7.0	5	About To Sleep
05739db46faf3be7dfe1b0f0ec37689f	2018-02-22	Housewares	SP	Sao Paulo	129.0	21.39	150.39	On-Time	14.5	5	Potential Loyalists
0573b5e23cbd798006520e1d5b4c6714	2017-07-04	Art	SP	Lucelia	36.85	15.1	51.95	On-Time	9.0	4	Lost / Hibernating
0573bd213dab1f238af912e296c83944	2017-06-18	Stationery	ES	Alegre	79.0	17.8	96.8	On-Time	10.0	5	Lost / Hibernating
0573f0fe44a09808d06e716ae1a478ed	2018-06-23	Construction Tools Construction	MG	Belo Horizonte	118.89	18.63	137.52	On-Time	9.0	3	Potential Loyalists
0573f95b59b51f2d7d98d882d64e05dd	2017-10-18	Toys	MG	Montes Claros	73.76	17.77	91.53	On-Time	9.1	5	About To Sleep
05751d04e18329aec0f74b16883db3b2	2017-08-18	Watches Gifts	RJ	Rio De Janeiro	228.0	17.04	245.04	On-Time	14.2	5	Lost / Hibernating
0576822a11b3068cce2e3c8551e4e327	2017-11-12	Watches Gifts	RN	Natal	133.0	43.34	176.34	On-Time	15.8	4	About To Sleep
0576b5ab3dda9404ab293d656e5faf66	2018-01-24	Garden Tools	SP	Jau	49.9	13.37	63.27	On-Time	10.2	4	Promising Recent
057712e71c25f78b04ba3452284c110b	2017-12-11	Bed Bath Table	MG	Novo Cruzeiro	219.9	22.03	241.93	On-Time	25.1	3	Loyal Customers
0577713eb945f355426be26104c26b77	2017-04-23	Bed Bath Table	RJ	Rio De Janeiro	79.9	17.3	97.2	Delayed	26.3	5	Lost / Hibernating
057889a9d468c179e39e9a6cdb5f4f8e	2018-06-15	Furniture Decor	SP	Santos	69.9	35.34	105.24	On-Time	11.2	4	New Customers
057a97c066cbaf1feaba87f5422ce04a	2017-06-05	Telephony	SP	Sao Paulo	399.99	23.6	423.59	On-Time	7.8	5	Lost / Hibernating
057b58254cebaa14e712b7beb7bfa9a8	2017-06-16	Computers Accessories	BA	Salvador	35.7	17.63	53.33	On-Time	21.2	5	Lost / Hibernating
057bc88d7845bc736fbe1fb27f2932f2	2018-01-26	Health Beauty	SP	Sao Paulo	185.85	12.51	198.36	On-Time	5.1	1	Potential Loyalists
057bf0876d1b4a1d8b70b8f3e74e8763	2018-01-21	Watches Gifts	SP	Sao Paulo	78.0	7.8	85.8	On-Time	3.1	5	About To Sleep
057c13c6bd8799710c70ad3c7b2087ca	2017-07-17	Sports Leisure	SE	Aracaju	39.9	21.15	61.05	On-Time	8.8	3	Lost / Hibernating
057c9f435d8e14fda9a72b7bbf8b381d	2018-04-24	Housewares	RJ	Sao Joao De Meriti	72.9	18.09	90.99	On-Time	7.6	5	Promising Recent
057cb6913750cc04b72dbeb174afb208	2018-08-18	Toys	SP	Sao Paulo	42.89	13.6	56.49	On-Time	5.1	4	New Customers
057e5b8975ad03882989369de7b803ff	2017-09-15	Stationery	SP	Sao Paulo	69.0	13.5	82.5	On-Time	7.6	4	About To Sleep
057e8245e6408a7f5db33b517c481617	2018-03-04	Computers Accessories	SP	Mongagua	29.99	11.85	41.84	On-Time	8.0	4	Promising Recent
057e837e50171189a915cb17d4621e9f	2017-08-24	Consoles Games	MG	Azurita	19.9	15.1	35.0	Delayed	25.7	5	Lost / Hibernating
0580802ab0d4809dc16b4c9002c01a27	2018-01-15	Health Beauty	PI	Picos	121.35	34.65	156.0	On-Time	11.9	4	About To Sleep
0580cfd05da4901cede805697f39a632	2018-03-10	Pet Shop	SP	Santo Andre	59.9	34.19	94.09	On-Time	6.2	5	Promising Recent
0581cc006c5d0b4351b5435336828add	2017-07-01	Baby	RS	Canoas	349.99	20.69	370.68	On-Time	12.0	5	Lost / Hibernating
05822c51346e781a05c5d2e497f1ccc2	2017-06-30	Bed Bath Table	MS	Gloria De Dourados	22.9	15.1	38.0	On-Time	20.9	5	Lost / Hibernating
05822c51346e781a05c5d2e497f1ccc2	2017-06-30	Bed Bath Table	MS	Gloria De Dourados	22.9	15.1	38.0	On-Time	20.9	5	Lost / Hibernating
0582e17dbb2d3c6052b964ab8e62dff5	2017-11-23	Watches Gifts	GO	Goiania	129.0	15.65	144.65	On-Time	19.2	5	About To Sleep
0583457e98d0d734222af5237cd8fa94	2018-04-10	Fashion Bags Accessories	PA	Belem	49.0	19.04	68.04	On-Time	7.1	4	Promising Recent
058350ebe1e9c9b426d1331b4b6063d1	2017-03-15	Toys	RS	Porto Alegre	42.99	15.65	58.64	On-Time	15.3	4	Lost / Hibernating
0583f502e04564cfe79eb0e4f5939729	2018-02-11	Watches Gifts	ES	Vila Velha	199.0	21.88	220.88	On-Time	17.4	5	Potential Loyalists
0584a31bb6abbd3dcc27e2d464ac863d	2018-02-18	Construction Tools Construction	SP	Sao Paulo	12.9	8.72	21.62	On-Time		1	New Customers
05857c3db4187fe99fe1ae8b69747ab3	2017-04-22	Watches Gifts	SP	Ourinhos	415.8	14.3	430.1	On-Time	11.2	4	Lost / Hibernating
05861bbf66a8cc3d5cdb6db76fece371	2018-04-17	Perfumery	SP	Sao Paulo	249.88	8.61	258.49	On-Time	2.0	3	Potential Loyalists
05871d52118762aaae93a3682fc5fe2f	2018-07-31	Furniture Living Room	SP	Sumare	329.0	60.31	389.31	On-Time	15.1	5	Potential Loyalists
05885929f901bfe4490878f068b7da8c	2018-02-22	Computers Accessories	SP	Sao Paulo	89.9	12.76	102.66	On-Time	14.5	4	Promising Recent
0588a3721b3d0a1f0b549fb84fd9cf10	2017-12-23	Toys	PR	Curitiba	94.9	14.41	109.31	On-Time	5.9	5	About To Sleep
0589d8b975f21fea2ad626ea99527911	2018-02-27	Health Beauty	RN	Parnamirim	201.34	25.96	227.3	On-Time	8.3	3	Potential Loyalists
058a48943f3034afea88ff56b960dfdb	2017-11-02	Bed Bath Table	SC	Criciuma	23.5	7.55	31.05	On-Time	26.0	2	About To Sleep
058a48943f3034afea88ff56b960dfdb	2017-11-02	Bed Bath Table	SC	Criciuma	23.5	7.55	31.05	On-Time	26.0	2	About To Sleep
058a84184b0421a60f75fdbda47862c1	2018-04-03	Baby	SP	Guaratingueta	169.9	20.1	190.0	On-Time	3.6	4	Potential Loyalists
058ac520863d0c0d57e3cf920de368d4	2018-05-21	Telephony	MS	Campo Grande	24.99	15.23	40.22	On-Time	14.6	5	New Customers
058af2b14bd6831bf3350cc96b0f4822	2018-05-22	Home Construction	SP	Jundiai	84.58	11.22	95.8	On-Time	3.1	5	Champions
058afe6c6322b4773393a66003934493	2017-01-19	Furniture Decor	SP	Sao Paulo	229.9	15.39	245.29	On-Time	4.7	4	Lost / Hibernating
058b47cafcb62845676917a46cf732e4	2017-10-03	Bed Bath Table	RJ	Santo Antonio De Padua	25.99	16.11	42.1	On-Time	12.7	5	Customers Needing Attention
058b47cafcb62845676917a46cf732e4	2017-10-03	Bed Bath Table	RJ	Santo Antonio De Padua	25.99	16.11	42.1	On-Time	12.7	5	Customers Needing Attention
058b8a9dbc89de84bb37a54c8c5be44d	2018-03-17	Auto	BA	Salvador	199.99	25.05	225.04	On-Time	22.9	5	Potential Loyalists
058c781acedf69d42ac38a568ca97b05	2018-05-05	Furniture Decor	RJ	Resende	104.9	23.31	128.21	On-Time		1	Potential Loyalists
058c8f9e226f52cd43f44b0aaa72a395	2018-01-18	Computers Accessories	BA	Salvador	5.2	16.79	21.99	On-Time	15.4	4	About To Sleep
058cb75116972074baa3c4e594d2a851	2018-01-05	Baby	PE	Condado	119.9	39.83	159.73	On-Time	13.4	5	About To Sleep
058d432115cdaa3b04a19b726bdd837a	2018-04-23	Health Beauty	DF	Brasilia	269.45	19.77	289.22	On-Time	10.5	5	Potential Loyalists
058dbc6a010af0332e7515f383c02b5b	2018-07-31	Home Confort	MG	Sete Lagoas	77.9	23.35	101.25	On-Time	6.2	5	Champions
058e0a8627dc25b49eae4ce6ca658cb8	2018-05-10	Construction Tools Lights	SP	Sao Paulo	539.0	37.31	576.31	On-Time		1	New Customers
058e0a8627dc25b49eae4ce6ca658cb8	2018-05-10	Construction Tools Lights	SP	Sao Paulo	539.0	37.31	576.31	On-Time		1	New Customers
058ff573aef21e528adcab8b8717c43a	2017-09-18	Bed Bath Table	RS	Porto Alegre	29.99	7.5	37.49	On-Time	17.2	5	About To Sleep
058ff573aef21e528adcab8b8717c43a	2017-09-18	Bed Bath Table	RS	Porto Alegre	29.99	7.5	37.49	On-Time	17.2	5	About To Sleep
058ff573aef21e528adcab8b8717c43a	2017-09-18	Bed Bath Table	RS	Porto Alegre	29.99	7.5	37.49	On-Time	17.2	5	About To Sleep
058ff573aef21e528adcab8b8717c43a	2017-09-18	Bed Bath Table	RS	Porto Alegre	29.99	7.5	37.49	On-Time	17.2	5	About To Sleep
05906ff9618d78153208c80165d91b2c	2018-04-15	Auto	DF	Brasilia	109.9	23.31	133.21	On-Time	9.1	4	Potential Loyalists
059162a0bf2726c87dd0359eef84c878	2018-07-29	Furniture Living Room	RJ	Niteroi	839.99	174.49	1014.48	On-Time	15.0	5	Potential Loyalists
05918cf24658c4ee3a67a684684305d3	2018-05-30	Auto	PI	Teresina	259.9	68.74	328.64	On-Time	28.0	1	Potential Loyalists
059511087f2394ebd55a674537a7c2cc	2018-02-14	Computers Accessories	PR	Nova Prata Do Iguacu	389.9	27.57	417.47	Delayed	42.3	4	Potential Loyalists
059511087f2394ebd55a674537a7c2cc	2018-02-14	Computers Accessories	PR	Nova Prata Do Iguacu	389.9	27.57	417.47	Delayed	42.3	4	Potential Loyalists
0596e04bc1e3bb1649cf6d1f8545e5eb	2018-08-13	Furniture Decor	SP	Santa Cruz Do Rio Pardo	247.0	88.32	335.32	On-Time	8.3	5	Potential Loyalists
0597a201736db0915eac0e92b5e0f6d9	2017-10-09	Cool Stuff	SP	Santo Antonio De Posse	99.99	11.9	111.89	On-Time	7.4	5	About To Sleep
05981a7bf1a18eb991af55a8a8dbdf83	2017-11-24	Telephony	SP	Sao Jose Do Rio Preto	17.99	11.85	29.84	Delayed	25.1	5	About To Sleep
0599833bed37a5f88c9ade7cf219fd6b	2017-09-11	Bed Bath Table	SP	Sao Paulo	99.9	13.72	113.62	On-Time	8.3	5	Lost / Hibernating
059a13b49c0fb6d21e423fad48ad1c44	2017-03-03	Toys	RJ	Rio De Janeiro	139.99	26.47	166.46	On-Time	12.9	5	Lost / Hibernating
059a35c89cb9ee5ba740d4ac2eb8a805	2017-09-08	Sports Leisure	RJ	Rio De Janeiro	119.34	17.09	136.43	Delayed	24.3	1	Lost / Hibernating
059b6e617cb9675ad8bc74b7aa750e7d	2017-02-10	Housewares	MG	Ipatinga	24.9	14.52	39.42	On-Time	10.5	4	Lost / Hibernating
059bbeb3477ed66fd7e670c3f879009a	2017-07-27	Auto	SP	Mogi Mirim	31.0	11.85	42.85	On-Time	6.5	5	At Risk
059bbeb3477ed66fd7e670c3f879009a	2017-07-27	Auto	SP	Mogi Mirim	31.0	11.85	42.85	On-Time	6.5	2	At Risk
059c0bd12954b4e72327c0ff67d9f2e8	2018-05-01	Watches Gifts	SP	Presidente Prudente	145.0	13.45	158.45	On-Time	8.9	5	Potential Loyalists
059c2808fecc4ffa815a20bd7a12b3bb	2018-06-27	Sports Leisure	SP	Sao Paulo	69.9	17.62	87.52	On-Time	9.7	5	New Customers
059c31805aaf1f282276575595379050	2018-05-04	Garden Tools	SP	Ribeirao Preto	40.0	14.44	54.44	On-Time	7.1	5	Promising Recent
059cc0a6e41682f072113815225a5ff7	2018-02-18	Computers Accessories	RS	Sapiranga	44.98	15.1	60.08	On-Time	9.0	4	Promising Recent
059cd34e948c8025e660c89c0de2d792	2018-03-07	Sports Leisure	SE	Aracaju	53.49	22.87	76.36	On-Time	13.9	5	Promising Recent
059d893dde97f787f2f608d5a5d13e0b	2018-03-29	Baby	DF	Brasilia	42.9	19.04	61.94	On-Time	8.3	5	Promising Recent
059f6abcb045619604ec4af08b4b5456	2018-01-29	Bed Bath Table	DF	Brasilia	85.5	17.85	103.35	On-Time	18.8	5	Loyal Customers
059f8a8f4a2c52a1969278f9f484fca6	2018-02-13	Auto	SP	Jundiai	58.5	11.91	70.41	On-Time	5.9	5	Promising Recent
059fd94aa8716f14743caff2f433be05	2018-02-24	Consoles Games	SE	Aracaju	1314.99	53.88	1368.87	On-Time	16.0	5	Potential Loyalists
05a0f6d062da2d6c66fa846737770d35	2018-01-22	Baby	RJ	Rio De Janeiro	63.9	25.29	89.19	On-Time		1	Potential Loyalists
05a0f6d062da2d6c66fa846737770d35	2018-01-22	Baby	RJ	Rio De Janeiro	63.9	25.29	89.19	On-Time		1	Potential Loyalists
05a17f243132acec3b0146b1b9b77720	2017-04-23	Housewares	SP	Ribeirao Bonito	98.99	31.78	130.77	On-Time	10.7	5	Lost / Hibernating
05a1daade893002ca3c8ec9253fbb1a0	2017-11-15	Perfumery	SP	Diadema	21.0	7.78	28.78	On-Time	9.7	5	About To Sleep
05a2d609ab3024701d66a27590ea1d68	2018-03-17	Health Beauty	SP	Fernandopolis	99.9	14.47	114.37	On-Time	9.4	5	Potential Loyalists
05a4879e7e161809c8bf4d8171b0c670	2018-02-04	Baby	RS	Viamao	130.0	17.16	147.16	Delayed	32.5	1	Potential Loyalists
05a5446738fb49ff21e44d318df1189d	2018-07-22	Bed Bath Table	PE	Recife	79.0	26.72	105.72	On-Time	7.8	5	Potential Loyalists
05a5446738fb49ff21e44d318df1189d	2018-07-22	Bed Bath Table	PE	Recife	89.9	35.53	125.43	On-Time	7.8	5	Potential Loyalists
05a5771b1afac9163e7cc298fc97263a	2018-02-23	Bed Bath Table	SP	Sao Paulo	144.9	14.03	158.93	Delayed	22.9	5	Potential Loyalists
05a61d016706110ed3580eeba84e31c7	2018-06-22	Bed Bath Table	MG	Astolfo Dutra	49.95	18.45	68.4	On-Time	10.3	5	Potential Loyalists
05a61d016706110ed3580eeba84e31c7	2018-06-22	Bed Bath Table	MG	Astolfo Dutra	49.95	18.45	68.4	On-Time	10.3	5	Potential Loyalists
05a6f444527fc90e28da6088b1707b20	2018-08-03	Telephony	ES	Colatina	79.9	18.66	98.56	On-Time	17.2	5	New Customers
05a71c571d4602a72418b73366543cd9	2017-08-18	Furniture Decor	RJ	Rio De Janeiro	89.9	17.88	107.78	On-Time		1	Lost / Hibernating
05a72117fb063d7fb111490dbf40c79a	2018-05-03	Health Beauty	SC	Sao Jose	159.9	24.05	183.95	On-Time	8.2	5	Potential Loyalists
05a82511dd29bef74d8003b015912fd6	2017-09-11	Bed Bath Table	RJ	Rio De Janeiro	39.9	14.1	54.0	On-Time	13.6	4	Lost / Hibernating
05a8c94a9361d5496501f6577cf82841	2018-03-17	Computers Accessories	RJ	Rio De Janeiro	149.0	17.59	166.59	Delayed	48.1	2	Potential Loyalists
05a971ae7a83a0b371ae1b5bfc45514e	2017-01-31	Garden Tools	SP	Sorocaba	255.9	18.0	273.9	On-Time		1	Lost / Hibernating
05a9d9ce2b1a217223ff7c5a60e509b2	2018-01-08	Luggage Accessories	SP	Sao Paulo	19.99	9.34	29.33	On-Time	1.6	5	About To Sleep
05aac5a18dcd77932007f57de8650622	2017-08-18	Computers Accessories	SP	Guarulhos	155.0	14.11	169.11	On-Time	6.9	5	At Risk
05aacaaec38544ee11d42a69bc098d4b	2017-02-26	Fashio Female Clothing	ES	Serra	115.0	16.51	131.51	On-Time	18.8	1	Lost / Hibernating
05ac54e2c004e051fa139f2efc01fadb	2017-08-07	Health Beauty	SP	Sao Paulo	819.9	12.99	832.89	On-Time	3.9	5	Lost / Hibernating
05ad071b550b1cf2815e8bf3bec3291f	2017-04-27	Computers Accessories	PB	Bayeux	34.9	20.8	55.7	On-Time	22.0	4	Lost / Hibernating
05ad071b550b1cf2815e8bf3bec3291f	2017-04-27	Computers Accessories	PB	Bayeux	34.9	20.8	55.7	On-Time	22.0	4	Lost / Hibernating
05ad157e8f606d82b474fd05703b7610	2018-05-08	Music	RJ	Sao Goncalo	220.0	18.09	238.09	On-Time	11.7	4	Potential Loyalists
05ad33706a0ad42482ba7f17236d4bba	2017-10-11	Fashion Bags Accessories	MG	Araxa	79.0	15.3	94.3	On-Time	7.4	5	About To Sleep
05ad4f359a4235a593f41f0533fe0457	2017-08-25	Luggage Accessories	SP	Sao Paulo	108.9	33.0	141.9	On-Time	3.7	5	Lost / Hibernating
05ae7d6bd78e2a61f4c0076a9d690aa8	2018-07-20	Home Confort	SP	Jundiai	219.0	16.83	235.83	On-Time	5.1	5	Potential Loyalists
05af503aea07ddc5530506f2c349756f	2018-05-30	Stationery	MG	Belo Horizonte	19.9	16.32	36.22	On-Time	14.0	5	New Customers
05afef1c185862cab9062b322ff25cc5	2017-07-25	Housewares	RN	Parnamirim	27.99	22.67	50.66	On-Time	27.4	4	Lost / Hibernating
05afef1c185862cab9062b322ff25cc5	2017-07-25	Housewares	RN	Parnamirim	27.99	22.67	50.66	On-Time	27.4	4	Lost / Hibernating
05b126974a95c4a8c2ed51e8e0334c6e	2017-07-17	Toys	DF	Brasilia	129.99	14.66	144.65	On-Time	11.2	5	Lost / Hibernating
05b2ebbb3869fd116a0a1c247ba70d00	2017-05-17	Bed Bath Table	SP	Sao Paulo	21.9	11.85	33.75	On-Time	7.1	5	Lost / Hibernating
05b3514bb9492bc0eb20959fbf445927	2017-08-03	Baby	SP	Jacarei	139.9	15.73	155.63	On-Time		1	Lost / Hibernating
05b3b36808b4c685d4a2753ad6fec9a3	2017-11-08	Consoles Games	SC	Florianopolis	59.99	14.17	74.16	On-Time	12.8	5	About To Sleep
05b44fc08ced0af18eba71e859288f3e	2017-05-20	Stationery	SC	Itajai	29.0	15.1	44.1	On-Time	10.8	5	Lost / Hibernating
05b45bd050b8c16805abca656246149b	2018-03-12	Housewares	MG	Mariana	41.99	26.43	68.42	Delayed	25.0	1	Promising Recent
05b57f5540e48c853b6235bf8ff10e20	2018-04-11	Computers Accessories	RJ	Arraial Do Cabo	61.34	18.31	79.65	On-Time		3	Promising Recent
05b6dcf764ce18df76138d88dba0aa7d	2017-09-30	Small Appliances	BA	Dias D'Avila	17.8	16.92	34.72	On-Time	17.1	5	About To Sleep
05b771d711b0fa6d8ca9f42c3cc29f41	2017-08-08	Computers Accessories	SP	Birigui	58.0	12.75	70.75	On-Time	6.1	5	Lost / Hibernating
05b7ab671d6b51e0b44ea73a54d9f739	2018-01-21	Sports Leisure	MS	Campo Grande	389.0	48.19	437.19	Delayed	31.1	1	Potential Loyalists
05b7b6d543fe8045020d831080945bfd	2017-12-03	Unknown	MG	Belo Horizonte	125.62	17.36	142.98	On-Time		2	About To Sleep
05bb540accb9a3fc966280b894023c9c	2017-07-06	Health Beauty	RJ	Rio De Janeiro	19.99	14.1	34.09	On-Time	7.0	4	Lost / Hibernating
05bc33363c34f9c8172bd111029be2e1	2017-08-06	Health Beauty	SP	Aracariguama	157.77	15.85	173.62	On-Time	5.1	5	Customers Needing Attention
05bc55c2402923914487bf644d917ad5	2017-12-01	Toys	SP	Sao Paulo	99.99	16.95	116.94	On-Time	19.1	5	About To Sleep
05bd0df2a2f8b3719b66372a66b8f5ec	2017-12-05	Unknown	SP	Araras	84.9	30.9	115.8	Delayed	22.5	5	Champions
05bd4a1f3930d20f351ce8c406d77103	2018-04-25	Sports Leisure	RJ	Arraial Do Cabo	99.0	23.27	122.27	On-Time	8.0	5	Potential Loyalists
05bdb94211a1ae1e3734545262f50da3	2018-06-01	Watches Gifts	SP	Jundiai	95.0	7.53	102.53	On-Time	4.1	3	New Customers
05be03ef1c99159686f59d8a51dd17f9	2017-10-30	Furniture Decor	BA	Salvador	49.9	15.79	65.69	On-Time	8.1	5	About To Sleep
05be057d337a9ea02bb4111d054a670a	2018-08-16	Baby	RJ	Rio De Janeiro	48.9	19.53	68.43	Delayed	12.2	5	New Customers
05bef443b850685058070c9e781988e8	2018-05-30	Musical Instruments	MA	Sao Luis	55.0	24.52	79.52	On-Time	27.1	5	New Customers
05bf4fdb30932b7910144b4359ea9f69	2018-03-06	Consoles Games	MG	Contagem	32.5	18.23	50.73	On-Time	9.2	4	Promising Recent
05bf7a31e9d3eecf93db6a8e4508ed8a	2018-03-02	Cool Stuff	MG	Vespasiano	35.0	19.84	54.84	On-Time	10.5	5	Promising Recent
05bfcf9e287cad216cadb8a850f8db5c	2016-10-06	Perfumery	SP	Ribeirao Preto	249.9	17.59	267.49	On-Time	32.0	5	Lost / Hibernating
05bfcf9e287cad216cadb8a850f8db5c	2016-10-06	Perfumery	SP	Ribeirao Preto	249.9	17.59	267.49	On-Time	32.0	5	Lost / Hibernating
05c12734a5d14a9b9528b3eb84f30e50	2017-05-15	Computers Accessories	BA	Lauro De Freitas	38.9	15.79	54.69	On-Time	17.7	5	Lost / Hibernating
05c163d46637e5c0c23a0075dc1c854c	2017-07-08	Telephony	ES	Dores Do Rio Preto	16.5	21.96	38.46	On-Time	11.2	3	Lost / Hibernating
05c163d46637e5c0c23a0075dc1c854c	2017-07-08	Telephony	ES	Dores Do Rio Preto	18.99	8.23	27.22	On-Time	11.2	3	Lost / Hibernating
05c1808ab7242e387b4947245e0c0649	2017-03-08	Fashion Bags Accessories	RJ	Macae	49.0	14.52	63.52	On-Time	11.8	5	Lost / Hibernating
05c30545ba4331e04ae0de1523bb41f4	2017-09-04	Computers Accessories	RJ	Macae	28.3	16.11	44.41	On-Time	11.3	5	Lost / Hibernating
05c32785b5245ab31eb5bc6b0d41f698	2018-05-12	Musical Instruments	MG	Araujos	1990.0	125.05	2115.05	On-Time	23.1	4	Potential Loyalists
05c32a488871489caad8b008dc77b890	2017-07-23	Toys	CE	Fortaleza	499.0	25.81	524.81	On-Time	18.2	5	Lost / Hibernating
05c3b5a011d47cd6cd88d4c5d6c15b90	2017-07-03	Sports Leisure	PR	Jandaia Do Sul	99.0	17.94	116.94	On-Time	3.9	5	Lost / Hibernating
05c44e3898cc7d836584bfaaa36d0017	2017-03-31	Sports Leisure	SP	Cacapava	59.0	20.73	79.73	On-Time	12.5	5	At Risk
05c491d6be497dcfa89fdb1f9eb41004	2017-11-21	Cool Stuff	MG	Juiz De Fora	139.9	16.74	156.64	On-Time	7.1	5	About To Sleep
05c5ce6594030e91bb9de44352d0ff05	2017-08-31	Watches Gifts	GO	Caldas Novas	179.9	16.01	195.91	On-Time	12.9	5	Lost / Hibernating
05c5e3014f8ec516123fd4c74f49b051	2017-12-01	Health Beauty	RJ	Rio De Janeiro	27.99	14.1	42.09	On-Time	17.6	5	About To Sleep
05c5f6468206cec16a8c99f231bbbe86	2018-04-29	Watches Gifts	PR	Londrina	143.0	18.88	161.88	On-Time	7.9	3	Potential Loyalists
05c5fe623dddb59ad7462d5adf24885f	2017-07-05	Pet Shop	SC	Santa Cecilia	144.9	21.5	166.4	On-Time	12.2	5	Lost / Hibernating
05c60320bb28437325f2d6d67467d93c	2017-11-28	Kitchen Dining Laundry Garden Furniture	RJ	Rio De Janeiro	229.0	106.31	335.31	Delayed	28.4	3	Loyal Customers
05c63e6b53127320a7768d19898ac320	2017-09-26	Housewares	DF	Brasilia	69.9	16.74	86.64	On-Time		1	About To Sleep
05c7aa3928dd1b25667ba59cdc277505	2018-06-12	Bed Bath Table	SP	Santos	91.3	26.94	118.24	On-Time	13.4	1	Potential Loyalists
05c7aa3928dd1b25667ba59cdc277505	2018-06-12	Bed Bath Table	SP	Santos	91.3	26.94	118.24	On-Time	13.4	1	Potential Loyalists
05c7d88e9c05e1fa1428f1ff2dcc29da	2016-10-07	Toys	SP	Pauliceia	128.9	16.04	144.94	On-Time	27.3	5	Lost / Hibernating
05c882a9c704a528bfbaa15fd8805d43	2018-01-12	Telephony	PI	Teresina	19.9	21.15	41.05	On-Time	17.0	5	About To Sleep
05c8ada178f3ab074886530731749bd5	2018-03-29	Cool Stuff	MG	Belo Horizonte	179.99	18.84	198.83	On-Time	12.9	1	Potential Loyalists
05ca3bba2e4c3bc5c601b57af96cf3cf	2017-01-27	Toys	RS	Tupandi	66.99	18.0	84.99	On-Time	26.2	5	Lost / Hibernating
05cb67bde9e73ef4ed72519d1497e006	2017-03-20	Sports Leisure	DF	Brasilia	289.0	19.45	308.45	On-Time	4.0	4	Lost / Hibernating
05cb96d379b1a3df48333ecaa572bf26	2018-08-22	Construction Tools Construction	SP	Praia Grande	55.9	8.55	64.45	Delayed	5.4	4	New Customers
05ccdfa84392875afc23c1ae9f014ce4	2018-04-14	Auto	SP	Miracatu	49.8	12.18	61.98	On-Time	10.9	2	Potential Loyalists
05ccdfa84392875afc23c1ae9f014ce4	2018-04-14	Auto	SP	Miracatu	72.0	21.36	93.36	On-Time	10.9	2	Potential Loyalists
05cd156f0f47579a36d7a52724fc31b8	2017-01-14	Fixed Telephony	MG	Juiz De Fora	10.99	14.52	25.51	On-Time	16.8	4	Lost / Hibernating
05cd5649410dd46b0467669ff19e294b	2018-03-03	Computers Accessories	RJ	Rio De Janeiro	149.0	40.37	189.37	On-Time	15.8	3	Potential Loyalists
05cd95d42f28b378b5abde39c13473df	2018-02-11	Telephony	DF	Brasilia	20.49	14.1	34.59	On-Time	22.2	4	Promising Recent
05cdf90df5dcc062b68cd8b3803f6228	2018-02-07	Bed Bath Table	SP	Sao Paulo	34.9	16.11	51.01	On-Time	12.3	3	Promising Recent
05ce664903d14969bd94d9633ffd8f14	2018-01-09	Furniture Decor	RS	Viamao	69.9	19.98	89.88	On-Time	24.9	5	About To Sleep
05ce7829fca9c640cd884ba446956158	2018-01-04	Pet Shop	DF	Brasilia	599.9	22.74	622.64	On-Time	11.4	3	About To Sleep
05cece27facc8007b2952d0b5bbfe9d6	2018-01-26	Electronics	SC	Chapeco	11.55	15.1	26.65	On-Time	13.1	5	Promising Recent
05d27719c66597da0628a53f6009ed67	2017-11-01	Bed Bath Table	SP	Taboao Da Serra	113.57	13.81	127.38	On-Time	13.1	4	About To Sleep
05d27719c66597da0628a53f6009ed67	2017-11-01	Bed Bath Table	SP	Taboao Da Serra	113.57	13.81	127.38	On-Time	13.1	4	About To Sleep
05d30aafa32e3fedf6eafb2e75648eec	2017-04-27	Housewares	SP	Sao Bernardo Do Campo	16.99	14.52	31.51	On-Time	10.9	5	Lost / Hibernating
05d30aafa32e3fedf6eafb2e75648eec	2017-04-27	Housewares	SP	Sao Bernardo Do Campo	16.99	14.52	31.51	On-Time	10.9	5	Lost / Hibernating
05d30aafa32e3fedf6eafb2e75648eec	2017-04-27	Housewares	SP	Sao Bernardo Do Campo	16.99	14.52	31.51	On-Time	10.9	5	Lost / Hibernating
05d30aafa32e3fedf6eafb2e75648eec	2017-04-27	Housewares	SP	Sao Bernardo Do Campo	16.99	14.52	31.51	On-Time	10.9	5	Lost / Hibernating
05d30aafa32e3fedf6eafb2e75648eec	2017-04-27	Housewares	SP	Sao Bernardo Do Campo	16.99	14.52	31.51	On-Time	10.9	5	Lost / Hibernating
05d30aafa32e3fedf6eafb2e75648eec	2017-04-27	Housewares	SP	Sao Bernardo Do Campo	16.99	14.52	31.51	On-Time	10.9	5	Lost / Hibernating
05d3e8073cc594f353b950b312fc207c	2017-11-30	Musical Instruments	MG	Caratinga	235.0	16.4	251.4	On-Time	6.0	5	About To Sleep
05d3fead61b937bd7176c28ef8ed34be	2018-01-09	Telephony	RJ	Barra Do Pirai	79.49	17.0	96.49	On-Time	26.1	5	About To Sleep
05d43265b79289692a382c9f2a6c1547	2018-08-26	Health Beauty	SP	Sao Paulo	220.0	14.84	234.84	On-Time	2.6	5	Potential Loyalists
05d46826bd0fb605d6b00e30e9141882	2018-08-27	Food	SP	Sao Paulo	49.99	11.37	61.36	On-Time	1.9	4	New Customers
05d4aa8f649013fe68b769fa43ba7646	2017-10-28	Health Beauty	SP	Sao Paulo	39.9	8.72	48.62	On-Time	6.7	5	About To Sleep
05d579e3abe4a2d25c8feca9f7a685d8	2018-02-08	Telephony	PR	Ponta Grossa	130.0	8.49	138.49	On-Time	8.4	5	Potential Loyalists
05d5a67b06f86425711075939a164657	2017-10-24	Perfumery	SP	Sao Bernardo Do Campo	9.99	7.78	17.77	On-Time	2.2	4	About To Sleep
05d61bb749461f4805dbda51f767fa47	2017-08-29	Computers	SE	Cedro De Sao Joao	1200.0	20.0	1220.0	On-Time	17.0	1	Lost / Hibernating
05d657dbf5a4b2e7a685903cc8bb03f0	2018-01-30	Garden Tools	MG	Governador Valadares	179.0	26.87	205.87	On-Time	9.4	5	Potential Loyalists
05d6faf8d3942006edf7cbc669faa965	2017-09-10	Stationery	ES	Mantenopolis	40.9	17.92	58.82	On-Time	7.9	3	Lost / Hibernating
05d7aaa733ad65477075a3b5bf0f1017	2017-10-22	Consoles Games	SP	Aparecida D'Oeste	19.9	11.85	31.75	On-Time	8.5	5	About To Sleep
05d885b852158b0280c4abe2cd5108b4	2018-06-10	Auto	BA	Salvador	498.9	21.42	520.32	On-Time	10.2	1	Potential Loyalists
05d885b852158b0280c4abe2cd5108b4	2018-06-10	Auto	BA	Salvador	498.9	21.42	520.32	On-Time	10.2	1	Potential Loyalists
05d92af741841f7bfebf71cc949b807b	2018-01-26	Garden Tools	MG	Alfenas	49.9	17.6	67.5	On-Time	12.0	4	Promising Recent
05dbe6bf3e09d4e05160a98d0a926bb1	2017-10-03	Sports Leisure	MG	Ipatinga	150.0	23.92	173.92	On-Time	13.0	3	About To Sleep
05dc8285104a0f76f6e8d6b2ff9417b2	2018-08-24	Baby	SP	Sao Paulo	134.9	9.69	144.59	On-Time	4.3	3	Potential Loyalists
05dc9045a35ab252a2b71dd4b0dfb63d	2017-06-11	Housewares	SP	Sao Paulo	59.9	11.73	71.63	On-Time	5.1	5	Lost / Hibernating
05ddc7eac5c1d01a5412368354426943	2018-02-27	Auto	RJ	Rio De Janeiro	94.99	16.91	111.9	Delayed	34.1	1	Potential Loyalists
05ddf4cc62efcc6f34b8c693eaa2db01	2018-07-03	Consoles Games	DF	Brasilia	69.99	18.59	88.58	On-Time	5.9	5	New Customers
05deb664157a8c5022b440fc420bb397	2018-07-21	Bed Bath Table	SP	Sao Paulo	69.0	14.79	83.79	On-Time	8.9	5	New Customers
05df1c1ff1b3e0ba073493d2ca0bdffc	2018-01-24	Housewares	SP	Sao Paulo	85.8	12.1	97.9	On-Time	5.3	4	Promising Recent
05e168bd339a82dc2739b847d4ca99f8	2017-09-17	Health Beauty	SC	Navegantes	439.0	55.67	494.67	On-Time	8.9	5	About To Sleep
05e1843fb576fb0a18a1e9bdfa3c18b0	2018-03-13	Bed Bath Table	MG	Pouso Alegre	21.99	10.49	32.48	On-Time	13.5	1	Promising Recent
05e1843fb576fb0a18a1e9bdfa3c18b0	2018-03-13	Bed Bath Table	MG	Pouso Alegre	21.99	10.49	32.48	On-Time	13.5	1	Promising Recent
05e18a6cef41f63dc86b7b254954dffc	2017-12-04	Home Confort	RJ	Rio De Janeiro	199.9	26.24	226.14	Delayed	31.1	1	About To Sleep
05e19ab996b114339f316bf41b359d52	2018-05-16	Watches Gifts	GO	Anapolis	829.0	23.68	852.68	On-Time	9.1	5	Potential Loyalists
05e28a6a1994b77257df51a5e304b6ab	2017-11-24	Computers Accessories	RN	Parnamirim	19.74	21.15	40.89	On-Time	13.0	5	About To Sleep
05e2ab8de37670d9d0524473585092ec	2017-11-25	Computers Accessories	MG	Pouso Alegre	149.99	23.85	173.84	On-Time	10.4	4	About To Sleep
05e52cc535bf067c2eb8337443ca0fc0	2017-05-21	Pet Shop	RN	Sao Goncalo Do Amarante	119.0	36.15	155.15	On-Time	10.9	5	Lost / Hibernating
05e6501cdfbd86fe9a3a788c3d411091	2017-10-16	Bed Bath Table	SP	Carapicuiba	75.0	13.55	88.55	On-Time	3.3	5	About To Sleep
05e6d57ea1f64b4e9a0b37c669515cfc	2018-07-03	Toys	DF	Brasilia	42.2	44.1	86.3	On-Time	3.5	4	New Customers
05e756a9715655ae26d98822c44eac0e	2018-05-17	Sports Leisure	SP	Ilhabela	68.9	12.92	81.82	Delayed	21.2	2	New Customers
05e7f330b0c9d2769d5aa193ee88baa7	2017-03-27	Computers Accessories	RJ	Campos Dos Goytacazes	34.9	14.52	49.42	On-Time	10.0	5	Lost / Hibernating
05e8d222c5597784b04c804e183599c7	2017-11-22	Garden Tools	MG	Alem Paraiba	59.9	17.67	77.57	On-Time	15.1	5	About To Sleep
05e94f64bd375a4fc88a39430e020d54	2018-01-19	Computers Accessories	MG	Tres Coracoes	149.9	27.59	177.49	On-Time	11.4	4	About To Sleep
05e9e60e8b528b3563a1b1c2e8cfa64d	2017-12-09	Fashion Bags Accessories	SP	Ribeirao Preto	259.99	14.16	274.15	On-Time	12.3	5	About To Sleep
05ea901eba2a26661f43478b5c6b02d0	2017-11-05	Furniture Decor	GO	Goiania	24.9	16.11	41.01	On-Time	12.1	4	About To Sleep
05ea901eba2a26661f43478b5c6b02d0	2017-11-05	Furniture Decor	GO	Goiania	24.9	16.11	41.01	On-Time	12.1	4	About To Sleep
05ea901eba2a26661f43478b5c6b02d0	2017-11-05	Furniture Decor	GO	Goiania	24.9	16.11	41.01	On-Time	12.1	4	About To Sleep
05ea901eba2a26661f43478b5c6b02d0	2017-11-05	Furniture Decor	GO	Goiania	24.9	16.11	41.01	On-Time	12.1	4	About To Sleep
05ea910f7ffffe471fab783ea0d8e424	2017-06-20	Computers Accessories	RJ	Rio De Janeiro	19.9	15.1	35.0	On-Time	6.3	5	Lost / Hibernating
05ea910f7ffffe471fab783ea0d8e424	2017-06-20	Computers Accessories	RJ	Rio De Janeiro	19.9	15.1	35.0	On-Time	6.3	5	Lost / Hibernating
05eb212cd5b01c76bdb5215a49df19b6	2017-06-28	Housewares	SC	Balneario Picarras	37.5	16.11	53.61	On-Time		1	Lost / Hibernating
05eb212cd5b01c76bdb5215a49df19b6	2017-06-28	Housewares	SC	Balneario Picarras	37.5	16.11	53.61	On-Time		1	Lost / Hibernating
05ebeda0c1aefd787e0ddc914af75039	2018-08-14	Computers Accessories	SP	Santa Barbara D'Oeste	179.9	19.39	199.29	On-Time	8.3	5	Potential Loyalists
05ebeda0c1aefd787e0ddc914af75039	2018-08-14	Computers Accessories	SP	Santa Barbara D'Oeste	189.0	19.39	208.39	On-Time	8.3	5	Potential Loyalists
05ec7d4c58b47c6c3249400c512851b2	2017-12-09	Toys	SC	Videira	69.99	16.25	86.24	On-Time	24.8	5	About To Sleep
05ec8e2b68474e347ff47b71274e2361	2018-07-20	Sports Leisure	SC	Blumenau	299.0	20.19	319.19	On-Time	10.5	5	Potential Loyalists
05ec9565bccc292561dec1d33bfefdfa	2018-08-05	Health Beauty	SP	Sao Paulo	49.0	13.92	62.92	On-Time	5.3	3	Champions
05ed121680df9ec2f89d4dc29310333a	2018-03-05	Books Technical	RJ	Itaocara	33.0	15.1	48.1	Delayed	24.7	1	Promising Recent
05efc756dc2f2fdb4e8e914ad1a73f3c	2017-05-25	Toys	RJ	Rio De Janeiro	79.9	14.31	94.21	On-Time	1.8	5	Lost / Hibernating
05f0c78f07cfc889061aba07e9eff066	2018-01-26	Computers Accessories	SP	Sao Paulo	89.56	12.76	102.32	On-Time	7.6	3	Loyal Customers
05f18c930e9961675a68af3b18efaf6b	2018-08-03	Baby	MG	Belo Horizonte	29.99	14.51	44.5	On-Time	6.3	5	New Customers
05f215a71e36c6985cb764b530d1e45c	2017-07-18	Housewares	RJ	Barra Do Pirai	20.7	15.1	35.8	On-Time	10.9	5	Lost / Hibernating
05f24644b8019e68652b4216a5a5e956	2018-04-22	Construction Tools Safety	SP	Sao Paulo	379.94	16.31	396.25	On-Time	8.3	1	Potential Loyalists
05f3fc274d71ebbd552966d716c9039d	2018-05-11	Auto	SP	Guarulhos	159.99	7.98	167.97	On-Time	5.0	5	Potential Loyalists
05f44408d29a64126c4abc87d2b2b038	2018-08-10	Auto	SP	Araras	95.9	7.93	103.83	On-Time	3.4	4	New Customers
05f4c59e4404655a57c7bb10ff944d3d	2017-12-06	Stationery	SP	Sao Paulo	129.9	9.72	139.62	On-Time	4.1	5	About To Sleep
05f4c59e4404655a57c7bb10ff944d3d	2017-12-06	Stationery	SP	Sao Paulo	129.9	9.72	139.62	On-Time	4.1	5	About To Sleep
05f54a9f4abf370b7c655d914159ab98	2018-04-01	Garden Tools	SP	Sao Roque	53.9	13.46	67.36	On-Time	8.6	3	Promising Recent
05f5cfec67106e59d6280f62c4792d25	2018-07-26	Bed Bath Table	MG	Belo Horizonte	49.9	15.45	65.35	On-Time	4.4	5	New Customers
05f8021cf7217f1990addecad0e24b7a	2018-08-10	Fixed Telephony	SP	Sao Jose Dos Campos	178.9	19.35	198.25	On-Time	17.7	4	Champions
05f99bfc5053a88e0955bea396422a81	2017-10-25	Home Appliances 2	RJ	Rio De Janeiro	159.0	30.15	189.15	On-Time	26.6	4	About To Sleep
05f9e5c577faa3a272454a2ceed5c64d	2018-04-14	Baby	PB	Areia	39.9	50.85	90.75	Delayed	40.7	1	Promising Recent
05fad97db96406de1787c7a532c46a2b	2018-06-19	Garden Tools	RS	Sao Jose Do Hortencio	82.99	23.38	106.37	On-Time	7.3	5	New Customers
05fb90958eaf5f1c3287acf11060525e	2018-02-21	Health Beauty	RS	Porto Alegre	47.6	15.1	62.7	Delayed	43.8	1	Promising Recent
05fb9a42b233b4fb63dcaec6fac364a1	2017-11-13	Small Appliances	RS	Caxias Do Sul	48.0	17.6	65.6	On-Time	12.0	5	About To Sleep
05fcb26e37b34aa73157fa81401b6b15	2017-10-14	Computers Accessories	RJ	Nova Iguacu	64.99	14.2	79.19	On-Time	9.0	5	About To Sleep
05fcd933547be81890bc4d62357fdf3f	2017-07-19	Computers Accessories	SP	Sao Paulo	89.9	12.13	102.03	On-Time	7.1	1	Lost / Hibernating
05fcd933547be81890bc4d62357fdf3f	2017-07-19	Computers Accessories	SP	Sao Paulo	89.9	12.13	102.03	On-Time	7.1	1	Lost / Hibernating
05fcd933547be81890bc4d62357fdf3f	2017-07-19	Computers Accessories	SP	Sao Paulo	89.9	12.13	102.03	On-Time	7.1	1	Lost / Hibernating
05fcd933547be81890bc4d62357fdf3f	2017-07-19	Computers Accessories	SP	Sao Paulo	89.9	12.13	102.03	On-Time	7.1	1	Lost / Hibernating
05fcebb08e5f6447834c6593dcec9c81	2017-05-23	Luggage Accessories	SP	Ourinhos	259.9	48.53	308.43	On-Time	7.7	3	Lost / Hibernating
05fd18ef3ce628a45cd42bb394ff081b	2018-05-09	Perfumery	SP	Sao Paulo	44.99	7.39	52.38	On-Time	4.7	5	Champions
05fdf5f17c4a8b374e99ed52416d8766	2018-06-27	Housewares	RJ	Rio De Janeiro	34.9	19.43	54.33	On-Time	5.8	4	New Customers
05fdfff95f5ea9ee431961288fce4e0c	2017-11-07	Watches Gifts	SP	Campinas	146.0	12.52	158.52	On-Time	9.3	5	About To Sleep
0603e869ecff28981f22e3ea3e91911b	2017-09-26	Furniture Decor	SP	Bauru	99.9	28.14	128.04	On-Time	13.0	5	About To Sleep
0603e869ecff28981f22e3ea3e91911b	2017-09-26	Furniture Decor	SP	Bauru	99.9	28.14	128.04	On-Time	13.0	5	About To Sleep
0603e869ecff28981f22e3ea3e91911b	2017-09-26	Furniture Decor	SP	Bauru	74.9	12.55	87.45	On-Time	13.0	5	About To Sleep
0605918e96aec0f42a10810d92b5e864	2017-02-22	Housewares	RJ	Macae	32.76	14.72	47.48	On-Time		1	New Customers
0606297cba03ae6663495514f5bdae0d	2017-11-25	Bed Bath Table	SP	Nhandeara	39.97	15.1	55.07	On-Time	20.2	3	About To Sleep
060653209bfa61cf4b308a00e3861875	2018-05-28	Baby	MG	Mirai	238.47	119.56	358.03	On-Time	15.0	5	Potential Loyalists
0606be58306f48924f5b44a39cfab9ec	2018-06-07	Computers Accessories	PA	Belem	15.0	37.04	52.04	On-Time	13.9	5	New Customers
0607664f90518423fdddb69ae3cf375e	2018-02-10	Health Beauty	MG	Itauna	149.65	15.8	165.45	On-Time	9.5	5	Potential Loyalists
0607a1c003c16725855f65d6b738028a	2017-08-19	Housewares	SP	Sao Paulo	42.9	21.18	64.08	On-Time	3.7	5	Lost / Hibernating
0607f0efea4b566f1eb8f7d3c2397320	2018-03-06	Furniture Decor	SP	Sumare	62.99	10.09	73.08	On-Time	3.6	5	Potential Loyalists
0607f0efea4b566f1eb8f7d3c2397320	2018-03-06	Furniture Decor	SP	Sumare	62.99	10.09	73.08	On-Time	3.6	5	Potential Loyalists
0608991422469365a7b98644f2456aed	2017-02-05	Sports Leisure	SC	Navegantes	195.0	48.72	243.72	On-Time	18.0	5	Lost / Hibernating
0608b2d283db5e818a5056e8afc122b5	2018-03-14	Sports Leisure	SP	Campinas	46.0	7.39	53.39	On-Time	5.1	5	Promising Recent
06093968558c2db43ddc36679aacc280	2018-07-16	Toys	SP	Ribeirao Preto	104.9	19.92	124.82	On-Time	7.5	5	Potential Loyalists
060a509c86c388937eb130705ea09e52	2017-09-18	Baby	RJ	Sao Goncalo	119.4	17.09	136.49	On-Time	9.8	4	About To Sleep
060b4964af74f7046c4bfd56ddeeb7e7	2017-08-15	Bed Bath Table	DF	Brasilia	49.95	18.45	68.4	On-Time	6.8	1	Lost / Hibernating
060b4964af74f7046c4bfd56ddeeb7e7	2017-08-15	Bed Bath Table	DF	Brasilia	49.95	18.45	68.4	On-Time	6.8	1	Lost / Hibernating
060b4964af74f7046c4bfd56ddeeb7e7	2017-08-15	Bed Bath Table	DF	Brasilia	45.95	8.39	54.34	On-Time	6.8	1	Lost / Hibernating
060b8f810cc106b90824b59a26ceb0db	2018-07-04	Home Construction	GO	Luziania	149.9	27.35	177.25	On-Time	9.3	5	Potential Loyalists
060c88a63c83f2dfaeea611cc18edefd	2018-07-09	Pet Shop	BA	Salvador	109.9	51.06	160.96	On-Time	11.1	5	Potential Loyalists
060e3be7253bd20351674ea9eec80ff6	2017-12-26	Computers Accessories	PE	Olinda	53.99	21.18	75.17	On-Time	12.1	5	About To Sleep
0611a79fca63467aea19ba6f75536058	2017-07-10	Watches Gifts	SP	Praia Grande	39.0	7.78	46.78	On-Time	1.4	1	Lost / Hibernating
0611a79fca63467aea19ba6f75536058	2017-07-10	Watches Gifts	SP	Praia Grande	35.0	7.78	42.78	On-Time	1.4	1	Lost / Hibernating
0611e51b65ca1c2274c5a2463141dcb6	2017-10-10	Pet Shop	PE	Recife	430.0	36.81	466.81	On-Time	10.3	5	About To Sleep
061295e635460bf36f1bb41bd54fd2d2	2017-12-05	Watches Gifts	BA	Jacaraci	238.99	18.11	257.1	On-Time	14.3	5	Customers Needing Attention
061304e42542425c8ff0be14d03126e4	2017-06-14	Auto	SP	Sao Pedro	1999.99	29.63	2029.62	Delayed	29.9	1	Lost / Hibernating
06136e6a6532fabbd5675f8090fca4b3	2018-07-20	Home Appliances 2	BA	Feira De Santana	30.09	42.49	72.58	On-Time	13.4	5	New Customers
0615cb58aaa538ad222e5ce52b5cc2bf	2017-03-18	Bed Bath Table	SP	Barueri	13.9	10.96	24.86	On-Time	8.9	3	Lost / Hibernating
0616463c44a86e8478f9b065e17d7c65	2018-02-03	Construction Tools Construction	SP	Sao Paulo	45.0	8.27	53.27	On-Time	2.9	5	Promising Recent
0616b1a248556f0f4c5aea97beb0729a	2018-08-08	Health Beauty	SP	Sorocaba	149.65	18.99	168.64	On-Time	11.8	5	Potential Loyalists
06174d5608937415007fcf764cf799af	2018-03-28	Bed Bath Table	RS	Jaguari	48.0	18.23	66.23	On-Time	15.1	4	Promising Recent
0617fd3db51fa6cbebde41b9bd34b406	2018-05-28	Sports Leisure	MG	Machado	271.0	27.98	298.98	On-Time	18.2	4	Potential Loyalists
0618bf2e52dc2aaefd882d186558e642	2018-04-08	Garden Tools	SP	Sao Paulo	58.9	19.38	78.28	On-Time	6.2	4	Promising Recent
061a6c0d2222c7c9f49a21e108579b49	2017-02-08	Bed Bath Table	RJ	Sao Joao De Meriti	79.9	14.73	94.63	On-Time	15.0	5	Lost / Hibernating
061aa244b31dd240e079ad7a7ce3f32f	2017-09-22	Sports Leisure	SP	Sao Paulo	139.8	12.18	151.98	On-Time	4.1	5	About To Sleep
061abe3150d5be34c25d2d6055a88575	2017-07-30	Sports Leisure	PA	Redencao	159.9	29.52	189.42	On-Time	17.0	5	Lost / Hibernating
061b13cf87863db16e1a03178285ecfe	2018-08-11	Cool Stuff	DF	Brasilia	26.88	38.46	65.34	On-Time	13.5	3	New Customers
061b74bca735bb2c1953e40bc098101d	2017-11-22	Furniture Decor	SP	Mogi Das Cruzes	12.99	11.73	24.72	On-Time	4.7	5	About To Sleep
061b74bca735bb2c1953e40bc098101d	2017-11-22	Furniture Decor	SP	Mogi Das Cruzes	12.99	11.73	24.72	On-Time	4.7	5	About To Sleep
061b74bca735bb2c1953e40bc098101d	2017-11-22	Furniture Decor	SP	Mogi Das Cruzes	12.99	11.73	24.72	On-Time	4.7	5	About To Sleep
061b74bca735bb2c1953e40bc098101d	2017-11-22	Furniture Decor	SP	Mogi Das Cruzes	12.99	11.73	24.72	On-Time	4.7	5	About To Sleep
061ba2e2d7544790b6ed6b5b4dd9278c	2018-05-03	Watches Gifts	BA	Itapetinga	110.0	0.0	110.0	On-Time	19.5	4	Potential Loyalists
061bf20146d98ef4698d0324dc4392db	2018-05-16	Health Beauty	MG	Uberlandia	39.9	18.23	58.13	On-Time	5.0	5	New Customers
061c593a0c8fd1b92c2abc7c1a87b329	2018-07-16	Stationery	SC	Florianopolis	49.9	15.45	65.35	On-Time	14.4	4	New Customers
061c97a9bd7911f9d2031e1b820c344f	2017-04-21	Computers Accessories	SP	Junqueiropolis	299.0	16.26	315.26	On-Time	17.9	5	Lost / Hibernating
061cafafafb36839a8ee7cf19ab807c6	2018-03-14	Housewares	SP	Sao Caetano Do Sul	154.99	11.71	166.7	On-Time	8.7	1	Potential Loyalists
061cc2095125b495f7221ed85a706c07	2018-04-13	Watches Gifts	GO	Goiania	55.0	15.27	70.27	On-Time	17.0	3	Promising Recent
061e6ce7ec63fcace40d4ae11584763c	2018-03-09	Cool Stuff	SP	Birigui	210.0	18.38	228.38	On-Time	13.3	5	Potential Loyalists
061eb3fa9ee22a8dc3c90060e5a637c9	2018-05-30	Health Beauty	SP	Sao Paulo	49.9	15.23	65.13	On-Time	13.2	3	New Customers
061f2692f309a270bc04537e0a2508bb	2017-12-05	Bed Bath Table	SP	Sao Paulo	89.9	12.33	102.23	On-Time	5.0	2	Customers Needing Attention
061f31c732cb84a989d5b62660212ecc	2017-12-29	Unknown	CE	Fortaleza	69.99	17.77	87.76	On-Time	21.7	2	About To Sleep
0620816b111616c1a7c0e03f8929bc4a	2017-07-22	Perfumery	SP	Sao Paulo	56.99	8.72	65.71	On-Time	9.7	4	Lost / Hibernating
06215d34c1ec4e1106eb12ae5fd0370f	2017-03-06	Telephony	SC	Florianopolis	29.99	14.11	44.1	Delayed	24.0	1	Lost / Hibernating
06215d34c1ec4e1106eb12ae5fd0370f	2017-03-06	Telephony	SC	Florianopolis	29.99	14.11	44.1	Delayed	24.0	1	Lost / Hibernating
062171ae61a088263fec533c7b4aadca	2017-12-01	Watches Gifts	BA	Ilheus	219.0	17.97	236.97	On-Time	19.1	5	About To Sleep
0625530241d6fc5812c0062962c29a7e	2018-06-24	Watches Gifts	ES	Alto Rio Novo	148.0	19.14	167.14	On-Time	9.0	5	Potential Loyalists
06263a9c3476eea0ca0fd70081bc7cda	2018-02-20	Health Beauty	SP	Sao Paulo	149.9	16.68	166.58	On-Time	8.4	3	Champions
062668b0f8fe98dbe6d23ab391e22c81	2018-01-02	Health Beauty	SP	Jaboticabal	349.9	19.7	369.6	On-Time	10.5	4	About To Sleep
062682155c454b125c630e1deebff4ea	2018-04-24	Unknown	PR	Curitiba	84.99	18.47	103.46	On-Time	8.5	1	Promising Recent
0626a1c665314a1d0bf29ab063d5af74	2018-06-06	Telephony	SP	Palestina	29.99	12.79	42.78	On-Time	7.4	4	New Customers
0627a80d6b5c65e9b212271f845e34da	2017-10-30	Sports Leisure	PA	Castanhal	33.8	42.38	76.18	Delayed	45.2	5	About To Sleep
0629053d0e1e598c7a5048031e19e31b	2018-06-25	Electronics	RJ	Rio De Janeiro	29.1	21.5	50.6	On-Time	3.9	3	New Customers
0629771ee9bc4f49e6d2fb6d637f00a7	2018-04-12	Sports Leisure	SP	Sao Paulo	135.0	15.04	150.04	On-Time	8.1	5	Potential Loyalists
062afb045916ff90100893d5df84c186	2018-01-19	Stationery	SP	Penapolis	129.0	13.92	142.92	On-Time	12.2	5	About To Sleep
062b06f0cb6f133e2b963e4947345e17	2018-04-25	Electronics	RS	Portao	72.0	21.58	93.58	On-Time	9.2	5	Potential Loyalists
062b06f0cb6f133e2b963e4947345e17	2018-04-25	Electronics	RS	Portao	72.0	21.58	93.58	On-Time	9.2	5	Potential Loyalists
062b1b23a7928be5abeb406e5889e08e	2018-03-21	Auto	PR	Vere	322.0	186.38	508.38	Delayed	47.9	5	Potential Loyalists
062bddc5be851fec2b59598cc33498cd	2018-05-07	Telephony	RJ	Angra Dos Reis	1520.88	28.53	1549.41	On-Time	8.0	1	Potential Loyalists
062ce984a468dfa021e43bdf17ae158c	2018-04-26	Sports Leisure	SP	Carapicuiba	119.48	13.28	132.76	On-Time	11.0	3	Potential Loyalists
062d3e3b803bd3e569cf8c165602f8f4	2018-06-25	Health Beauty	SP	Fernandopolis	122.99	63.11	186.1	On-Time	10.0	5	Potential Loyalists
062e5ab5d16890def5883cd9fe35615e	2017-10-22	Watches Gifts	SP	Varzea Paulista	146.0	12.52	158.52	On-Time	16.8	5	About To Sleep
062e658558167913d261c1089bf9357c	2017-06-07	Health Beauty	PE	Palmares	119.95	33.29	153.24	On-Time	7.4	5	Lost / Hibernating
062f0992a050330334749ffa530fa796	2017-01-27	Toys	MG	Sao Sebastiao Do Paraiso	129.99	18.0	147.99	On-Time	13.9	5	Lost / Hibernating
062fb51d4257a8a7ef0bb5df1becde54	2018-01-12	Pet Shop	MG	Itabirito	21.9	15.1	37.0	On-Time	11.1	5	About To Sleep
063009988101940b4392ba9b2f2ca112	2018-03-13	Sports Leisure	SP	Sao Paulo	14.49	13.71	28.2	On-Time	20.5	3	Promising Recent
0630ba8015b69f03e65dbe4be3aceb4f	2017-03-14	Auto	MG	Fervedouro	117.3	22.29	139.59	On-Time	13.9	4	Lost / Hibernating
063250ed406abc1e7730639c79d16a0b	2017-09-06	Watches Gifts	SC	Joinville	339.9	17.13	357.03	On-Time	11.8	3	Lost / Hibernating
06339e75ee1b614953aef978ef01d766	2017-04-15	Furniture Decor	BA	Luis Eduardo Magalhaes	43.9	20.98	64.88	Delayed	40.4	1	Lost / Hibernating
0633c2f778161bd80bf27cb619d6437c	2017-02-08	Health Beauty	MA	Sao Luis	23.9	24.35	48.25	On-Time	13.0	5	Lost / Hibernating
06351d6c05e58972856f24bc50d69b23	2018-05-08	Sports Leisure	SP	Araras	195.9	8.23	204.13	On-Time	6.0	5	Champions
06351d6c05e58972856f24bc50d69b23	2018-05-08	Sports Leisure	SP	Araras	193.9	8.23	202.13	On-Time	6.0	5	Champions
0635e2196d30b3003d5381ca15cb3d87	2018-05-03	Fashion Bags Accessories	RS	Canoas	49.0	10.66	59.66	On-Time	18.3	5	Loyal Customers
0635ec73c8d9729fec281d4b87339be3	2017-12-18	Watches Gifts	RJ	Volta Redonda	65.0	15.2	80.2	On-Time	21.0	5	About To Sleep
06369aa3e6e8c6d52a7df6a2cd76cb1b	2018-02-01	Health Beauty	PE	Abreu E Lima	84.99	19.13	104.12	On-Time	31.2	4	Promising Recent
06375e8bcbe64fb1da3b499fa42a7991	2018-02-26	Small Appliances	PR	Mandaguari	1899.05	82.17	1981.22	On-Time	17.3	5	Potential Loyalists
063929a628206b3f69eaaa2e003ca695	2017-12-02	Pet Shop	DF	Brasilia	120.0	20.33	140.33	On-Time	9.9	5	About To Sleep
063a0b076f63cb908176d8c1cc6ec049	2017-03-13	Garden Tools	RJ	Rio Das Flores	99.99	28.89	128.88	On-Time	6.6	2	Lost / Hibernating
063b573b88fc80e516aba87df524f809	2016-10-07	Health Beauty	SP	Itu	69.9	17.63	87.53	On-Time		1	Lost / Hibernating
063bbb83c80ba8c04934c9ff389be77a	2018-02-07	Perfumery	MG	Juiz De Fora	53.99	15.13	69.12	On-Time	12.6	5	Promising Recent
063be5d2e54f57f9673b26b87c8d8bfc	2017-05-08	Health Beauty	MG	Araguari	82.0	16.33	98.33	On-Time	4.5	5	Lost / Hibernating
063dda01b3489ce5f3bc164801e6e3e9	2018-03-07	Watches Gifts	SP	Guarulhos	120.0	17.75	137.75	Delayed	23.8	1	Potential Loyalists
063de687a6d9389fb6f6934d19d447f8	2018-06-30	Pet Shop	SP	Sao Paulo	43.44	8.46	51.9	On-Time	8.8	5	New Customers
063f19fae1eadbb92dc30d00b7cc870c	2018-08-08	Furniture Decor	SP	Ribeirao Preto	196.8	18.51	215.31	On-Time	8.2	2	Potential Loyalists
063f2375ecf74934d05e78a476f92cb5	2018-07-08	Costruction Tools Garden	SP	Maristela	28.45	18.3	46.75	On-Time	19.3	5	New Customers
063f2375ecf74934d05e78a476f92cb5	2018-07-08	Costruction Tools Garden	SP	Maristela	28.45	18.3	46.75	On-Time	19.3	5	New Customers
063f6b61015cb748333bd76ef0deac47	2018-01-04	Bed Bath Table	SP	Ribeirao Preto	75.5	13.55	89.05	On-Time	7.4	5	About To Sleep
0640b06b89343b8b664b6ddef40ba020	2017-11-04	Health Beauty	SP	Sao Paulo	49.9	16.11	66.01	On-Time	9.8	4	About To Sleep
0641880e7059ec426c7e6f8ba1585bf7	2018-08-11	Bed Bath Table	RJ	Rio De Janeiro	65.9	19.65	85.55	On-Time	9.1	4	New Customers
0641c2d6df642517fb73e1ac88a188a4	2018-03-29	Furniture Decor	SP	Sao Paulo	79.9	19.53	99.43	On-Time	12.4	5	Promising Recent
0641d69ef04d0d7b004cb9ec0106c3ea	2017-09-05	Bed Bath Table	MG	Betim	189.9	22.17	212.07	On-Time	8.2	5	Lost / Hibernating
0641dec5794661d69c598d2535bc0b40	2017-07-16	Unknown	MG	Muriae	49.59	20.84	70.43	On-Time	10.1	4	Lost / Hibernating
064314e503e36ce3869a9901434fc6f4	2018-08-16	Perfumery	SP	Santana De Parnaiba	132.3	9.09	141.39	Delayed	6.5	5	Potential Loyalists
064330ca980cc4023706283a3c4b89a4	2018-07-29	Watches Gifts	SP	Itapevi	58.0	7.67	65.67	On-Time	2.6	4	New Customers
064406f58fe12697ff148d9a5851fe9e	2018-02-01	Stationery	SP	Campinas	89.0	9.44	98.44	On-Time	8.2	5	Promising Recent
0644bbc829f241622c4c83b08436c465	2018-06-24	Health Beauty	SP	Sao Paulo	31.9	15.32	47.22	On-Time	4.1	5	New Customers
06450a9849cb4a8c2f3bbeba9995b64f	2018-01-19	Luggage Accessories	MG	Andradas	289.0	46.48	335.48	On-Time	6.8	5	About To Sleep
064558d37369c187c5e1e37eb534ba4d	2018-02-28	Stationery	SP	Sao Paulo	39.99	8.72	48.71	On-Time	6.2	5	Promising Recent
0645b256ee8f4939ae426819da55488c	2018-07-26	Unknown	SP	Sao Paulo	12.99	7.39	20.38	On-Time	4.3	5	New Customers
0645ff0009ebb4d475c7e9d30520dd21	2017-11-10	Fashion Bags Accessories	MG	Governador Valadares	39.9	12.48	52.38	On-Time	7.8	5	About To Sleep
0646e0e4885dd8c69dddd6b2742b3b1b	2018-02-07	Construction Tools Construction	RS	Taquari	552.8	18.62	571.42	On-Time	14.1	5	Potential Loyalists
06475c925f62299396ae63b9e9468486	2017-09-05	Pet Shop	SP	Sao Paulo	16.99	12.48	29.47	On-Time	7.4	5	Lost / Hibernating
0647c4896cbb3bcfe3a48f652dd058ca	2018-02-26	Computers Accessories	DF	Brasilia	269.0	15.63	284.63	On-Time	9.0	5	Potential Loyalists
0647d9d193d898f2ff46c9e91a3c8c4b	2017-05-09	Computers Accessories	PR	Curitiba	188.9	20.56	209.46	On-Time	12.7	5	At Risk
0647d9d193d898f2ff46c9e91a3c8c4b	2017-05-09	Computers Accessories	PR	Curitiba	188.9	20.56	209.46	On-Time	12.7	5	At Risk
0647d9d193d898f2ff46c9e91a3c8c4b	2017-05-09	Computers Accessories	PR	Curitiba	188.9	20.56	209.46	On-Time	12.7	5	At Risk
0647d9d193d898f2ff46c9e91a3c8c4b	2017-05-09	Computers Accessories	PR	Curitiba	188.9	20.56	209.46	On-Time	12.7	5	At Risk
0647f4a0c12192bfb5ea1032d2e2ecdb	2017-09-18	Garden Tools	SP	Sao Paulo	72.8	12.01	84.81	On-Time	3.7	5	Loyal Customers
06486b73d8d1705c15e0d13f6adcbf84	2018-01-20	Fashion Bags Accessories	SP	Sao Bernardo Do Campo	56.0	7.78	63.78	On-Time	4.9	5	About To Sleep
064895b0b58ab3f84d9d3b0a2b800205	2017-09-05	Pet Shop	PR	Londrina	59.99	16.18	76.17	On-Time	9.8	4	Lost / Hibernating
0648c919c26e4ed9eae8879a4c17796e	2017-04-27	Cool Stuff	GO	Inhumas	849.0	174.95	1023.95	On-Time	12.9	5	Lost / Hibernating
06495b5a6aa3e4527e8c1fb34d47ea70	2018-02-21	Telephony	BA	Juazeiro	18.9	16.79	35.69	On-Time	20.9	3	Promising Recent
06499dd792313ae78e92e4819ffceff9	2017-04-26	Housewares	MG	Vicosa	83.9	14.76	98.66	On-Time	13.9	4	Lost / Hibernating
064c48df7cb281b1f0f0cfcaa2a69662	2017-05-24	Health Beauty	AL	Marechal Deodoro	349.9	29.3	379.2	On-Time	19.8	5	Lost / Hibernating
064c5d7833bce7bb4c9bff1302ac9d0a	2018-02-26	Bed Bath Table	RJ	Rio De Janeiro	65.9	16.22	82.12	Delayed	25.0	5	Promising Recent
064df82a5ad596912cc304c6c72a42bf	2017-02-26	Fashion Bags Accessories	SP	Sao Paulo	135.0	15.12	150.12	On-Time		1	Lost / Hibernating
064e219a982901ccffc2d33432b77a2c	2018-04-10	Sports Leisure	SP	Sao Paulo	134.0	15.03	149.03	On-Time	10.0	2	Potential Loyalists
064eacf6619a7203b06b7187bf3a3779	2018-01-03	Electronics	RS	Sao Leopoldo	23.7	14.1	37.8	On-Time	12.9	4	About To Sleep
0650ef96422834cca0cc7799efbf6307	2017-02-04	Cool Stuff	RS	Porto Alegre	99.9	18.98	118.88	On-Time	9.8	4	Lost / Hibernating
065102a3bb506a1010c90b7a4f2700b2	2018-03-02	Computers Accessories	PR	Cascavel	149.0	15.55	164.55	On-Time	1.1	5	Potential Loyalists
0651282cd5dd7e7103729d800b143334	2017-07-11	Bed Bath Table	DF	Brasilia	141.99	45.45	187.44	On-Time	13.9	5	Lost / Hibernating
0651c427722f910d3a2238dca1975fcc	2017-12-04	Health Beauty	MG	Lavras	1375.65	24.38	1400.03	On-Time	9.5	4	Customers Needing Attention
0652543c9f8586d33500c3d0e4ddc6a6	2017-05-11	Furniture Decor	SP	Sao Paulo	52.99	9.34	62.33	On-Time	6.9	4	Lost / Hibernating
0653c5290cf561492eae4f626799994d	2017-09-19	Bed Bath Table	SP	Sao Paulo	148.0	14.64	162.64	On-Time	2.9	5	About To Sleep
0653cf037de0812e8ba775b4a0ea9c2f	2018-01-11	Housewares	DF	Brasilia	79.9	17.81	97.71	On-Time	11.3	1	About To Sleep
06544096bb7077c0f701d0d6f660e11f	2017-03-30	Bed Bath Table	SP	Sao Paulo	83.36	11.97	95.33	On-Time	10.9	5	Lost / Hibernating
0654d38aef9f16500a4d8f635dde87f9	2018-04-05	Small Appliances	SP	Sao Vicente	28.0	8.29	36.29	On-Time	4.2	5	Promising Recent
0654ec8b2a748a63a67ea1e763857357	2017-10-26	Audio	SP	Diadema	19.9	7.78	27.68	On-Time	4.5	4	About To Sleep
06556f76bd21201c0deb015022757aa8	2018-02-01	Sports Leisure	RS	Porto Alegre	149.0	18.29	167.29	On-Time	17.9	5	Potential Loyalists
0655a10c9ee5cb0fa451edebb94102be	2017-12-30	Furniture Decor	SP	Guarulhos	179.0	36.76	215.76	On-Time	9.1	5	About To Sleep
0655bb542cf38197d920ac1c5c89ae9c	2018-03-08	Musical Instruments	SP	Sao Paulo	88.9	12.77	101.67	On-Time	8.8	4	Promising Recent
0656252be8b31ab4b264a730f9e600cb	2018-03-07	Office Furniture	SP	Campinas	119.99	18.95	138.94	On-Time	15.2	5	Potential Loyalists
065881aa6f8059a970c8fd9947f717e4	2018-01-17	Perfumery	RJ	Duque De Caxias	98.9	14.44	113.34	On-Time	12.0	1	About To Sleep
06588330ec63ae7132289b092c148ec8	2018-01-23	Telephony	MS	Campo Grande	49.0	15.1	64.1	On-Time	7.9	5	Promising Recent
0658b7d98d204e0beefedd5e8c0fad45	2018-01-15	Office Furniture	SP	Sao Paulo	146.99	35.19	182.18	On-Time	16.8	3	About To Sleep
065963d921de479181824ca8d8737935	2018-02-07	Cool Stuff	SP	Bauru	455.0	18.95	473.95	On-Time	18.8	5	Loyal Customers
0659ee4a8b8b8da8337c94d35e423c74	2017-11-24	Sports Leisure	RS	Santo Angelo	105.0	17.98	122.98	On-Time	7.3	5	Loyal Customers
0659ee4a8b8b8da8337c94d35e423c74	2017-11-24	Sports Leisure	RS	Santo Angelo	105.0	17.98	122.98	On-Time	7.3	5	Loyal Customers
0659ee4a8b8b8da8337c94d35e423c74	2017-11-24	Sports Leisure	RS	Santo Angelo	105.0	17.98	122.98	On-Time	7.3	5	Loyal Customers
065a7d9057589f809082e012f696cb5d	2018-04-11	Auto	BA	Brumado	51.9	22.07	73.97	On-Time	21.4	3	Loyal Customers
065ac4b340bafd4f6bee041c63e10aef	2017-06-02	Housewares	RJ	Resende	16.99	15.1	32.09	On-Time	11.2	3	Lost / Hibernating
065b60cb1eb8ac3e010b81d60ab6a5a7	2018-04-15	Bed Bath Table	SP	Santa Barbara D'Oeste	189.9	13.23	203.13	On-Time	2.1	5	Potential Loyalists
065bc1a2569e7a22835b49f40208f394	2017-11-09	Musical Instruments	SP	Sorocaba	199.0	10.21	209.21	On-Time	4.1	4	About To Sleep
065be848b8cc9a907f12d443b2e4df7f	2017-10-15	Housewares	SP	Sao Paulo	69.9	13.08	82.98	On-Time	3.4	4	About To Sleep
065c05543ebdfd79fb629b2b4a6ab904	2018-03-20	Housewares	SP	Sao Paulo	88.5	12.52	101.02	On-Time		5	Promising Recent
065c76c0f11720ac66d53d0903f762b6	2018-03-27	Home Appliances	SP	Itapevi	208.95	46.92	255.87	On-Time	6.6	5	Potential Loyalists
065d4f458013cd9c9e716f8be1ca00d1	2017-11-05	Perfumery	RJ	Rio De Janeiro	59.9	8.27	68.17	On-Time	4.7	1	About To Sleep
065d7ca47199c0b027e288a77c59a167	2018-07-29	Housewares	MG	Betim	65.0	18.26	83.26	On-Time	5.9	4	New Customers
065d95bb9e6d5bbc0a5a2c40579b16e5	2018-05-08	Health Beauty	SP	Sao Paulo	95.0	7.53	102.53	On-Time	3.6	5	New Customers
065f2124da64e6bddb1120142f2ad73a	2018-04-05	Computers Accessories	PI	Teresina	517.99	107.87	625.86	On-Time	6.3	5	Potential Loyalists
065f2f78a7067e37f695bed618512704	2017-09-06	Health Beauty	SP	Sao Paulo	18.17	11.85	30.02	On-Time	7.2	4	Lost / Hibernating
065fb1ee0ec59ea0a68b3105a59a69ce	2018-01-24	Bed Bath Table	RJ	Conceicao De Macabu	84.44	19.83	104.27	On-Time	28.5	5	Promising Recent
0660b9ab6d1e2653ba4395a095e58cad	2018-02-27	Watches Gifts	SP	Ferraz De Vasconcelos	124.0	15.62	139.62	On-Time	20.9	1	Potential Loyalists
06613112cdd7761776322081835b1b96	2018-02-27	Consoles Games	SP	Jundiai	32.5	11.85	44.35	On-Time	10.2	3	Promising Recent
0661cdf16c55936467e8d8c561e50730	2018-08-12	Pet Shop	SP	Maua	5.99	7.39	13.38	On-Time	13.3	4	New Customers
0662642f8ec31225fd369ca4026cb610	2017-07-22	Perfumery	BA	Candido Sales	56.99	16.84	73.83	On-Time	19.8	1	Lost / Hibernating
0664199560952a51d76e1ccdadbd2cb7	2017-03-20	Bed Bath Table	SP	Sao Paulo	89.9	11.24	101.14	On-Time	7.7	2	At Risk
0665734cec5349770a82280c326abc2b	2018-01-17	Bed Bath Table	SP	Sao Paulo	39.9	11.73	51.63	On-Time	5.8	5	About To Sleep
06661c686ea79767c8ab8b8ffa3e62fd	2017-11-06	Furniture Decor	SP	Franco Da Rocha	39.9	13.37	53.27	On-Time	8.0	5	About To Sleep
0666806082c797ed8410aadc2e08f286	2017-06-29	Furniture Decor	SP	Mogi Mirim	59.9	11.92	71.82	On-Time	8.3	5	Loyal Customers
0667371275636232a05d55f2a8eada60	2018-07-08	Food	GO	Luziania	27.9	18.3	46.2	On-Time	15.5	4	New Customers
066772e2164fd7dbdff9ded585851352	2017-03-27	Furniture Decor	SP	Sao Paulo	31.99	15.56	47.55	On-Time	4.5	2	Lost / Hibernating
066772e2164fd7dbdff9ded585851352	2017-03-27	Furniture Decor	SP	Sao Paulo	31.99	15.56	47.55	On-Time	4.5	2	Lost / Hibernating
066783a7a5bfa25f21a22e17c7ec9137	2017-04-22	Telephony	DF	Brasilia	49.0	16.05	65.05	On-Time	16.0	1	Customers Needing Attention
0668d086b3ae41adde3aed3dacbc8fae	2018-07-03	Sports Leisure	CE	Sucesso	209.0	43.74	252.74	On-Time	23.1	5	Potential Loyalists
0668f439eec2e9edf7b24687cba7acd7	2017-11-30	Sports Leisure	RJ	Rio De Janeiro	149.9	14.8	164.7	On-Time	20.9	4	About To Sleep
06691ef50a126916cb2d45040258ee3c	2017-05-16	Furniture Decor	RJ	Rio De Janeiro	93.5	55.93	149.43	On-Time	6.7	5	Lost / Hibernating
066a60f7b0700a942ba22b627ebff13b	2018-07-17	Watches Gifts	RJ	Sao Jose De Uba	119.0	18.93	137.93	On-Time	13.8	4	Potential Loyalists
066bb47ddf11dd2a74faed2b3d4d53ea	2017-04-22	Health Beauty	ES	Vitoria	230.0	18.61	248.61	On-Time	17.6	4	Lost / Hibernating
066bcda20b88b5f4d4870b32a387f822	2018-07-30	Health Beauty	SP	Matao	185.0	19.4	204.4	On-Time	6.9	3	Potential Loyalists
066da535b01be4b26ca70864a62d92e1	2018-04-07	Baby	PA	Altamira	1106.99	54.19	1161.18	Delayed	45.0	1	Potential Loyalists
066daea9ca27bdce0b0ef5e832427b6d	2017-07-10	Sports Leisure	SP	Ribeirao Preto	29.49	11.85	41.34	On-Time	6.9	5	Lost / Hibernating
066debbd2c7642782a8fa6ec60fb6722	2017-12-04	Watches Gifts	PR	Figueira	75.0	15.28	90.28	On-Time	9.3	5	About To Sleep
066e2edfc5e388bb574fda4a61911b9c	2017-11-16	Food Drink	ES	Serra	48.9	18.59	67.49	On-Time	8.8	4	About To Sleep
066e583c1ef730d7f1685807bc618cf7	2017-05-28	Fashion Bags Accessories	MA	Sao Luis	39.9	21.15	61.05	On-Time	19.3	5	At Risk
066f62cf2a2ba7b1d0012bf6d4f5f0b3	2018-06-22	Auto	RS	Porto Alegre	27.9	18.3	46.2	On-Time	12.0	5	New Customers
066fbbe8fc3345df85f0f1dc2ad03bce	2018-01-04	Baby	SP	Campinas	26.9	14.1	41.0	On-Time	26.2	4	About To Sleep
066ff76c980db5a993df8048ff8fe60d	2018-05-31	Watches Gifts	SP	Rio Claro	78.0	7.41	85.41	On-Time	3.0	5	New Customers
0670e42d70788dc30446908644d4cd74	2018-02-22	Sports Leisure	RS	Bento Goncalves	59.9	15.17	75.07	On-Time	14.3	3	Potential Loyalists
0670e42d70788dc30446908644d4cd74	2018-02-22	Sports Leisure	RS	Bento Goncalves	59.9	15.17	75.07	On-Time	14.3	3	Potential Loyalists
06715eb38b73fdec38cd6db5aadc0214	2018-04-11	Industry Commerce And Business	SP	Barueri	78.0	13.45	91.45	On-Time	5.7	3	Promising Recent
0671b2e93cae091a55f24e5b33705550	2017-12-09	Furniture Decor	DF	Brasilia	39.9	18.89	58.79	On-Time	11.7	5	About To Sleep
0673ea591e7c9108ba7dc1a5246111a5	2017-03-27	Small Appliances	RJ	Niteroi	109.0	49.28	158.28	On-Time	8.9	5	Lost / Hibernating
067410a773ded180052ac522f139ab41	2018-01-04	Sports Leisure	SP	Jau	35.49	11.85	47.34	On-Time	8.9	5	About To Sleep
06743668e599a5ca8cfe58b46d058fc1	2018-08-10	Health Beauty	GO	Goiania	122.99	25.21	148.2	On-Time	12.4	5	Potential Loyalists
0675116b5556a78cf0413f70aa9f235e	2017-01-19	Bed Bath Table	SP	Rio Claro	79.9	11.95	91.85	On-Time	7.1	5	At Risk
067546963d2dc6275eb550df0482c460	2018-02-11	Perfumery	RJ	Mendes	13.99	15.1	29.09	On-Time	17.9	5	Promising Recent
067546963d2dc6275eb550df0482c460	2018-02-11	Perfumery	RJ	Mendes	13.99	15.1	29.09	On-Time	17.9	5	Promising Recent
0675ebb5c8a8506766f55599dd95c74c	2018-06-22	Sports Leisure	RS	Taquara	74.9	19.71	94.61	On-Time	11.2	5	New Customers
0678d595b99f7162722e241ea36f7512	2018-02-22	Electronics	RJ	Rio De Janeiro	17.9	16.79	34.69	Delayed	32.0	1	Promising Recent
0679f01b97036fd74d1ee72a23c45426	2017-03-03	Garden Tools	RJ	Marica	99.99	28.89	128.88	On-Time	10.8	4	Lost / Hibernating
067a8c6d7efd34e3595ef4bf1500c766	2018-01-28	Books General Interest	PR	Foz Do Iguacu	19.95	15.1	35.05	On-Time	8.2	5	Promising Recent
067bc1024a45f0e3cf23b724757e55e2	2017-05-19	Health Beauty	RJ	Rio De Janeiro	467.0	17.02	484.02	On-Time	5.6	5	Lost / Hibernating
067c29bb966641e04d1d7a924aa3157c	2017-10-02	Auto	MG	Espera Feliz	59.9	17.67	77.57	On-Time	9.0	5	About To Sleep
067c946a70abc2e1e8d9185ae309b48a	2017-07-07	Bed Bath Table	GO	Jatai	205.0	26.27	231.27	On-Time	10.4	3	Lost / Hibernating
067cdcc9257641b7d0ed7a49a466dd8d	2018-08-02	Baby	PE	Sao Lourenco Da Mata	85.99	22.88	108.87	On-Time	8.2	3	Potential Loyalists
067ce97888318cd8d89a45bcb4adc94b	2017-10-10	Bed Bath Table	RS	Alvorada	99.99	25.54	125.53	On-Time	10.1	5	About To Sleep
067d7f81fe42137dd925344dceb47d20	2018-01-25	Housewares	SP	Ribeirao Preto	69.9	13.51	83.41	On-Time	20.3	4	Promising Recent
067e0bf1a58a53c58a1e15f5143ae36e	2017-12-13	Health Beauty	RS	Sao Leopoldo	84.99	15.35	100.34	On-Time	12.6	5	About To Sleep
067f4abd68a2b1e0b8b158945a91680b	2018-01-24	Sports Leisure	MA	Sao Luis	69.9	44.34	114.24	Delayed	34.0	3	Potential Loyalists
067f9d27ecdd6f2af735e17be1b064ea	2018-02-25	Electronics	MG	Pedro Leopoldo	97.9	16.94	114.84	On-Time	10.8	3	Potential Loyalists
068027bd6fbd44e949cfb70acad89b55	2017-08-14	Perfumery	SP	Guarulhos	179.0	9.45	188.45	On-Time	1.2	5	Lost / Hibernating
0680b3722414028009984ae5c04c5df0	2017-06-06	Health Beauty	SP	Sao Paulo	219.99	9.73	229.72	On-Time	10.7	3	Lost / Hibernating
0681602384769af218b41f80e0808278	2018-01-22	Garden Tools	SP	Alvares Machado	49.9	13.37	63.27	On-Time	9.4	5	Promising Recent
068176c8a0550b07cddf7e05c8d55319	2018-01-13	Furniture Decor	RS	Porto Alegre	45.8	16.11	61.91	On-Time	22.0	3	About To Sleep
068176c8a0550b07cddf7e05c8d55319	2018-01-13	Furniture Decor	RS	Porto Alegre	45.8	16.11	61.91	On-Time	22.0	3	About To Sleep
0681ba84087325819dc1f41d4f79701d	2018-03-26	Electronics	SC	Joinville	13.65	18.23	31.88	On-Time	15.1	4	Promising Recent
068254dc0ecdb91d62f52c658b4dd09a	2018-04-04	Furniture Decor	RS	Imbe	31.0	19.32	50.32	On-Time	9.3	4	Potential Loyalists
068254dc0ecdb91d62f52c658b4dd09a	2018-04-04	Furniture Decor	RS	Imbe	31.0	19.32	50.32	On-Time	9.3	4	Potential Loyalists
068254dc0ecdb91d62f52c658b4dd09a	2018-04-04	Construction Tools Lights	RS	Imbe	39.99	19.32	59.31	On-Time	9.3	4	Potential Loyalists
068306f3ae87b774e579eb36d5714ced	2018-02-01	Garden Tools	PR	Maringa	120.0	50.71	170.71	On-Time	15.7	5	Potential Loyalists
06837ea96cf92f33a18a1f2c84c540c6	2017-11-12	Bed Bath Table	SP	Sao Paulo	219.9	18.25	238.15	On-Time	6.0	5	About To Sleep
0683849d0c0146afc4977ada6e86bc88	2018-02-20	Auto	MG	Contagem	19.9	15.1	35.0	On-Time	8.0	2	Promising Recent
0683ead91c16a3b8964141bd93ec4edd	2018-04-02	Bed Bath Table	SP	Guarulhos	74.9	12.43	87.33	On-Time	2.4	4	Promising Recent
06851487bfc68744f67fbc8ad1934d43	2017-09-24	Garden Tools	RJ	Santo Amaro De Campos	99.0	34.05	133.05	On-Time	10.3	5	About To Sleep
068687bed88cddd9705b861e5ff18fec	2018-05-08	Cool Stuff	SP	Vargem Grande Paulista	89.99	8.98	98.97	On-Time	2.4	5	New Customers
0686d4f89fdf2b3625aa705b7ed7ac95	2018-03-17	Toys	SP	Sao Paulo	59.9	14.51	74.41	Delayed	25.4	1	Promising Recent
06875ab72c5b9bb2eb303a70031bfeb0	2018-01-11	Fashion Bags Accessories	SP	Sao Jose Dos Campos	39.9	7.78	47.68	On-Time	4.0	4	About To Sleep
0689012a897b2ac50b37994d77898bc8	2017-03-08	Office Furniture	PR	Rolandia	269.9	95.87	365.77	On-Time		1	Lost / Hibernating
0689012a897b2ac50b37994d77898bc8	2017-03-08	Office Furniture	PR	Rolandia	269.9	95.87	365.77	On-Time		1	Lost / Hibernating
0689012a897b2ac50b37994d77898bc8	2017-03-08	Office Furniture	PR	Rolandia	269.9	95.87	365.77	On-Time		1	Lost / Hibernating
068b0c2c80a022b71db91e7f44f5917a	2017-03-03	Housewares	RJ	Rio De Janeiro	159.99	67.82	227.81	On-Time	16.5	5	Lost / Hibernating
068b6cedb09dad00249cb7fc310bc067	2018-05-12	Housewares	RJ	Rio De Janeiro	48.9	27.08	75.98	On-Time	10.7	5	Potential Loyalists
068b6cedb09dad00249cb7fc310bc067	2018-05-12	Housewares	RJ	Rio De Janeiro	48.9	27.08	75.98	On-Time	10.7	5	Potential Loyalists
068b7fef63e846d22b1080f9c99f2bd4	2018-01-08	Baby	RJ	Nova Friburgo	130.0	20.15	150.15	On-Time	17.3	5	About To Sleep
068bd285dca5547429e81de9e95ff9cf	2018-01-14	Sports Leisure	SP	Socorro	149.9	13.39	163.29	On-Time	16.7	5	About To Sleep
068c0507e1af74b156beee1db2deed7a	2017-06-26	Cool Stuff	MT	Tangara Da Serra	64.9	39.44	104.34	On-Time		4	Lost / Hibernating
068c06f0ea08ab32e127f87aafaa834d	2017-09-12	Bed Bath Table	RJ	Rio De Janeiro	99.9	17.95	117.85	On-Time	13.9	2	Lost / Hibernating
068d0d74dbf3b124a2b65bb2aad2387a	2017-08-10	Housewares	SP	Ribeirao Preto	149.9	21.54	171.44	On-Time	18.2	5	Lost / Hibernating
068d6b1cc2388cb0c5dcff8815760818	2018-07-16	Housewares	MS	Campo Grande	15.9	15.23	31.13	On-Time	9.4	5	New Customers
068d8eb8e288e07e76b3e86b4a793f31	2017-06-07	Perfumery	SP	Sao Jose Dos Campos	349.9	18.21	368.11	On-Time	11.5	5	Lost / Hibernating
068ded3b756569845d5ede597fe3b9d6	2017-06-04	Computers Accessories	MG	Pouso Alegre	39.9	12.48	52.38	On-Time	4.8	5	Lost / Hibernating
068e67bb959e282e8d5a3191c5e130ab	2017-06-03	Bed Bath Table	SP	Rio Claro	69.9	16.25	86.15	On-Time	10.2	5	Lost / Hibernating
068ef03abe39323450b52f486b34bf3d	2018-06-25	Furniture Decor	SP	Vargem Grande Paulista	67.0	9.78	76.78	On-Time	2.9	4	New Customers
0690b2d9b983cf580f407531575622c5	2018-05-09	Furniture Decor	RJ	Nova Friburgo	44.0	19.32	63.32	Delayed	33.1	1	Potential Loyalists
0690b2d9b983cf580f407531575622c5	2018-05-09	Furniture Decor	RJ	Nova Friburgo	44.0	19.32	63.32	Delayed	33.1	1	Potential Loyalists
06911dcbbf2310bd9da4156fd3abb632	2017-09-27	Sports Leisure	SP	Santa Barbara D'Oeste	148.0	14.06	162.06	On-Time	8.2	5	About To Sleep
06914a88cb181e922cc58fed3d198c98	2018-08-27	Auto	SP	Guarulhos	159.0	16.41	175.41	On-Time	1.9	5	Potential Loyalists
0691511b757c6190f85d5c20481ddae1	2018-07-17	Health Beauty	SP	Cacapava	199.0	18.52	217.52	On-Time		4	New Customers
0691811195a83594b0377267a8050e6f	2017-07-02	Home Appliances 2	SP	Sao Paulo	89.99	15.38	105.37	On-Time	4.8	5	Lost / Hibernating
0691840826e5dce3ddfb305ab26bcfab	2017-03-10	Furniture Decor	SP	Barueri	89.18	12.01	101.19	On-Time	10.8	5	At Risk
0692bac30867d1bf96c14aadbff1cf17	2017-09-09	Musical Instruments	SP	Sao Paulo	35.0	8.72	43.72	On-Time	3.8	5	Lost / Hibernating
0693609f9dc1b3f7d53a9772e54975f2	2017-04-19	Sports Leisure	DF	Brasilia	65.9	18.7	84.6	On-Time	16.6	5	Lost / Hibernating
069370014d6465fb28770cd9449402c5	2017-11-21	Toys	DF	Brasilia	25.27	16.11	41.38	Delayed	30.9	1	Customers Needing Attention
0693ed674763a4fc34e2c763c7fd25c2	2017-07-03	Furniture Decor	RJ	Nova Iguacu	99.8	10.06	109.86	On-Time	8.7	1	Lost / Hibernating
0693ed674763a4fc34e2c763c7fd25c2	2017-07-03	Furniture Decor	RJ	Nova Iguacu	99.8	10.06	109.86	On-Time	8.7	1	Lost / Hibernating
0693ed674763a4fc34e2c763c7fd25c2	2017-07-03	Furniture Decor	RJ	Nova Iguacu	188.48	22.98	211.46	On-Time	8.7	1	Lost / Hibernating
0693ed674763a4fc34e2c763c7fd25c2	2017-07-03	Furniture Decor	RJ	Nova Iguacu	188.48	22.98	211.46	On-Time	8.7	1	Lost / Hibernating
069448c08929653f9280f77f9d746ee1	2018-06-29	Sports Leisure	SP	Itu	69.9	17.62	87.52	On-Time	7.0	4	New Customers
0694819ba6eedfe7b88c187ecb440a9c	2018-02-20	Housewares	RJ	Rio De Janeiro	189.9	16.09	205.99	On-Time	15.4	5	Potential Loyalists
069514f19868af8a75ebe98f43d33900	2018-03-26	Health Beauty	AL	Penedo	61.99	37.12	99.11	Delayed	32.3	5	Promising Recent
0695bd018cbf6e999fad4c321b32d26d	2018-07-13	Consoles Games	MG	Bom Sucesso	39.9	20.99	60.89	On-Time	10.1	5	New Customers
06970f3ad11e6267192d7d98af40a8f5	2017-11-27	Fashion Bags Accessories	SP	Bauru	89.0	15.37	104.37	On-Time	8.9	5	About To Sleep
069872f35a2ed2d455f9b64e914dd4bd	2018-03-03	Housewares	GO	Goiania	49.95	22.67	72.62	On-Time	10.9	5	Promising Recent
069b0c9fca582b429e998f512a4c898f	2017-11-29	Furniture Decor	MG	Ipuiuna	169.9	18.44	188.34	Delayed	36.0	3	About To Sleep
069ba523744cdda8bdd148d748540487	2017-06-11	Fashion Bags Accessories	DF	Brasilia	23.2	41.01	64.21	On-Time	8.0	5	Lost / Hibernating
069ba523744cdda8bdd148d748540487	2017-06-11	Fashion Bags Accessories	DF	Brasilia	23.2	10.25	33.45	On-Time	8.0	5	Lost / Hibernating
069d3deb0a2f7dec8447aa0140aea178	2017-07-08	Bed Bath Table	RJ	Rio De Janeiro	69.9	19.73	89.63	On-Time	15.8	5	Lost / Hibernating
069d921a767dfeb76fb4a7f39bc4217c	2018-07-05	Office Furniture	SP	Sao Paulo	144.9	13.31	158.21	On-Time	6.1	4	Potential Loyalists
06a02b60d897c8f12fb3287e9de120e3	2018-08-14	Watches Gifts	MG	Vicosa	65.0	18.56	83.56	On-Time	5.9	1	New Customers
06a02ea4efeed60e7e8e29a50d4bedaf	2018-01-06	Furniture Decor	SC	Balneario Camboriu	119.99	21.33	141.32	On-Time	11.2	5	About To Sleep
06a05e46d787299f6277bfcb590f2ef5	2018-01-10	Sports Leisure	SP	Campinas	100.8	58.9	159.7	Delayed	23.6	1	About To Sleep
06a07c0ad4e1811f48e86d2c56c7b705	2017-09-10	Sports Leisure	SP	Jundiai	205.0	14.45	219.45	On-Time	8.4	5	Lost / Hibernating
06a10466a6e3befcdcb37637948fea4a	2017-12-07	Books General Interest	RN	Natal	34.0	8.27	42.27	On-Time	4.3	5	About To Sleep
06a10466a6e3befcdcb37637948fea4a	2017-12-07	Books General Interest	RN	Natal	34.0	8.27	42.27	On-Time	4.3	5	About To Sleep
06a1b81d611c5616272de7c53c41472e	2018-02-11	Construction Tools Construction	SP	Sao Bernardo Do Campo	108.9	10.18	119.08	Delayed	16.9	3	Potential Loyalists
06a1cb50e0911f3b04b4f43fc7beb5a7	2018-08-20	Perfumery	SP	Sao Paulo	39.9	19.19	59.09	Delayed	8.5	5	New Customers
06a31d324c43e3350e4a83fb663c151a	2018-07-04	Bed Bath Table	BA	Alagoinhas	124.9	27.82	152.72	On-Time	20.2	5	Potential Loyalists
06a398a5e672222b10f098541b70da76	2018-08-09	Baby	CE	Fortaleza	65.0	27.23	92.23	On-Time	15.8	5	New Customers
06a3bd42be69cdf39cd785d311b54a45	2017-09-19	Fashion Bags Accessories	SP	Campinas	149.9	15.8	165.7	On-Time	7.2	5	About To Sleep
06a521049a08d59361b1ae229b3efcc7	2017-07-07	Cool Stuff	SP	Cachoeira Paulista	99.99	13.72	113.71	On-Time	5.9	4	Lost / Hibernating
06a55b1772ae6b58d1483030c97629ae	2018-03-02	Bed Bath Table	MG	Belo Horizonte	69.9	17.74	87.64	On-Time	11.2	3	Promising Recent
06a63f38cc8f4de325c456f6843c7ff0	2018-03-23	Computers Accessories	RJ	Nova Iguacu	53.99	15.26	69.25	On-Time	10.3	5	Promising Recent
06a6627d9cc91a04e9d146bf65fee0a2	2017-07-16	Bed Bath Table	SP	Mairipora	99.9	13.72	113.62	On-Time	5.4	4	Lost / Hibernating
06a702a3caf8f33af30200f804d877ec	2018-03-21	Sports Leisure	RS	Porto Alegre	76.9	18.42	95.32	On-Time	13.5	5	Potential Loyalists
06a702a3caf8f33af30200f804d877ec	2018-03-21	Sports Leisure	RS	Porto Alegre	76.9	18.42	95.32	On-Time	13.5	5	Potential Loyalists
06a77bcbebf5a85ba493f627e03980d6	2017-03-27	Furniture Decor	MG	Lavras	299.0	24.38	323.38	On-Time	10.8	4	Lost / Hibernating
06a7cc29c9ea73fb0e7d4dc3d9284a76	2017-11-24	Home Construction	SP	Santo Andre	39.9	13.37	53.27	On-Time	7.9	1	About To Sleep
06a7f7a7fc6a846c853dd6f52a81be06	2017-02-12	Stationery	SP	Santa Fe Do Sul	14.2	10.96	25.16	On-Time	2.7	5	Lost / Hibernating
06a84b737d3839803dfc2e1a7e740d2c	2018-01-31	Christmas Supplies	BA	Pindobacu	79.9	29.6	109.5	On-Time	19.1	5	Potential Loyalists
06a9ff8c19b2d371a45c48568283929b	2018-02-05	Bed Bath Table	BA	Salvador	32.2	16.92	49.12	On-Time	10.3	5	Promising Recent
06aa0aa8c22027ebb953d501c4238512	2018-04-25	Bed Bath Table	SP	Sao Paulo	69.9	8.88	78.78	On-Time	1.9	4	Promising Recent
06ab29b4849c4417bdac17b1e8a6e482	2018-01-09	Electronics	SP	Piracicaba	97.9	11.89	109.79	On-Time	2.3	5	About To Sleep
06ac7ebfcfa33f6656f031deaaf74a05	2018-03-16	Pet Shop	SP	Florida Paulista	147.9	13.48	161.38	On-Time	10.8	4	Potential Loyalists
06ad94997dd34a7c2186b82d8e9be6a5	2017-06-15	Bed Bath Table	BA	Salvador	59.9	16.86	76.76	On-Time	27.2	5	Lost / Hibernating
06adc78b559bb5077b7748618fb45c17	2017-08-31	Consoles Games	PR	Curitiba	105.99	14.49	120.48	On-Time	6.4	5	Lost / Hibernating
06addb9b5cc9c47e661a6eed12276418	2018-02-25	Garden Tools	AL	Maceio	179.0	81.42	260.42	Delayed	32.4	2	Potential Loyalists
06ae350afd844b7e1dc14f9322504baf	2017-07-09	Bed Bath Table	PE	Recife	24.9	25.63	50.53	On-Time	26.2	4	Lost / Hibernating
06ae7271902bbb087fc093137fee6e81	2018-01-19	Stationery	RJ	Sao Goncalo	79.0	17.8	96.8	On-Time	31.9	5	About To Sleep
06aea78197dd41a649372acb8dbc33fb	2017-10-03	Housewares	SP	Sao Paulo	34.2	11.73	45.93	On-Time	10.5	5	About To Sleep
06afc1144eb9f51ef2aa90ec9223c7f4	2018-08-15	Bed Bath Table	SC	Sao Jose Do Cedro	129.9	23.71	153.61	On-Time	9.2	3	Potential Loyalists
06afc1144eb9f51ef2aa90ec9223c7f4	2018-08-15	Bed Bath Table	SC	Sao Jose Do Cedro	129.9	23.71	153.61	On-Time	9.2	3	Potential Loyalists
06b0687cad7d69a9dc347dccb3cbe169	2018-02-02	Furniture Decor	SP	Sao Paulo	45.9	15.98	61.88	On-Time	11.9	5	Promising Recent
06b0e5a0e09e97a92ab2614c36c4bea6	2018-05-03	Housewares	RJ	Rio De Janeiro	125.0	21.95	146.95	On-Time	6.4	4	Potential Loyalists
06b196454b51b7191c7e2eb44ea77717	2017-11-24	Sports Leisure	SC	Balneario Gaivota	23.4	15.1	38.5	On-Time	25.8	1	About To Sleep
06b29dbcb820a53c15525933a91ada27	2017-10-16	Computers Accessories	SP	Osasco	96.99	13.7	110.69	On-Time	3.0	5	About To Sleep
06b2c7035561ef12b16045ef4bf459e2	2017-07-05	Housewares	SC	Forquilhinha	52.9	15.12	68.02	On-Time	7.4	5	At Risk
06b2c7035561ef12b16045ef4bf459e2	2017-07-05	Housewares	SC	Forquilhinha	52.9	15.12	68.02	On-Time	7.4	5	At Risk
06b39bf7a5569f632e2ba8b3bb03498f	2017-10-20	Construction Tools Safety	SP	Santo Anastacio	160.0	18.69	178.69	On-Time	7.3	4	About To Sleep
06b491ece3a9bd260341c1ad36870e8b	2017-06-01	Electronics	RJ	Queimados	14.9	16.79	31.69	On-Time	10.7	5	Lost / Hibernating
06b54aee2ec1ca4bd7a460c7d256cce1	2018-04-17	Electronics	MG	Varginha	29.1	26.43	55.53	On-Time	15.2	3	Promising Recent
06b5d30491b14242caca6d7090f29771	2018-06-07	Electronics	RJ	Rio De Janeiro	14.89	17.06	31.95	On-Time	11.4	1	New Customers
06b6cf307813747b1a6aa2c381dbe32f	2018-02-27	Sports Leisure	SP	Sao Paulo	93.49	14.05	107.54	On-Time	2.3	3	Potential Loyalists
06b709d62777971bc95e6c32886f3ddc	2018-04-20	Construction Tools Construction	RJ	Rio De Janeiro	159.9	31.77	191.67	On-Time	14.0	1	Potential Loyalists
06b7229726fb71407516395c69b6172a	2018-07-31	Computers Accessories	RJ	Macae	65.9	22.39	88.29	On-Time	14.5	1	New Customers
06b7df1d1d3dd3e36628fc7078908592	2018-04-28	Sports Leisure	SP	Sao Paulo	191.0	9.63	200.63	On-Time	6.4	5	Potential Loyalists
06b8cdbbc86d64ea69af76036c523827	2018-07-19	Small Appliances	SP	Santos	22.9	7.42	30.32	On-Time	1.6	5	Potential Loyalists
06b8cdbbc86d64ea69af76036c523827	2018-07-19	Small Appliances	SP	Santos	22.9	7.42	30.32	On-Time	1.6	5	Potential Loyalists
06b8cdbbc86d64ea69af76036c523827	2018-07-19	Small Appliances	SP	Santos	22.9	7.42	30.32	On-Time	1.6	5	Potential Loyalists
06b8cdbbc86d64ea69af76036c523827	2018-07-19	Small Appliances	SP	Santos	22.9	7.42	30.32	On-Time	1.6	5	Potential Loyalists
06b8cdbbc86d64ea69af76036c523827	2018-07-19	Small Appliances	SP	Santos	22.9	7.42	30.32	On-Time	1.6	5	Potential Loyalists
06b8cdbbc86d64ea69af76036c523827	2018-07-19	Small Appliances	SP	Santos	22.9	7.42	30.32	On-Time	1.6	5	Potential Loyalists
06b92ba9145c3323e26ec7e27b35375f	2018-01-21	Furniture Decor	SP	Osasco	83.9	13.61	97.51	On-Time	7.9	4	Promising Recent
06ba77893723a9357f7e681bf336fb2c	2018-07-18	Computers Accessories	PA	Belem	44.99	19.23	64.22	On-Time	12.5	5	New Customers
06ba8c77c2419a72756b5660b04e3188	2018-08-14	Computers Accessories	MA	Santa Helena	179.9	51.98	231.88	On-Time	15.3	3	Potential Loyalists
06ba91cdc30ac6c7181e933cf2135932	2017-12-04	Home Appliances 2	RJ	Niteroi	206.9	34.81	241.71	On-Time	22.8	3	About To Sleep
06bad3a130e91f7b26791dba22abc0f5	2018-02-09	Housewares	MG	Santa Cruz De Salinas	165.0	17.63	182.63	Delayed	45.0	5	Potential Loyalists
06bafdd8b6d0b5befb44337a7674a1ec	2018-02-10	Sports Leisure	SP	Artur Nogueira	79.0	12.05	91.05	On-Time	11.1	3	Promising Recent
06bb67936cfa5ac3f449e4f6733de4b1	2018-06-10	Bed Bath Table	GO	Goiania	69.9	20.22	90.12	On-Time	7.9	2	New Customers
06bc7036f4e52afa8213176211d6ebba	2018-08-07	Perfumery	DF	Brasilia	79.9	15.66	95.56	On-Time	4.0	5	New Customers
06bcb1eee2b6edb6351525274d3246f3	2018-01-04	Bed Bath Table	SP	Sao Paulo	76.5	12.88	89.38	On-Time	8.1	3	About To Sleep
06bd462509d378184b5aedc7d5ab4a18	2017-11-15	Bed Bath Table	RJ	Campos Dos Goytacazes	135.0	18.2	153.2	On-Time	19.1	4	About To Sleep
06bd4e8d281ae8780eadabe2f8886368	2018-08-15	Home Appliances	PR	Coronel Vivida	99.0	18.79	117.79	On-Time	6.4	5	Potential Loyalists
06be68018b6226b425f2a633f053b282	2018-01-14	Bed Bath Table	SC	Blumenau	159.0	21.6	180.6	On-Time	17.2	4	About To Sleep
06be68018b6226b425f2a633f053b282	2018-01-14	Bed Bath Table	SC	Blumenau	159.0	21.6	180.6	On-Time	17.2	4	About To Sleep
06be8b2c2a6e818814aa5416c3512ca3	2018-07-23	Telephony	RS	Sao Leopoldo	27.99	15.3	43.29	On-Time	6.6	3	Champions
06c04e62348d799e4c410955a5b5ac54	2018-05-16	Auto	MG	Corinto	79.9	19.53	99.43	On-Time	6.3	5	New Customers
06c07d5b2696b9631375e2877c955b3b	2017-11-06	Garden Tools	SP	Cotia	99.0	33.08	132.08	On-Time	7.1	4	About To Sleep
06c0d448cbbe294852cab1310c63ab3b	2018-04-22	Bed Bath Table	PR	Sao Jose Dos Pinhais	149.9	22.27	172.17	On-Time	3.0	1	Loyal Customers
06c0d448cbbe294852cab1310c63ab3b	2018-04-22	Bed Bath Table	PR	Sao Jose Dos Pinhais	189.9	22.27	212.17	On-Time	3.0	1	Loyal Customers
06c1184eaca6e3877347f38cfe926100	2017-11-28	Furniture Decor	SP	Santos	250.0	28.19	278.19	Delayed	16.1	1	About To Sleep
06c17d1278ee3d265f881df4a58f11d3	2018-08-14	Housewares	RS	Santana Do Livramento	24.2	56.65	80.85	On-Time	14.3	5	New Customers
06c28b87569a91a7c96e7f62e828827b	2017-07-24	Furniture Bedroom	SP	Valinhos	480.0	31.74	511.74	On-Time	3.9	5	Lost / Hibernating
06c2f55902daa48386515225a766e7d1	2017-12-08	Toys	SP	Franca	99.9	16.46	116.36	On-Time	19.1	1	About To Sleep
06c31507077733735c9c4593fec6e386	2018-01-08	Pet Shop	SP	Sao Paulo	79.99	14.31	94.3	On-Time	8.3	5	About To Sleep
06c4d1be000d2b0d30d56ff06dab667d	2018-02-08	Housewares	SP	Sao Paulo	18.95	12.48	31.43	On-Time	14.1	5	Promising Recent
06c5e0b010707e400bcc627771a27226	2018-03-26	Perfumery	RJ	Sumidouro	119.7	14.78	134.48	Delayed	17.3	5	Potential Loyalists
06c5eb90406de0ba873e721e9182ecfd	2018-06-12	Bed Bath Table	PR	Londrina	299.0	43.07	342.07	On-Time	7.4	5	Potential Loyalists
06c6a92df74580db95364b36aeb8f5b9	2017-05-17	Garden Tools	SC	Cacador	34.99	12.6	47.59	On-Time	8.7	4	Lost / Hibernating
06c7208cefd133b492daeccba355ab99	2018-03-27	Auto	SP	Sao Paulo	32.99	17.06	50.05	On-Time	6.2	5	Promising Recent
06c82be9b8551eb37a9b8e7e05dec631	2017-07-11	Computers Accessories	PR	Palotina	83.99	16.35	100.34	On-Time	21.1	5	Lost / Hibernating
06c8b01414c769ebb36a9cd0fdb97baf	2018-01-25	Toys	SP	Sao Paulo	79.9	9.37	89.27	On-Time	6.0	3	Promising Recent
06c94a45382f44abb2968a87bcee9bcf	2017-12-10	Unknown	MG	Belo Horizonte	122.99	14.61	137.6	On-Time	9.9	5	About To Sleep
06c9818464bb97d2f13568dd66e904a9	2018-02-16	Agro Industry And Commerce	SP	Sao Paulo	549.0	21.56	570.56	On-Time	4.6	3	Potential Loyalists
06c9d7fdab61bfa60de3edd9ec99a28b	2018-04-03	Auto	PR	Ponta Grossa	139.99	23.56	163.55	On-Time	10.4	5	Loyal Customers
06ca213ef85421d96ee0fe529d0f5885	2017-07-11	Toys	RJ	Rio De Janeiro	45.0	16.11	61.11	On-Time	7.1	5	Lost / Hibernating
06ca6a54b34081bd1f5b84385021ac78	2017-10-27	Furniture Decor	SP	Indaiatuba	89.9	11.83	101.73	On-Time	5.4	4	About To Sleep
06caf4b0e55d9bc015a91fa77432a1cb	2017-03-11	Telephony	DF	Brasilia	25.0	15.65	40.65	On-Time	10.0	5	Lost / Hibernating
06cbf106e272a3ec4e936665d4489591	2017-11-29	Audio	SC	Sao Jose	190.9	16.09	206.99	On-Time	22.1	5	About To Sleep
06cc09320698aa17c751e20ac00ba7af	2018-01-05	Office Furniture	PR	Curitiba	61.5	13.58	75.08	On-Time	7.2	5	About To Sleep
06cc5452c0a830d345b93a5385ee310e	2018-07-24	Auto	SP	Carapicuiba	7.99	7.39	15.38	On-Time	3.6	5	New Customers
06cc571b0a86a28fa19139270e4d3aea	2018-04-11	Electronics	RS	Vila Langaro	13.65	18.23	31.88	On-Time	14.1	5	Promising Recent
06cd82bdf375dc9782609dad1a1d1d0b	2018-02-21	Computers Accessories	MG	Jequitiba	197.0	14.4	211.4	On-Time	5.3	3	Potential Loyalists
06cd9d207dfbdde70cff4074b5b3dfaf	2018-06-04	Luggage Accessories	RJ	Nilopolis	77.1	23.12	100.22	On-Time	14.4	5	Champions
06d1315b8f0db57ee04b47b21db6626c	2018-07-15	Watches Gifts	SP	Ribeirao Preto	155.97	13.75	169.72	On-Time	12.0	5	Potential Loyalists
06d4759251d186697714a0c1a3fccb0c	2018-08-16	Telephony	RJ	Itaborai	199.0	21.66	220.66	On-Time	12.3	4	Potential Loyalists
06d5cbe68295558fd6c48998db3ea397	2018-03-27	Housewares	SP	Sao Paulo	39.0	4.9	43.9	On-Time	2.2	5	Champions
06d5cbe68295558fd6c48998db3ea397	2018-03-27	Housewares	SP	Sao Paulo	33.0	12.24	45.24	On-Time	2.2	5	Champions
06d5cbe68295558fd6c48998db3ea397	2018-03-27	Food Drink	SP	Sao Paulo	51.0	12.48	63.48	On-Time	2.2	5	Champions
06d614f169d6f1a04c85b382d4bd462c	2017-11-24	Perfumery	MG	Juiz De Fora	359.9	14.52	374.42	On-Time	5.4	5	About To Sleep
06d68cf3fe78e8d27c1047fe0346abc4	2017-07-19	Bed Bath Table	SP	Sao Paulo	59.9	9.94	69.84	On-Time	5.4	5	Lost / Hibernating
06d6b5a626ba890f56dae296e1384f75	2018-02-05	Health Beauty	RS	Panambi	150.0	15.8	165.8	On-Time	18.1	5	Potential Loyalists
06d6f2f9ce499ed49d414ff36f583abf	2018-08-16	Sports Leisure	SP	Sao Paulo	134.99	23.75	158.74	On-Time	7.3	1	Potential Loyalists
06d6f2f9ce499ed49d414ff36f583abf	2018-08-16	Sports Leisure	SP	Sao Paulo	134.99	23.75	158.74	On-Time	7.3	1	Potential Loyalists
06d74ea6a80deeb7e69a3b1d5bfb9585	2017-08-27	Bed Bath Table	SP	Santo Andre	99.9	17.95	117.85	On-Time	8.2	1	Lost / Hibernating
06d77e4ba21f283252286b6a72fb8fe2	2018-07-06	Housewares	SP	Caieiras	78.0	18.35	96.35	On-Time	3.7	5	New Customers
06d7e8a85f5cfef576c5303ed7d7f2e5	2016-10-07	Cool Stuff	MG	Coromandel	49.0	14.72	63.72	On-Time	12.3	4	Lost / Hibernating
06d7e8cde0488b6d0b67852d2295368e	2017-11-30	Housewares	SP	Sao Paulo	49.9	9.34	59.24	On-Time	9.8	5	About To Sleep
06d7e8cde0488b6d0b67852d2295368e	2017-11-30	Housewares	SP	Sao Paulo	49.9	9.34	59.24	On-Time	9.8	5	About To Sleep
06d8cb692ed19b092adaaf5337d01a39	2018-08-03	Bed Bath Table	MG	Belo Horizonte	199.9	27.7	227.6	On-Time	7.3	4	Potential Loyalists
06d991e11738ba4a916a39cafdc75bff	2018-02-28	Health Beauty	MT	Cuiaba	535.9	37.55	573.45	On-Time	19.6	5	Potential Loyalists
06d9e69034388abf6da64378e10737b8	2018-07-30	Bed Bath Table	BA	Ilheus	100.0	23.85	123.85	On-Time	10.5	3	Potential Loyalists
06d9e69034388abf6da64378e10737b8	2018-07-30	Bed Bath Table	BA	Ilheus	100.0	23.85	123.85	On-Time	10.5	3	Potential Loyalists
06da8e499e3e6c47151b945f8c9eaab3	2017-06-28	Air Conditioning	RJ	Rio De Janeiro	799.95	20.67	820.62	On-Time	5.9	5	Lost / Hibernating
06daa9224cad114ece451ff00c20d49f	2018-08-19	Food	SP	Sao Paulo	80.9	8.73	89.63	On-Time	2.3	5	New Customers
06db57a9e774a7fbdb7c8ee188baef65	2017-10-17	Perfumery	SC	Jaragua Do Sul	56.99	15.15	72.14	On-Time	7.1	5	About To Sleep
06dc4c865466794eb744032dc81b2c3f	2017-04-24	Consoles Games	RJ	Miguel Pereira	99.99	14.87	114.86	On-Time	10.7	5	Lost / Hibernating
06de165212eea16e848d38f4392d5c11	2017-06-19	Computers Accessories	GO	Luziania	19.9	15.1	35.0	On-Time	8.9	5	Loyal Customers
06debbd4d40f6d36dc28c4f7dc647c1b	2018-04-03	Toys	SP	Sao Bernardo Do Campo	129.9	18.49	148.39	On-Time	7.7	5	Potential Loyalists
06dec2690e0cd75d327646a81fdba74d	2017-01-29	Perfumery	SP	Registro	309.9	18.0	327.9	On-Time	17.0	5	Lost / Hibernating
06e084d4ca3391eeec0a110051d0cb29	2017-10-17	Cool Stuff	PE	Recife	79.9	27.1	107.0	On-Time	19.9	5	About To Sleep
06e15cff14f4bc72fac07dd6e6518113	2017-12-21	Housewares	SP	Ribeirao Preto	39.0	12.69	51.69	On-Time	5.8	5	About To Sleep
06e168d9ebbe911b7113e44536929f11	2018-01-03	Stationery	RJ	Rio De Janeiro	125.0	49.4	174.4	On-Time	20.1	5	About To Sleep
06e30282882c8f52575603b55ed877ce	2018-05-18	Housewares	SP	Sao Paulo	79.9	19.53	99.43	On-Time	17.9	5	New Customers
06e4e324b83309e575442446e34377d7	2017-06-21	Luggage Accessories	SP	Piracicaba	99.9	22.7	122.6	On-Time	5.7	5	Lost / Hibernating
06e72b5b111756079f63cf67445db61a	2017-06-18	Unknown	SP	Paulinia	39.9	8.72	48.62	On-Time	3.8	4	Lost / Hibernating
06e83e2884ecfcff09067ddaef752b49	2017-11-27	Baby	RS	Gravatai	109.9	17.02	126.92	On-Time	14.0	5	About To Sleep
06e93d3bf0469b969d3eb95a8d55d68f	2018-02-19	Bed Bath Table	SP	Sao Paulo	115.0	9.62	124.62	On-Time	1.4	4	Potential Loyalists
06eb87385425e5797a1a5c2cdb1b6559	2017-09-01	Bed Bath Table	DF	Brasilia	199.9	26.24	226.14	On-Time	14.0	3	Lost / Hibernating
06ebe0964f3c6ad099d9117fb1e66980	2017-10-16	Cool Stuff	MG	Patos De Minas	239.99	22.17	262.16	On-Time	6.9	5	About To Sleep
06ec25371486403c9aa7249f067fc5aa	2018-03-16	Toys	RJ	Vassouras	119.99	26.92	146.91	On-Time	6.0	5	Potential Loyalists
06ecfa8dfae87263e05d953aa561603d	2018-08-15	Auto	SC	Sao Bento Do Sul	107.9	23.56	131.46	On-Time	6.3	5	Champions
06ed17679c8b0ff15675069ab6217783	2017-05-28	Perfumery	SP	Sao Paulo	169.0	8.44	177.44	On-Time	6.0	4	Lost / Hibernating
06eda05597492635e3b91e00aa434332	2017-05-22	Sports Leisure	DF	Brasilia	199.99	16.15	216.14	On-Time	9.6	5	Lost / Hibernating
06eed67b7a87cac349143f3319c2b9fe	2018-08-10	Auto	PB	Caldas Brandao	139.0	53.32	192.32	On-Time	14.4	4	Potential Loyalists
06ef029fb5e8d178fae15f909432ccc7	2018-05-11	Furniture Decor	RJ	Niteroi	19.5	15.23	34.73	On-Time	7.0	5	New Customers
06ef1c484cc535575da1724b5c6b913a	2018-04-07	Home Appliances	RJ	Rio De Janeiro	18.45	18.23	36.68	Delayed	37.3	1	Promising Recent
06efe66e043ee5d43f8d6edcba44d653	2018-02-04	Housewares	RS	Porto Alegre	50.0	14.1	64.1	On-Time	14.3	4	Promising Recent
06f0522e3c0dd8f8ea7a738176844f04	2018-06-22	Auto	SP	Maua	58.9	14.72	73.62	On-Time	7.1	5	New Customers
06f0ad130c4b691011f1a12a33649a2b	2018-03-24	Toys	SP	Sao Paulo	89.9	7.49	97.39	On-Time	4.3	1	Promising Recent
06f157e2c7fe91f2e7ae8d344c6fd456	2017-08-26	Stationery	SP	Itapevi	179.0	14.27	193.27	On-Time	4.7	5	Lost / Hibernating
06f2e7e5aa8764a77b596c6eb6d56fd6	2017-10-11	Sports Leisure	MG	Bonito De Minas	99.99	15.45	115.44	On-Time	26.2	4	About To Sleep
06f3401b97e4d89032cbd5ac7670247c	2018-04-26	Furniture Decor	SP	Brodowski	148.0	23.62	171.62	On-Time	12.8	5	Potential Loyalists
06f38dfd220e723c33a775d36f5d2756	2018-07-02	Furniture Decor	RJ	Petropolis	299.99	29.05	329.04	On-Time	3.5	3	Potential Loyalists
06f39c67a9d68f76a8bfdb092852829f	2018-07-04	Sports Leisure	MG	Acaiaca	135.0	27.9	162.9	On-Time	5.1	5	Potential Loyalists
06f40352396b73ac65b6a2059d70441c	2018-02-12	Computers Accessories	SP	Sao Paulo	95.15	12.8	107.95	On-Time	9.9	4	Potential Loyalists
06f4b63a078dd3d2ca46e379c2ab419e	2017-06-23	Computers Accessories	SP	Sumare	49.9	8.27	58.17	On-Time	3.9	4	Lost / Hibernating
06f4be78b76ba6a42605efa4ce7544d7	2017-02-07	Office Furniture	RJ	Nova Iguacu	136.97	31.7	168.67	On-Time	16.9	5	Lost / Hibernating
06f539e73d3a46feae1fa4667cc82f98	2018-01-27	Watches Gifts	SP	Piracicaba	49.0	7.78	56.78	On-Time	4.3	2	Promising Recent
06f544e5c7afe6215b9e2a26b4f08442	2018-04-12	Auto	GO	Aparecida De Goiania	117.3	21.73	139.03	On-Time	12.3	5	Potential Loyalists
06f5f6139b33f53defc64643f1252d53	2017-01-17	Perfumery	SC	Blumenau	44.9	15.56	60.46	On-Time	13.0	5	Lost / Hibernating
06f66faa834248ccd67fa52058285d27	2018-08-08	Fashion Bags Accessories	SP	Itu	29.9	18.31	48.21	On-Time	4.7	4	New Customers
06f69fec6e098f6350cefea19ca51ff4	2018-07-05	Bed Bath Table	DF	Brasilia	79.9	23.36	103.26	On-Time	5.3	5	New Customers
06f8ee6a5ff26786c382b4fcf5b8ebe7	2018-01-31	Bed Bath Table	RJ	Rio De Janeiro	121.97	17.1	139.07	On-Time	6.6	3	Potential Loyalists
06f9b3a828a976a2fca71a4ebf55b1b2	2017-12-04	Telephony	RJ	Niteroi	39.99	14.1	54.09	On-Time	11.2	5	About To Sleep
06fa245bf2ac2f602be83224fc55ae39	2017-06-15	Garden Tools	MG	Conselheiro Pena	65.9	16.22	82.12	On-Time	11.8	5	Lost / Hibernating
06fa97ae36cda18a1e8ea370f3f2edf7	2017-12-07	Sports Leisure	MG	Belo Horizonte	49.9	14.1	64.0	On-Time	13.9	4	About To Sleep
06fc554a38ed6385ac2b121049b5cad5	2018-06-26	Housewares	SP	Atibaia	35.0	8.41	43.41	On-Time	3.1	1	New Customers
06fec3f6e9e72edb698e63c30a8f027f	2018-06-14	Bed Bath Table	AL	Maceio	79.9	57.33	137.23	On-Time	26.4	2	Potential Loyalists
06fef28288938378d269904800db589f	2018-08-22	Garden Tools	SP	Bauru	99.99	44.5	144.49	On-Time	7.3	5	Potential Loyalists
06fef7fd666bfeff415e544f1648a7de	2018-01-25	Telephony	DF	Brasilia	29.99	14.1	44.09	On-Time	12.0	1	Promising Recent
06ff6cb289c9f1d1ccacc6764874e3c2	2017-08-15	Computers Accessories	SP	Socorro	42.79	15.1	57.89	On-Time	6.8	5	Champions
06ff862a85c2402aa52dc9edf150bf30	2017-11-30	Computers Accessories	CE	Fortaleza	41.9	17.63	59.53	Delayed	28.4	3	About To Sleep
06ffc260a153bba52d82a18f91e8f760	2018-01-16	Health Beauty	DF	Brasilia	150.0	15.8	165.8	On-Time	7.7	5	About To Sleep
0700a8e0947d76a90800538ff87da453	2018-04-22	Electronics	ES	Aracruz	15.0	18.23	33.23	On-Time	10.4	5	Promising Recent
0700ebb6d2f93a025b6ba09074cb57c2	2017-04-12	Furniture Living Room	RJ	Rio De Janeiro	329.9	33.05	362.95	On-Time	14.7	5	Lost / Hibernating
07015ec9fa46c951514edc46a108d719	2017-12-30	Garden Tools	RJ	Duque De Caxias	49.9	18.0	67.9	On-Time	28.8	2	About To Sleep
070162e1ae6ad420c0766af516a31a5b	2018-06-21	Sports Leisure	DF	Brasilia	69.9	26.79	96.69	On-Time	7.1	1	Potential Loyalists
070162e1ae6ad420c0766af516a31a5b	2018-06-21	Sports Leisure	DF	Brasilia	69.9	26.79	96.69	On-Time	7.1	1	Potential Loyalists
070492c570207c7d9207ed0eb2254ec7	2018-05-03	Watches Gifts	SP	Tupa	138.0	18.85	156.85	On-Time	6.2	5	Potential Loyalists
07055a132b3dcf9a44b88259dea3e3b5	2017-10-27	Toys	RJ	Rio De Janeiro	44.9	14.1	59.0	On-Time	7.4	4	About To Sleep
0705d1148d3c3d342f1a8c8ad33e5d3f	2017-11-26	Bed Bath Table	RJ	Rio De Janeiro	99.9	17.95	117.85	Delayed	56.8	1	About To Sleep
070678021e2517b12a66622b99dca958	2017-09-05	Telephony	CE	Fortaleza	25.99	17.63	43.62	On-Time		1	Lost / Hibernating
07068f92ceede34d93d6dd0b5117feef	2017-04-09	Toys	RJ	Angra Dos Reis	42.99	14.52	57.51	On-Time	9.7	4	Lost / Hibernating
0707e2f91c707859b79e711d852150c8	2017-03-24	Computers Accessories	DF	Brasilia	36.9	16.05	52.95	On-Time	21.0	2	Lost / Hibernating
07083f97580544bb7ba3372759150f49	2018-03-27	Furniture Decor	MG	Brumadinho	18.75	17.06	35.81	On-Time	8.3	5	Promising Recent
0708e6a0b38282fbfed40eccdaa4a597	2018-05-09	Fashion Bags Accessories	SP	Guariba	39.9	18.23	58.13	On-Time	8.2	5	New Customers
070a5949c100efc1ad56b852f5a278d0	2018-01-19	Stationery	SC	Itajai	135.9	18.2	154.1	On-Time	25.9	5	About To Sleep
070a62ae87136bfbe6ef6d0e2883cda5	2018-06-23	Cool Stuff	MT	Cuiaba	299.0	44.37	343.37	On-Time	41.2	4	Potential Loyalists
070a76f4c338fe3cda93745a22e51270	2017-12-31	Watches Gifts	RS	Erechim	49.0	15.1	64.1	On-Time	9.8	5	About To Sleep
070a8baa5e3a99e5eff94da597b78fa1	2018-06-11	Bed Bath Table	SP	Sao Paulo	69.9	18.29	88.19	On-Time	6.9	5	New Customers
070b4a621a6d06dcff9122e5c04b353a	2017-09-10	Telephony	SP	Franco Da Rocha	219.99	22.34	242.33	On-Time	8.5	5	Lost / Hibernating
070b9bc7d401021bcb0d4d7413bb233a	2018-08-08	Sports Leisure	MG	Belo Horizonte	148.0	17.97	165.97	On-Time	8.3	4	Potential Loyalists
070c8ff950e077ba4948ef4db4733b74	2018-03-30	Electronics	MG	Campo Belo	18.9	18.23	37.13	On-Time	12.3	5	Promising Recent
070cc53897ed4829689c415f99d37c3e	2018-05-16	Garden Tools	SP	Sao Paulo	19.9	16.32	36.22	On-Time	4.8	5	New Customers
070d0196420dc138bcfaa72cb10eea02	2017-11-25	Cool Stuff	SP	Suzano	144.99	12.22	157.21	On-Time	3.6	5	About To Sleep
070d0ddec60c0e00d7df9483988d55e2	2017-02-27	Bed Bath Table	PR	Palmas	259.99	24.46	284.45	On-Time	23.1	5	Lost / Hibernating
070d0ddec60c0e00d7df9483988d55e2	2017-02-27	Bed Bath Table	PR	Palmas	259.99	24.46	284.45	On-Time	23.1	5	Lost / Hibernating
070d6fe21e7d454b11f1cb27ca2c15c0	2017-08-05	Cool Stuff	ES	Vila Velha	99.0	19.23	118.23	On-Time	21.2	3	Lost / Hibernating
070f532c26f2505352210937089dfc79	2017-09-14	Sports Leisure	SP	Tatui	119.9	28.22	148.12	On-Time	6.5	5	Lost / Hibernating
070f721954fa2416856b2b30e3c3c341	2018-04-02	Computers Accessories	SC	Aurora	94.0	20.42	114.42	On-Time	14.1	5	Potential Loyalists
070f721954fa2416856b2b30e3c3c341	2018-04-02	Computers Accessories	SC	Aurora	88.0	16.61	104.61	On-Time	14.1	5	Potential Loyalists
070fcffce3b0a655482d4f5f11607599	2018-07-19	Baby	MS	Dourados	140.0	23.78	163.78	On-Time	18.3	1	Potential Loyalists
0710ec94ade6724b0816df78ee4e689f	2018-06-28	Sports Leisure	SP	Guarulhos	14.0	7.39	21.39	On-Time	1.1	3	New Customers
0711187b308dcd4265872d4d1b565b06	2018-02-25	Garden Tools	DF	Brasilia	99.9	21.1	121.0	On-Time	11.8	4	Potential Loyalists
0711b9c575a5235790c3f863179c3267	2018-06-01	Housewares	MG	Sao Joao Nepomuceno	130.0	23.49	153.49	On-Time	11.7	1	Champions
0711b9c575a5235790c3f863179c3267	2018-06-01	Housewares	MG	Sao Joao Nepomuceno	130.0	23.49	153.49	On-Time	11.7	1	Champions
0711b9c575a5235790c3f863179c3267	2018-06-01	Housewares	MG	Sao Joao Nepomuceno	130.0	23.49	153.49	On-Time	11.7	1	Champions
07120a6d39e99f6aec742cfa39ab4cac	2018-01-19	Sports Leisure	SC	Santa Rosa De Lima	104.9	16.49	121.39	On-Time	12.3	5	Customers Needing Attention
071251fe3b3493294536f03737a8a679	2017-10-26	Garden Tools	SP	Campinas	12.49	15.1	27.59	On-Time	13.3	3	About To Sleep
071251fe3b3493294536f03737a8a679	2017-10-26	Garden Tools	SP	Campinas	12.49	15.1	27.59	On-Time	13.3	3	About To Sleep
0712d5a2573948df98ba556ab362ef06	2018-08-22	Watches Gifts	MG	Chapada Do Norte	104.0	18.83	122.83	On-Time	8.1	5	Potential Loyalists
0713892246596f649555ebebe57a9a7b	2017-11-03	Home Confort	SP	Vargem Grande Do Sul	89.9	13.65	103.55	On-Time	11.0	1	About To Sleep
0713f1dd3cdb0f62e71d9a1f01c2bc0b	2017-08-01	Health Beauty	PR	Cascavel	349.9	15.47	365.37	On-Time	9.5	5	Lost / Hibernating
071429b44ba39c70ea22550070670c00	2017-10-25	Computers Accessories	MG	Teofilo Otoni	105.0	28.11	133.11	On-Time	7.3	5	About To Sleep
07144524b0b12343da7f0e7227dcb28d	2017-12-11	Health Beauty	SC	Sao Jose	84.99	15.35	100.34	On-Time	8.2	4	About To Sleep
0714c5e5a4887535cbf5a60cbab73fe4	2018-03-24	Health Beauty	SP	Sao Paulo	29.9	7.71	37.61	On-Time	2.8	5	Promising Recent
071516a72b8a838c15842568d1b995f9	2018-06-11	Sports Leisure	PR	Cafelandia	135.0	16.02	151.02	On-Time	3.0	5	Potential Loyalists
07156fa55794dec196d72e6d8b07339a	2018-08-18	Health Beauty	SP	Santos	120.49	13.14	133.63	Delayed	9.1	5	Potential Loyalists
07159640598ab46b708279254ec3be0f	2018-06-26	Health Beauty	SP	Sao Paulo	23.9	7.43	31.33	On-Time	1.2	4	New Customers
0715dfcf2383aa72c181d8b47f6cb589	2018-02-14	Industry Commerce And Business	RS	Marau	76.0	21.02	97.02	On-Time	23.2	5	Loyal Customers
0715dfcf2383aa72c181d8b47f6cb589	2018-02-14	Industry Commerce And Business	RS	Marau	76.0	21.02	97.02	On-Time	23.2	5	Loyal Customers
07161bfb5748163ca6d0478bda1b0a5a	2017-03-31	Telephony	MG	Mariana	17.99	14.52	32.51	On-Time	9.4	5	At Risk
07166782eef2ad2a57e415ec606fa7c3	2018-05-06	Computers Accessories	SP	Maua	19.99	7.39	27.38	On-Time	4.0	5	New Customers
0716d86faf8bd36dcb5bdaee6777b272	2017-05-20	Sports Leisure	SP	Sao Paulo	32.8	14.1	46.9	On-Time	8.8	4	Lost / Hibernating
07172761566bda50929a3b449eae02ee	2018-03-17	Food	SP	Presidente Prudente	56.97	12.8	69.77	On-Time	12.2	4	Promising Recent
071773cf1c4d6c91cce83af65b9f8fff	2018-07-28	Perfumery	SP	Sao Paulo	53.9	9.13	63.03	On-Time	4.5	5	Champions
07182ece031138fc6c7f81b60b1eb329	2018-04-16	Bed Bath Table	SP	Araraquara	43.8	14.44	58.24	On-Time	7.9	5	Promising Recent
0718634f87a84ae0468224ecca3584d1	2018-08-20	Bed Bath Table	SP	Miguelopolis	139.0	18.1	157.1	On-Time	3.9	4	Potential Loyalists
0718c5bbf159e96715ef033576c56316	2017-08-06	Furniture Decor	BA	Salvador	93.99	35.18	129.17	Delayed	44.0	5	Lost / Hibernating
0719c4577b69cf807be736608c144bc8	2018-01-20	Furniture Living Room	SC	Florianopolis	59.99	22.74	82.73	On-Time	9.7	5	Customers Needing Attention
071a4b7cb627e6acfcbde9c7ec233893	2017-06-07	Unknown	RJ	Rio De Janeiro	49.59	16.6	66.19	On-Time	8.8	5	Lost / Hibernating
071b93a866ff2f7302f456e6bba8c9c7	2018-04-24	Agro Industry And Commerce	RS	Farroupilha	77.0	23.12	100.12	On-Time	8.0	5	Promising Recent
071be1c98f3a6f467d8e472d94350db8	2018-08-07	Stationery	MG	Pitangui	199.9	50.36	250.26	On-Time	6.6	5	Potential Loyalists
071be1c98f3a6f467d8e472d94350db8	2018-08-07	Luggage Accessories	MG	Pitangui	158.26	24.18	182.44	On-Time	6.6	5	Potential Loyalists
071cf21dda000c6ce3b50a56374b1b89	2018-06-12	Baby	RS	Pelotas	149.9	60.28	210.18	On-Time	11.3	4	Potential Loyalists
071d4951a2505f0880cf9db3a48e21f6	2017-09-12	Health Beauty	RJ	Sao Joao De Meriti	34.99	14.1	49.09	On-Time	6.2	4	Lost / Hibernating
071d86b8fc66cad2d0bb93775be89392	2017-12-28	Health Beauty	BA	Uaua	84.99	18.16	103.15	On-Time	13.9	5	About To Sleep
071deb193a4682621c819936d21ae127	2017-11-21	Cool Stuff	SP	Guarulhos	69.99	2.66	72.65	On-Time	6.0	1	About To Sleep
071deb193a4682621c819936d21ae127	2017-11-21	Telephony	SP	Guarulhos	42.99	17.73	60.72	On-Time	6.0	1	About To Sleep
071f0c6c7702218addddcbef0d46f76a	2018-05-22	Bed Bath Table	SP	Barueri	49.9	13.71	63.61	On-Time	16.9	5	New Customers
071ff3583bbaab9f38f020af7006a3d4	2017-04-05	Bed Bath Table	SP	Catanduva	29.6	11.74	41.34	On-Time	11.7	5	At Risk
0721528eb05d8e5bd84d8220c5d4de19	2018-04-05	Watches Gifts	SP	Sao Paulo	87.67	14.4	102.07	On-Time	12.8	5	Promising Recent
07220c39eb26068368e675009154d635	2018-03-18	Perfumery	RJ	Niteroi	136.0	18.83	154.83	Delayed	39.8	4	Potential Loyalists
07242ddf6ad8487cbbb700fd9ca45906	2018-02-25	Auto	BA	Salvador	28.49	16.79	45.28	Delayed	29.2	1	Promising Recent
07242eb6740fc0feb5044eda405a4782	2018-06-08	Health Beauty	SP	Sao Jose Dos Campos	110.32	7.96	118.28	On-Time	5.6	4	Potential Loyalists
0724cc371750e7fdfe769d2a8bdd5b92	2018-01-19	Computers Accessories	SP	Sao Paulo	159.0	25.95	184.95	On-Time	14.9	4	About To Sleep
0724f5287d69b7a3fbcf9ab02054ca4a	2017-12-02	Pet Shop	AM	Manaus	45.0	27.2	72.2	On-Time	34.4	5	About To Sleep
072500f428180f8c177181dd1e027d5b	2018-02-22	Baby	RJ	Rio De Janeiro	70.0	17.77	87.77	Delayed	49.2	1	Promising Recent
0725532304d0cfa92301860fe3075a28	2018-08-02	Christmas Supplies	SP	Sao Paulo	35.0	8.41	43.41	On-Time	6.5	4	New Customers
072577283d9ec2718f05c37d141d65de	2017-09-22	Toys	SP	Sao Paulo	75.0	7.78	82.78	On-Time	11.5	4	About To Sleep
0725ad25260ef550bc00be1179252efe	2018-06-08	Home Comfort 2	SP	Sao Paulo	12.9	12.79	25.69	On-Time	7.6	1	New Customers
0725ad25260ef550bc00be1179252efe	2018-06-08	Home Comfort 2	SP	Sao Paulo	12.9	12.79	25.69	On-Time	7.6	1	New Customers
07261a56ea5f8537a7bc47d5155d2f40	2017-03-24	Fashion Bags Accessories	ES	Cariacica	59.0	16.11	75.11	On-Time	11.1	4	Lost / Hibernating
0726665518da3a4e1b9efff4de0089fc	2017-06-01	Housewares	SP	Sao Paulo	44.5	7.78	52.28	On-Time	5.1	5	Lost / Hibernating
07279e06272270e7cb604d1901a4f374	2018-07-11	Pet Shop	MA	Urbano Santos	90.0	51.35	141.35	On-Time	9.7	5	Champions
072916d00b6a53edec9ccdb3eba1bdf4	2017-09-14	Telephony	MA	Alcantara	212.4	20.03	232.43	On-Time	19.8	3	Lost / Hibernating
072916d00b6a53edec9ccdb3eba1bdf4	2017-09-14	Telephony	MA	Alcantara	212.4	20.03	232.43	On-Time	19.8	3	Lost / Hibernating
07294ed0ece67bb004a4813c77dfc3e3	2018-07-17	Construction Tools Construction	SC	Indaial	45.97	19.51	65.48	On-Time	7.9	5	New Customers
072a8923b88a4247c16f4c0bca2f3177	2018-01-09	Health Beauty	SP	Sao Paulo	29.49	7.78	37.27	On-Time	7.0	3	About To Sleep
072b97d5244a16a4573ad547ea7d15b4	2018-04-22	Housewares	SP	Taubate	49.99	23.07	73.06	On-Time	7.9	5	Promising Recent
072d14a6096a0b4e29e3e2d6f11f58fa	2018-04-04	Fashion Bags Accessories	RJ	Rio De Janeiro	29.9	7.55	37.45	On-Time	2.1	5	Promising Recent
072d46cbc49c2ee26ddde8f25d22f617	2017-09-12	Garden Tools	SP	Hortolandia	129.0	36.98	165.98	On-Time	16.7	5	Lost / Hibernating
072de9a4bbfba5f480706c24d61d25d2	2018-05-18	Computers Accessories	SP	Itapira	120.0	13.28	133.28	On-Time	6.1	5	Potential Loyalists
072e34b42ad90d7472e9a798f19a6bdb	2017-01-31	Bed Bath Table	MG	Santa Rita Do Sapucai	69.9	15.7	85.6	On-Time	10.1	5	At Risk
073049331da5458f61598e5d221f4928	2018-05-15	Bed Bath Table	RS	Ijui	89.0	19.59	108.59	On-Time	7.4	4	Potential Loyalists
0731519818400f39a85714db501f1781	2018-01-21	Garden Tools	RS	Roca Sales	99.9	17.95	117.85	On-Time	5.5	3	About To Sleep
073180167c8aee312e8be08892989244	2018-05-01	Housewares	SP	Sao Paulo	15.0	8.29	23.29	On-Time	3.5	5	Promising Recent
07320b1c77905dc3d2e11126b143221e	2017-07-17	Sports Leisure	BA	Santo Antonio De Jesus	130.0	17.35	147.35	On-Time	8.5	5	Lost / Hibernating
0733aab1e972ab531705cf45a1e77281	2018-04-27	Housewares	MG	Belo Horizonte	61.9	14.51	76.41	On-Time	6.0	5	Promising Recent
07357a6641ec997dc95d17a571f9ce5f	2018-03-25	Perfumery	SP	Sao Jose Dos Campos	37.9	8.88	46.78	On-Time	3.3	5	Promising Recent
0735913c4b3a961b5988041799a7543e	2018-03-01	Telephony	SP	Sao Paulo	14.99	7.78	22.77	On-Time	7.0	3	Promising Recent
0735913c4b3a961b5988041799a7543e	2018-03-01	Telephony	SP	Sao Paulo	14.99	7.78	22.77	On-Time	7.0	3	Promising Recent
0735a85a187bf67cfe490862c0e72bb0	2018-04-04	Computers Accessories	SP	Sao Paulo	99.99	7.56	107.55	On-Time	2.5	5	Potential Loyalists
073632ef894dcb45601e326b8d97cd11	2018-06-16	Computers Accessories	RJ	Tres Rios	135.0	22.88	157.88	On-Time	6.0	5	Potential Loyalists
0736d2c28616a3c87bb2f53f71c94575	2018-05-18	Bed Bath Table	SP	Sao Paulo	47.9	8.88	56.78	On-Time	10.0	5	New Customers
0739104e30e20de6c0956c0889a9b9dc	2018-08-17	Air Conditioning	SP	Sao Paulo	369.9	24.41	394.31	On-Time	9.9	5	Potential Loyalists
073c1615e55e3c047b8254b49d3503df	2017-08-09	Bed Bath Table	SP	Lencois Paulista	182.0	14.29	196.29	On-Time	7.2	5	Lost / Hibernating
073d1fe6e4e8956db691e04a1656ee9f	2017-09-20	Computers Accessories	SP	Hortolandia	79.8	12.69	92.49	On-Time	16.2	5	About To Sleep
073df773abf715c8e62c999668a9cc49	2018-01-14	Cool Stuff	RJ	Nova Iguacu	399.9	17.56	417.46	On-Time	10.8	4	About To Sleep
073f64b0ac2c4ba51efd4327faca2d39	2017-08-05	Sports Leisure	RS	Bage	139.9	16.74	156.64	On-Time	11.1	4	Loyal Customers
073fa4be4665f397a289842b1053229c	2018-01-12	Furniture Decor	SP	Taubate	250.0	35.02	285.02	On-Time	11.2	1	Customers Needing Attention
073fa4be4665f397a289842b1053229c	2018-01-12	Furniture Decor	SP	Taubate	250.0	35.02	285.02	On-Time	11.2	5	Customers Needing Attention
07402f8be1c291f1c5da3edeaf5cb8b1	2018-01-09	Unknown	DF	Brasilia	25.9	15.11	41.01	On-Time	8.0	5	About To Sleep
074054ad3d2e5ee3fc6f098d06f321f9	2018-01-23	Health Beauty	SP	Campinas	97.9	12.19	110.09	On-Time	14.4	5	Loyal Customers
0741ee0ba3cb46d86325be2879e18706	2018-02-21	Auto	RS	Cruz Alta	659.0	53.14	712.14	On-Time	15.3	5	Potential Loyalists
07420892c4caddea9908f3e55218a5ba	2017-11-14	Computers Accessories	SP	Sao Paulo	71.9	25.04	96.94	On-Time	8.2	4	About To Sleep
07420892c4caddea9908f3e55218a5ba	2017-11-14	Computers Accessories	SP	Sao Paulo	84.95	0.31	85.26	On-Time	8.2	4	About To Sleep
074241ce500ccb810dc2a36222167798	2017-11-24	Garden Tools	RJ	Rio De Janeiro	49.0	17.67	66.67	On-Time	12.4	4	About To Sleep
07424cae1deed4169c2b56d1d150acf8	2017-12-05	Toys	RJ	Rio De Janeiro	139.99	13.81	153.8	On-Time	8.7	4	About To Sleep
07429f7601b56a66d1854c79a2f5c9e5	2017-07-11	Bed Bath Table	GO	Trindade	99.97	16.14	116.11	On-Time	10.4	5	Lost / Hibernating
07429f7601b56a66d1854c79a2f5c9e5	2017-07-11	Bed Bath Table	GO	Trindade	99.97	16.14	116.11	On-Time	10.4	5	Lost / Hibernating
0743b54da8ffd8f7f9fe79fcaf006000	2017-06-22	Books General Interest	RS	Rio Grande	115.0	15.56	130.56	On-Time	12.7	4	Loyal Customers
0743d4433cd56bbd7b36287a05f94e10	2017-06-07	Housewares	SP	Sao Paulo	109.9	13.32	123.22	On-Time	8.7	5	Lost / Hibernating
07440dff5293ea24c5fac25a473c2eef	2018-03-29	Auto	SE	Poco Verde	75.0	51.03	126.03	Delayed	46.8	1	Potential Loyalists
07441f525824bc6b31d4dc19c5d49fc9	2018-04-21	Watches Gifts	RJ	Rio De Janeiro	106.9	0.0	106.9	On-Time	12.3	5	Promising Recent
0744ce655e97e70eb03a99cf52385502	2017-08-08	Sports Leisure	GO	Fazenda Nova	69.9	16.25	86.15	On-Time	15.3	5	Lost / Hibernating
0744f9056deb109779f1b309822c0d02	2017-11-01	Perfumery	ES	Pinheiros	369.9	18.35	388.25	On-Time	7.9	5	About To Sleep
0745201fea5d6f4aabd42e92a7d3b3b6	2017-08-21	Stationery	RJ	Niteroi	179.0	18.5	197.5	On-Time	11.2	4	Lost / Hibernating
0745fd0c5e5bd55f752798a152b1d04b	2018-08-17	Unknown	RJ	Duque De Caxias	83.9	19.78	103.68	On-Time	13.0	5	New Customers
07460d5693ce1f6577ebd04b4ad091eb	2017-09-25	Watches Gifts	SP	Sorocaba	159.9	12.62	172.52	On-Time	7.5	5	About To Sleep
0749426d1c48fe5943cbdf1316ace0aa	2018-01-13	Health Beauty	SP	Sao Paulo	69.9	17.74	87.64	Delayed	39.5	1	About To Sleep
0749426d1c48fe5943cbdf1316ace0aa	2018-01-13	Health Beauty	SP	Sao Paulo	69.9	17.74	87.64	Delayed	39.5	1	About To Sleep
0749bdde40245b5fb3b375dadfd4ebe3	2018-02-20	Electronics	BA	Camacari	19.9	15.79	35.69	On-Time	14.9	1	Promising Recent
0749bdde40245b5fb3b375dadfd4ebe3	2018-02-20	Electronics	BA	Camacari	19.9	15.79	35.69	On-Time	14.9	1	Promising Recent
0749c0c521a53f4a99f4c7be0d92df95	2018-02-28	Audio	SP	Nova Luzitania	22.9	11.85	34.75	Delayed	27.1	1	Promising Recent
0749c820395dd586556efd230c9d1bb9	2018-07-04	Housewares	SP	Nova Odessa	85.9	15.9	101.8	On-Time		4	New Customers
074a6843b445107d87cbfaa88e2e642f	2018-07-22	Housewares	SP	Valparaiso	28.9	12.86	41.76	On-Time	8.4	5	New Customers
074c1cfd061914778c545332b9c8cc5b	2018-03-22	Housewares	PR	Londrina	97.0	19.65	116.65	On-Time	6.4	3	Potential Loyalists
074d6aba62abd52ad27529d3fb746260	2017-06-08	Housewares	MG	Belo Horizonte	94.9	16.91	111.81	On-Time	12.9	4	Lost / Hibernating
074e803978094c38b91ddd375ee6ca69	2017-11-06	Health Beauty	SP	Sao Paulo	86.9	12.11	99.01	On-Time	3.7	4	About To Sleep
074eb2398def4038d7fc4fb8a5aeb0bf	2017-12-03	Auto	SP	Guarulhos	143.8	14.68	158.48	On-Time	4.7	5	About To Sleep
074eb2398def4038d7fc4fb8a5aeb0bf	2017-12-03	Auto	SP	Guarulhos	229.04	21.34	250.38	On-Time	4.7	5	About To Sleep
074eec999695249a1f80e3c7ea1aab01	2018-03-05	Sports Leisure	SP	Sao Paulo	167.68	14.92	182.6	Delayed	24.4	1	Potential Loyalists
074fe9591f975471a7aad1d0d6ff6db0	2017-08-31	Watches Gifts	ES	Serra	179.9	16.01	195.91	On-Time	14.8	4	Lost / Hibernating
075024c4910bd35a5d251813d59009cd	2018-03-25	Luggage Accessories	SP	Nossa Senhora Do Remedio	69.0	19.45	88.45	On-Time	15.4	5	Promising Recent
0752235c99010e0a475e14cebb1baf81	2018-08-08	Auto	CE	Jijoca De Jericoacoara	229.9	38.52	268.42	On-Time	8.1	5	Potential Loyalists
07528311766b5aa54d193747c66663df	2018-02-27	Audio	RJ	Nova Iguacu	175.0	15.98	190.98	Delayed	48.0	1	Potential Loyalists
0753581dc10ba07cdb8302d6c7a40924	2017-08-30	Telephony	DF	Brasilia	174.0	18.5	192.5	On-Time	9.0	5	Lost / Hibernating
0753ba0519dd531e78e0abdedb16be35	2018-05-19	Watches Gifts	MA	Sao Luis	49.0	22.85	71.85	Delayed	19.2	1	Potential Loyalists
0753ba0519dd531e78e0abdedb16be35	2018-05-19	Watches Gifts	MA	Sao Luis	49.0	22.85	71.85	Delayed	19.2	1	Potential Loyalists
075434afaadfb0809ecf3f095a372340	2017-11-24	Bed Bath Table	SP	Sao Paulo	42.99	9.34	52.33	On-Time	12.2	4	About To Sleep
0754d33c0d259d6851e811948048324a	2018-08-15	Stationery	SP	Barueri	110.0	13.07	123.07	On-Time	2.2	5	Potential Loyalists
0755976647cbb58f1c4aeabeed997490	2017-07-10	Computers Accessories	RO	Castanheiras	42.9	37.9	80.8	On-Time	20.6	5	Lost / Hibernating
0755fe651d86dd2feb3c6fff952d81e8	2018-07-19	Food	MS	Tres Lagoas	129.99	19.01	149.0	On-Time	13.1	5	Potential Loyalists
0756c3213eb9155bc1209caced66eb82	2017-12-21	Garden Tools	RJ	Nilopolis	89.99	45.09	135.08	On-Time	20.0	5	About To Sleep
0756f4ba0fd88d3e50c7ae0d66edfb4c	2018-03-02	Health Beauty	MG	Carangola	325.0	17.02	342.02	Delayed	27.5	1	Potential Loyalists
0756fac8c4aef0446002871923cc6b8f	2017-05-08	Housewares	RJ	Rio De Janeiro	23.9	14.1	38.0	On-Time	6.7	5	Lost / Hibernating
0757cb4ec76f9d0456800e40957db304	2017-07-04	Telephony	SP	Limeira	15.99	11.85	27.84	On-Time	7.9	4	Customers Needing Attention
0757cf1c2a32b4597b8192f2c4912adf	2017-07-17	Furniture Decor	SP	Sao Paulo	29.9	14.22	44.12	On-Time	7.1	3	Lost / Hibernating
0757cf1c2a32b4597b8192f2c4912adf	2017-07-17	Furniture Decor	SP	Sao Paulo	29.9	14.22	44.12	On-Time	7.1	3	Lost / Hibernating
0757cf1c2a32b4597b8192f2c4912adf	2017-07-17	Furniture Decor	SP	Sao Paulo	29.9	7.11	37.01	On-Time	7.1	3	Lost / Hibernating
0758015124a0c9af755d31a7bf0efedc	2017-09-16	Bed Bath Table	MG	Malacacheta	32.99	9.37	42.36	On-Time	12.5	3	About To Sleep
0758015124a0c9af755d31a7bf0efedc	2017-09-16	Bed Bath Table	MG	Malacacheta	109.9	9.37	119.27	On-Time	12.5	3	About To Sleep
0758015124a0c9af755d31a7bf0efedc	2017-09-16	Bed Bath Table	MG	Malacacheta	99.9	112.44	212.34	On-Time	12.5	3	About To Sleep
075867c84468363ed47de8b38d904253	2018-06-06	Office Furniture	SP	Sao Paulo	189.9	29.36	219.26	On-Time	12.1	3	Potential Loyalists
075867c84468363ed47de8b38d904253	2018-06-06	Office Furniture	SP	Sao Paulo	189.9	29.36	219.26	On-Time	12.1	3	Potential Loyalists
0758aeea44cefb9c7f59333c7c691714	2018-02-07	Office Furniture	SP	Taboao Da Serra	349.9	34.05	383.95	On-Time	8.3	4	Potential Loyalists
0758eac62489b47a99c64b7d67c5ff18	2017-12-09	Electronics	SP	Castilho	21.9	18.47	40.37	On-Time	9.9	5	About To Sleep
0758eac62489b47a99c64b7d67c5ff18	2017-12-09	Electronics	SP	Castilho	21.9	18.47	40.37	On-Time	9.9	5	About To Sleep
0758eac62489b47a99c64b7d67c5ff18	2017-12-09	Electronics	SP	Castilho	25.9	1.85	27.75	On-Time	9.9	5	About To Sleep
0759ac0ac1a0c11ab13fc66564f4e112	2018-04-05	Sports Leisure	MG	Ribeirao Das Neves	169.0	25.31	194.31	On-Time	12.1	3	Potential Loyalists
0759ac0ac1a0c11ab13fc66564f4e112	2018-04-05	Sports Leisure	MG	Ribeirao Das Neves	169.0	25.31	194.31	On-Time	12.1	3	Potential Loyalists
0759ac0ac1a0c11ab13fc66564f4e112	2018-04-05	Sports Leisure	MG	Ribeirao Das Neves	169.0	25.31	194.31	On-Time	12.1	3	Potential Loyalists
0759ac0ac1a0c11ab13fc66564f4e112	2018-04-05	Sports Leisure	MG	Ribeirao Das Neves	169.0	25.31	194.31	On-Time	12.1	3	Potential Loyalists
0759c200a1d9ec728ba380676bccb583	2018-07-31	Furniture Decor	RS	Gravatai	59.9	16.61	76.51	On-Time	12.6	1	New Customers
075a1f22c075396feebed8c71f5ccdb2	2018-01-29	Sports Leisure	SP	Sao Paulo	169.9	17.44	187.34	Delayed	28.7	1	Potential Loyalists
075a544c5f4ed4bb75f82b160465fe76	2018-02-22	Furniture Decor	SP	Sao Paulo	197.8	22.22	220.02	On-Time	11.2	1	Loyal Customers
075a544c5f4ed4bb75f82b160465fe76	2018-02-22	Furniture Decor	SP	Sao Paulo	197.8	22.22	220.02	On-Time	11.2	3	Loyal Customers
075b7434a196cea1b664c1446bee2ff7	2017-10-11	Bed Bath Table	DF	Brasilia	22.9	17.61	40.51	On-Time	13.1	1	Customers Needing Attention
075b7434a196cea1b664c1446bee2ff7	2017-10-11	Bed Bath Table	DF	Brasilia	12.9	12.58	25.48	On-Time	13.1	1	Customers Needing Attention
075d1d2a3ac6d55e925dda5e2ad0c6fe	2018-03-18	Furniture Decor	RS	Novo Hamburgo	69.9	20.06	89.96	On-Time	17.3	1	Potential Loyalists
075d1d2a3ac6d55e925dda5e2ad0c6fe	2018-03-18	Furniture Decor	RS	Novo Hamburgo	69.9	20.06	89.96	On-Time	17.3	1	Potential Loyalists
075e94be744f3e28a18d6ea444785f45	2018-07-19	Housewares	SP	Itanhaem	151.4	23.86	175.26	On-Time	7.2	5	Potential Loyalists
075e94be744f3e28a18d6ea444785f45	2018-07-19	Housewares	SP	Itanhaem	151.4	23.86	175.26	On-Time	7.2	5	Potential Loyalists
076008aa37f0393fff972b8b0121fd94	2018-06-08	Perfumery	SP	Sao Paulo	249.49	8.61	258.1	On-Time		5	Potential Loyalists
0760a852e4e9d89eb77bf631eaaf1c84	2018-08-03	Christmas Supplies	SC	Santo Amaro Da Imperatriz	35.0	15.35	50.35	On-Time		3	New Customers
0760c994a2f88f9ba4f19c5622906609	2018-05-08	Electronics	SP	Sao Paulo	119.99	7.7	127.69	On-Time	3.3	1	Potential Loyalists
076203a3df21fb25c8b59f881f2b37c9	2017-07-08	Computers Accessories	RJ	Duque De Caxias	79.9	15.31	95.21	On-Time	23.4	5	Lost / Hibernating
076204e886f6d81145cf693a72794765	2018-07-23	Watches Gifts	PA	Belem	95.0	19.58	114.58	On-Time	16.4	5	Potential Loyalists
076291ccc60bbd19ff77babbb78324d5	2018-08-15	Baby	SP	Sao Paulo	232.9	37.71	270.61	On-Time	7.1	4	Potential Loyalists
07629443859f99dfac4443b102f31ead	2018-08-20	Toys	SC	Alfredo Wagner	759.9	32.27	792.17	On-Time	7.0	5	Potential Loyalists
0762fe35b71987563f8771eb6d14938f	2018-01-24	Computers Accessories	SP	Sao Bernardo Do Campo	75.0	12.03	87.03	On-Time	20.8	3	Promising Recent
0764f8b9a45b0305b75e1bbd614ffaaa	2017-09-16	Sports Leisure	SP	Sao Jose Dos Campos	89.97	21.28	111.25	On-Time	14.6	1	About To Sleep
076594c6ae7f8e1157b7321c148efa86	2017-07-01	Office Furniture	MG	Ipatinga	159.99	38.96	198.95	On-Time	19.4	5	Lost / Hibernating
07664da4fa93862f7f2f3fd353b99e73	2018-01-09	Stationery	BA	Mata De Sao Joao	129.0	20.14	149.14	On-Time	28.4	5	About To Sleep
0766586a37a3ceaf9623fdedcb51240f	2018-04-26	Auto	DF	Brasilia	189.9	23.87	213.77	On-Time	11.9	4	Potential Loyalists
07677527dea7bbe02d91875f7764c6cd	2017-06-05	Furniture Decor	MS	Campo Grande	59.9	16.79	76.69	On-Time	24.4	5	Lost / Hibernating
0767f7b9a6d2c7db242000b27ca8e063	2018-01-02	Electronics	SP	Taubate	9.0	11.85	20.85	On-Time	7.1	5	About To Sleep
07680abcc9878ad415215bf0945baf7a	2017-06-12	Perfumery	PA	Belem	56.99	17.68	74.67	On-Time	16.0	5	Lost / Hibernating
07684a430f124ffa76c3415f04fb2ed5	2017-07-27	Sports Leisure	SP	Bauru	59.9	12.55	72.45	On-Time	8.5	4	Lost / Hibernating
076a94fba0a6b3a82345423e9f1bd3dc	2018-02-14	Furniture Decor	RS	Toropi	79.9	17.81	97.71	On-Time	13.1	4	Promising Recent
076ae5516316ecf9f17dc3cc78437eac	2018-02-15	Auto	BA	Salvador	27.9	16.79	44.69	On-Time	15.2	4	Promising Recent
076b2c2ebef1ce8600aec810d3bf6286	2018-02-06	Telephony	PE	Buique	235.0	18.09	253.09	On-Time	20.1	5	Potential Loyalists
076c344fa6fb7b7284fe98fbcb257ab1	2017-06-03	Cool Stuff	RJ	Campos Dos Goytacazes	129.99	18.16	148.15	On-Time	9.6	3	Lost / Hibernating
076d0f6917a8b9325bd7de62ef6c8c73	2018-08-23	Stationery	MG	Santos Dumont	99.0	19.88	118.88	On-Time	7.2	5	Potential Loyalists
076d1555fb53a89b0ef4d529e527a0f6	2018-07-30	Housewares	PR	Maringa	2338.08	375.28	2713.36	On-Time	8.6	4	Potential Loyalists
076d3284be23e6c6ed0267f87775b62f	2018-02-07	Garden Tools	SP	Osasco	33.89	15.79	49.68	On-Time	14.6	3	Promising Recent
076d71b244e240e104ffe5bf5985faa2	2017-05-26	Baby	MG	Betim	69.9	19.03	88.93	On-Time	11.0	5	Lost / Hibernating
076d991923ee938761994a4255f5c5da	2017-12-11	Home Confort	MG	Barbacena	76.9	17.79	94.69	On-Time	18.5	5	Customers Needing Attention
076d991923ee938761994a4255f5c5da	2017-12-11	Home Confort	MG	Barbacena	76.9	17.79	94.69	On-Time	18.5	5	Customers Needing Attention
076dc4ca874b482e0fed6263b1ff1b5f	2018-08-05	Fixed Telephony	BA	Feira De Santana	16.99	22.06	39.05	On-Time	8.9	5	New Customers
076e07cd8d9c8b47dfc2fbb22c58e895	2017-10-18	Musical Instruments	PB	Campina Grande	799.0	57.95	856.95	On-Time	16.5	5	About To Sleep
076e78b027f88320defc1d6ab23d6793	2018-07-08	Health Beauty	SP	Sao Bernardo Do Campo	66.99	27.75	94.74	On-Time	13.0	5	New Customers
076f1fe978468db6b826f40f714da65f	2018-06-05	Computers Accessories	BA	Lauro De Freitas	149.9	18.98	168.88	On-Time	6.2	4	Potential Loyalists
076ff98c0f285dcbbf7a2d5ad9146322	2018-03-27	Computers Accessories	MG	Itabira	139.0	23.83	162.83	On-Time	10.7	5	Potential Loyalists
0770d6621e5900694909ea4a6236da14	2018-03-11	Unknown	SP	Ilha Solteira	122.99	13.3	136.29	On-Time	12.0	5	Potential Loyalists
07711b948fc93b9294d8b5832d0f0a83	2018-02-15	Computers Accessories	SP	Sao Paulo	100.0	12.83	112.83	On-Time	11.0	5	Potential Loyalists
0771233ce445ab49cb2542af0243618e	2017-09-06	Books General Interest	SP	Ribeirao Preto	27.92	12.69	40.61	On-Time	9.5	5	Lost / Hibernating
0771dcbed01969791b77f20d05573b89	2017-06-30	Books General Interest	PR	Nova Londrina	53.9	13.4	67.3	On-Time	4.9	5	Lost / Hibernating
07723291efda5721921a779f58cd3946	2018-02-17	Furniture Decor	SP	Sorocaba	18.75	15.1	33.85	On-Time	19.6	3	Loyal Customers
07732c37b9e8ad65b02e545a3343f361	2018-04-18	Bed Bath Table	MG	Barbacena	39.99	16.95	56.94	On-Time	9.2	5	Promising Recent
07758ed400d130462900b1f68d042ee7	2018-07-15	Bed Bath Table	RJ	Nilopolis	230.0	42.59	272.59	On-Time	9.2	5	Potential Loyalists
0775e96080c552251cd76472d32e0c83	2017-09-06	Sports Leisure	SP	Sao Paulo	59.9	12.55	72.45	On-Time	13.5	5	Lost / Hibernating
077700dcf4e3bb4128459fc825a4056c	2017-11-20	Watches Gifts	MG	Belo Horizonte	199.9	15.15	215.05	On-Time	9.1	5	About To Sleep
0777357b31babc84dc93894f0a58b942	2018-02-09	Watches Gifts	SP	Sao Jose Do Rio Preto	399.0	14.29	413.29	On-Time	11.4	2	Potential Loyalists
077743f9ba8964fff85ace5b958e5284	2017-12-12	Unknown	SP	Itapecerica Da Serra	124.0	13.89	137.89	On-Time	23.0	3	About To Sleep
0777a9060e11a166516210320a84d38c	2018-02-14	Housewares	SP	Itapevi	56.9	8.72	65.62	On-Time	6.1	4	Promising Recent
0777f4238fa29d5c69367c8847a2f6ec	2018-07-22	Bed Bath Table	SP	Sumare	149.0	44.84	193.84	On-Time	5.3	4	Potential Loyalists
0778921b814304f85cb9188625e50625	2017-10-29	Consoles Games	PA	Ananindeua	101.9	44.56	146.46	On-Time	34.1	5	About To Sleep
0778b810e2b38affa71607aa32043365	2017-11-24	Telephony	MG	Cabeceira Grande	27.99	15.1	43.09	Delayed	26.3	5	About To Sleep
0778ca929f32b5357008bd57489a1272	2017-08-22	Bed Bath Table	RJ	Arraial Do Cabo	44.1	16.11	60.21	On-Time	10.2	3	Customers Needing Attention
077934ed5527f66c12ae98ad498190e1	2017-05-23	Garden Tools	SP	Sao Paulo	89.0	34.99	123.99	On-Time	5.5	5	Lost / Hibernating
077a6d2bd20a77531ca2dcf84f5c5d0e	2018-06-12	Stationery	RO	Porto Velho	29.9	27.49	57.39	On-Time	29.8	3	New Customers
077a77e315e3b317121a0af9962e122b	2018-05-11	Health Beauty	SP	Sao Paulo	56.8	12.84	69.64	On-Time	10.5	4	New Customers
077abb7d4f87719b0a5cce22295eb775	2017-11-05	Bed Bath Table	RJ	Rio De Janeiro	45.9	15.11	61.01	On-Time	6.1	5	About To Sleep
077b4b3a3d03fcdfce6a94e53ccdb3a9	2017-11-26	Watches Gifts	SP	Itaquaquecetuba	39.0	7.78	46.78	On-Time	4.0	4	About To Sleep
077ba6845168434024e83698d3f8fcae	2018-03-03	Cool Stuff	RJ	Rio De Janeiro	238.0	19.91	257.91	On-Time	24.5	3	Potential Loyalists
077c116b10b1c482b78d24fad9fa14a3	2017-03-21	Electronics	SP	Guarulhos	45.49	10.96	56.45	On-Time	5.8	5	Lost / Hibernating
077c51e0b25a9c8393b39a3f8c4a8cfe	2017-11-27	Auto	SP	Mogi Das Cruzes	335.0	10.91	345.91	On-Time	2.1	5	About To Sleep
077d6b93c4e88d06b124cf24fb67a28e	2017-06-17	Computers Accessories	RJ	Niteroi	89.0	15.37	104.37	On-Time	17.0	5	Lost / Hibernating
078012a290408a687e5802ac7ad6c0aa	2017-05-17	Health Beauty	SP	Sao Paulo	126.0	15.63	141.63	On-Time	7.7	5	Lost / Hibernating
07808f3f87407774955a7ceb2f4fe5d2	2018-08-01	Bed Bath Table	MG	Belo Horizonte	85.9	18.4	104.3	On-Time	5.0	5	New Customers
078095c153e500cfcdd068f00b8d2e98	2017-08-24	Health Beauty	RJ	Queimados	89.99	14.38	104.37	On-Time	12.3	5	Lost / Hibernating
0782e07a7692b86e29c3fcec805b3bfc	2018-07-03	Small Appliances Home Oven And Coffee	SP	Sao Paulo	359.0	29.45	388.45	On-Time	3.0	5	Potential Loyalists
0782e07a7692b86e29c3fcec805b3bfc	2018-07-03	Small Appliances Home Oven And Coffee	SP	Sao Paulo	595.0	29.45	624.45	On-Time	3.0	5	Potential Loyalists
0784e3f6a8f38d4ce8ecbf36ddc57c78	2018-01-11	Perfumery	SC	Joinville	129.9	17.35	147.25	On-Time	11.3	4	About To Sleep
0785459f4688c430590e9ef6eff2fecb	2018-08-27	Telephony	SP	Sao Paulo	29.99	7.47	37.46	On-Time	2.9	5	New Customers
07860da7c16265a28de8c2b2e9f4552b	2018-05-26	Watches Gifts	PR	Nova Londrina	78.0	9.77	87.77	On-Time	18.2	4	New Customers
078631b9a61981e46492905d792730c2	2018-01-29	Health Beauty	MT	Cuiaba	36.99	21.15	58.14	On-Time	22.3	3	Promising Recent
0786c4c0e6cac26fe4f5c558b232e392	2017-08-17	Bed Bath Table	SP	Aracatuba	62.0	16.06	78.06	On-Time	11.3	5	Lost / Hibernating
0787c233e9c027ebb134e0339cdc1ef2	2017-08-20	Computers Accessories	SP	Porto Ferreira	79.9	12.69	92.59	On-Time	8.1	5	Lost / Hibernating
07883af69dfb22686ef985505006f9af	2018-01-22	Furniture Decor	SP	Araras	88.34	16.25	104.59	On-Time	8.0	5	Promising Recent
07883f86dff5e5622fe054225f176aa7	2018-05-18	Bed Bath Table	RJ	Teresopolis	96.0	15.52	111.52	On-Time	19.0	5	Potential Loyalists
07884a0d48bbdae5f9a1d8582b57e09b	2017-11-03	Telephony	PR	Sarandi	29.99	15.1	45.09	On-Time	10.4	5	About To Sleep
078c2d9bb7e5905e870838448db0d3b3	2018-03-25	Bed Bath Table	MG	Belo Horizonte	68.0	18.69	86.69	On-Time	3.2	3	Potential Loyalists
078c2d9bb7e5905e870838448db0d3b3	2018-03-25	Bed Bath Table	MG	Belo Horizonte	29.9	18.69	48.59	On-Time	3.2	3	Potential Loyalists
078c97da8566e6052ff4f0925dadcbb4	2018-01-27	Telephony	BA	Salvador	37.99	15.79	53.78	On-Time	26.3	2	Promising Recent
078c9d6d720f254fc10c5a162169197f	2018-05-29	Bed Bath Table	SP	Sao Paulo	89.9	13.99	103.89	On-Time	8.7	4	New Customers
078d2f79c229fd2c2759339ac97242f4	2018-07-26	Bed Bath Table	MG	Uba	199.9	27.7	227.6	On-Time	5.3	5	Potential Loyalists
078db7c551c5b6a107ba6d586a13f14d	2018-05-21	Watches Gifts	SP	Sao Paulo	39.0	7.39	46.39	On-Time	1.9	5	New Customers
078e048ccc8dc8b449dedc064b860b0f	2017-06-22	Housewares	SP	Sao Paulo	59.9	14.13	74.03	Delayed	17.6	1	Lost / Hibernating
078f6a01964ee122ef20881df839af31	2018-08-06	Home Appliances 2	PR	Curitiba	2350.0	69.2	2419.2	On-Time		1	New Customers
078f6e79012194cd9eb77b10f6753d77	2018-08-05	Pet Shop	MG	Belo Horizonte	69.99	15.59	85.58	On-Time	4.2	5	Potential Loyalists
078f6e79012194cd9eb77b10f6753d77	2018-08-05	Pet Shop	MG	Belo Horizonte	69.99	15.59	85.58	On-Time	4.2	5	Potential Loyalists
07900b3f0c35328917b0bec1c06cd28b	2018-05-18	Signaling And Security	RS	Veranopolis	75.9	19.5	95.4	On-Time	18.1	4	New Customers
079034c04662f3d7dce287df9e4e5489	2018-07-24	Computers Accessories	RN	Natal	24.99	22.9	47.89	On-Time	9.1	5	New Customers
0791c9a8e89bfcc422ab718dd43f2dca	2017-07-02	Furniture Decor	RJ	Resende	34.99	15.1	50.09	On-Time	9.0	5	Lost / Hibernating
07926fd3755c862341b7c7a15ef40b30	2018-04-15	Baby	SP	Guaruja	29.99	14.43	44.42	On-Time	8.9	1	Promising Recent
07946e40cd8c6b2ab27f0fe14f21f7dd	2018-06-22	Health Beauty	SC	Joinville	160.0	23.05	183.05	On-Time	9.7	4	Potential Loyalists
0794929f95ad2d3371bf525e22a2603f	2017-11-06	Computers Accessories	RN	Natal	134.0	47.47	181.47	On-Time	15.4	5	Customers Needing Attention
0796436a57062ff1b4a95616fdf3f2fa	2018-08-19	Health Beauty	SP	Campinas	349.9	17.55	367.45	On-Time	9.0	5	Potential Loyalists
07983cb4fc401b8663874432b9b14124	2018-03-06	Bed Bath Table	PR	Sao Jose Dos Pinhais	69.9	23.07	92.97	On-Time	19.7	4	Promising Recent
0799a27b55977a0aedea205def0a6297	2017-11-28	Cool Stuff	RJ	Rio De Janeiro	189.9	15.08	204.98	On-Time	14.1	5	About To Sleep
0799d89dedaf5ef08f3a90b967cb2ccd	2018-02-22	Telephony	RJ	Rio De Janeiro	219.0	17.97	236.97	Delayed	75.8	4	Potential Loyalists
079aa97bd14929502e11d87d14790792	2018-08-14	Watches Gifts	RJ	Macae	145.0	19.12	164.12	On-Time	6.0	5	Potential Loyalists
079ad290e98bc46b5d7e0ce9fc15af1b	2018-04-04	Toys	RJ	Niteroi	54.9	22.96	77.86	On-Time	4.9	5	Promising Recent
079ade008533bd5cb246826aceace87d	2018-01-22	Office Furniture	SP	Carapicuiba	40.0	8.72	48.72	On-Time	3.7	4	Promising Recent
079b09f210081037c1f444e2eaca1e38	2018-04-27	Health Beauty	BA	Jacobina	58.99	22.12	81.11	Delayed	39.2	1	Loyal Customers
079b79bacc6e0a0c7ed93cd6e3624f6e	2017-07-30	Toys	CE	Caninde	51.4	25.64	77.04	On-Time	15.0	5	Lost / Hibernating
079c9f53e6c3253320db701a645b0b9a	2018-08-09	Health Beauty	MG	Belo Horizonte	84.3	13.93	98.23	On-Time	6.9	5	New Customers
079f102825b0dc326dd6cb10f33eeb21	2018-02-23	Watches Gifts	RJ	Niteroi	759.9	20.08	779.98	On-Time	7.4	5	Potential Loyalists
079f16689c29acb6cab92978e6af2137	2018-05-09	Furniture Decor	RS	Porto Alegre	69.9	0.0	69.9	On-Time	17.0	4	New Customers
079f35f555387ba548cf2a98cca8c43e	2018-04-13	Health Beauty	SP	Sao Paulo	129.9	15.79	145.69	On-Time	13.1	5	Potential Loyalists
07a038893865b59b24c46892652be2b7	2018-07-10	Telephony	BA	Gongogi	29.99	22.14	52.13	On-Time	13.9	4	New Customers
07a0bc58f3b841724c5b8c649da441d5	2018-01-17	Bed Bath Table	MG	Dores De Campos	138.0	28.35	166.35	On-Time	20.1	5	About To Sleep
07a26b88cc90e93f5c9401de11a60793	2018-08-22	Baby	SP	Sao Paulo	12.9	7.39	20.29	On-Time	3.2	5	New Customers
07a394899e1b5de598df8ff3ea5edf37	2018-08-09	Signaling And Security	MG	Itanhandu	8.9	18.23	27.13	On-Time	8.0	5	New Customers
07a3ecc544326f0c462c5423eaca1812	2017-08-07	Stationery	PA	Belem	165.0	18.43	183.43	On-Time	11.0	3	Lost / Hibernating
07a4d91148af619890def9a1ac3de73f	2018-06-04	Housewares	RJ	Rio De Janeiro	139.99	15.86	155.85	On-Time	8.9	4	Potential Loyalists
07a4d93bf559c596edf3f808c5af4720	2017-04-28	Toys	AL	Traipu	42.99	20.8	63.79	On-Time	23.8	4	Lost / Hibernating
07a75ef36022ad882d61416543b23c54	2018-05-15	Watches Gifts	MG	Belo Horizonte	130.0	10.58	140.58	On-Time	6.9	5	Potential Loyalists
07a78584049fe9dca82ae7bf5717d8b9	2018-08-02	Cool Stuff	SP	Carapicuiba	265.0	24.57	289.57	Delayed	6.2	5	Potential Loyalists
07a8cc4e00c23ade7ccb29786d3de771	2018-02-26	Garden Tools	RJ	Petropolis	124.0	15.62	139.62	Delayed	37.0	1	Potential Loyalists
07a95f982477a213f498dba6bd405372	2018-05-11	Furniture Decor	SP	Campinas	60.0	8.88	68.88	On-Time	7.2	5	New Customers
07a97e5f41dfa29925b661eee8e73c26	2017-08-16	Computers Accessories	TO	Araguaina	59.0	25.69	84.69	On-Time	13.4	5	Lost / Hibernating
07ac486a7e139e73d66011849fa5779d	2018-07-28	Bed Bath Table	MG	Contagem	44.9	18.41	63.31	On-Time	5.2	5	New Customers
07ac5d2775e382ce0fa8132f74330cb2	2017-11-27	Office Furniture	PE	Recife	159.94	40.39	200.33	Delayed	40.5	1	About To Sleep
07acf8d0ac910602fc85e7355a386ba0	2018-01-16	Garden Tools	SP	Mogi Das Cruzes	120.0	45.3	165.3	On-Time	11.0	4	About To Sleep
07ad2a87dfce684f0b6a23886db925c9	2017-04-27	Computers Accessories	SC	Indaial	22.0	14.52	36.52	On-Time	18.1	1	Lost / Hibernating
07ad2a87dfce684f0b6a23886db925c9	2017-04-27	Computers Accessories	SC	Indaial	22.0	14.52	36.52	On-Time	18.1	1	Lost / Hibernating
07adb4d17fca01935d0590d775e9569f	2017-05-21	Unknown	PR	Ponta Grossa	69.9	19.73	89.63	On-Time	15.3	4	Lost / Hibernating
07adbbb19edf0b09473e75febe708354	2017-04-26	Health Beauty	RJ	Itaguai	19.99	14.52	34.51	On-Time	13.8	1	Lost / Hibernating
07ae1be141672315e599bc7ebf23c5f5	2017-10-05	Watches Gifts	SP	Piracicaba	239.9	9.26	249.16	On-Time	1.9	5	About To Sleep
07b0c48ffce8f9ad9878efed80bb428d	2018-08-16	Health Beauty	SP	Guaranta	122.99	63.11	186.1	On-Time	10.8	5	Potential Loyalists
07b1682544dc5cbc0eb87fb56e1374b5	2018-08-09	Pet Shop	SP	Sao Paulo	89.7	18.73	108.43	On-Time	7.8	5	Potential Loyalists
07b1810af93ee79a38977779e7a410d0	2018-08-08	Telephony	ES	Vitoria	11.87	15.23	27.1	On-Time	11.9	3	New Customers
07b21e603088925f04bb9034954fe5fa	2018-05-09	Office Furniture	MT	Primavera Do Leste	94.9	31.31	126.21	On-Time	15.4	5	Potential Loyalists
07b3fa22681348d67c91811d31b60e69	2018-01-09	Furniture Decor	SP	Guarulhos	49.9	8.72	58.62	On-Time	3.7	3	About To Sleep
07b4d304ff7e33edf1f9e8a63768204b	2017-12-05	Telephony	PI	Teresina	26.99	21.15	48.14	On-Time	25.1	4	About To Sleep
07b4f186d84795c78fcd70a18b36c256	2018-08-09	Health Beauty	RS	Porto Alegre	49.98	15.45	65.43	On-Time	14.4	3	New Customers
07b56b1c06dbdc14a4031c21261a7fec	2017-04-12	Auto	RJ	Rio De Janeiro	279.0	18.79	297.79	On-Time	15.9	5	Lost / Hibernating
07b632a4645a2dba01074abfe4f34c4b	2017-09-18	Bed Bath Table	SP	Praia Grande	79.9	11.76	91.66	On-Time	1.5	5	About To Sleep
07b683def65270f286578e5208c5adc0	2018-05-11	Sports Leisure	SP	Atibaia	149.99	8.81	158.8	On-Time	6.1	3	Potential Loyalists
07b6b194d5b1f0c26bbc794748048aeb	2017-10-18	Sports Leisure	SP	Santo Andre	229.0	12.81	241.81	On-Time	1.7	4	About To Sleep
07b6fba80722b4ba2988ef68f8e20c9f	2018-02-17	Health Beauty	RJ	Rio De Janeiro	99.9	13.53	113.43	On-Time	9.1	5	Potential Loyalists
07b76b6fdc57b96ed6406457e05ddecb	2017-08-03	Furniture Decor	SP	Sao Paulo	75.0	13.08	88.08	On-Time	7.1	4	Lost / Hibernating
07b79f0a3ce4734c9f80f8f932ffd4ab	2018-05-21	Housewares	PR	Curitiba	174.97	23.76	198.73	On-Time	12.3	5	Potential Loyalists
07b8c9805a09c2feacc0864c00ec244e	2017-09-04	Bed Bath Table	SP	Limeira	143.54	16.63	160.17	On-Time	10.2	3	Lost / Hibernating
07b9098123333f897ad332b7c9c3820d	2017-08-24	Baby	SP	Sao Paulo	9.99	11.73	21.72	On-Time	3.9	3	Lost / Hibernating
07b9210fa8f57b996c79cb931e817393	2018-01-25	Toys	CE	Maracanau	30.5	17.63	48.13	On-Time		4	Promising Recent
07b93986d3989da936b0f9dfc9ab8972	2018-04-05	Sports Leisure	ES	Viana	120.0	15.72	135.72	On-Time	15.4	5	Potential Loyalists
07b9e5abd7254b1a85eb14ad3a1117e5	2017-10-09	Housewares	SP	Sorocaba	135.0	58.9	193.9	On-Time	10.6	1	About To Sleep
07ba523a0c48b0ae0920551684e13ab9	2017-08-08	Auto	TO	Palmas	109.0	21.16	130.16	On-Time	10.1	4	Lost / Hibernating
07bca5c8ae457c75c959c5e26fc04e3f	2018-05-13	Watches Gifts	RJ	Cabo Frio	349.9	19.52	369.42	On-Time	22.0	5	Potential Loyalists
07bca5c8ae457c75c959c5e26fc04e3f	2018-05-13	Watches Gifts	RJ	Cabo Frio	119.9	19.52	139.42	On-Time	22.0	5	Potential Loyalists
07bcb0695fd4e3121e2fae21fbef3d28	2018-07-25	Housewares	MG	Belo Horizonte	125.9	16.19	142.09	On-Time	9.1	5	Potential Loyalists
07bd0c7e13ac7c3a408dd3bc8f18fc78	2018-01-30	Computers Accessories	SP	Guarulhos	276.9	19.19	296.09	On-Time	15.3	1	Loyal Customers
07bd0c7e13ac7c3a408dd3bc8f18fc78	2018-01-30	Computers Accessories	SP	Guarulhos	276.9	19.19	296.09	On-Time	15.3	1	Loyal Customers
07bdb6811431a929abbd2ada5c891dc5	2017-08-03	Home Confort	SP	Santo Andre	76.9	12.04	88.94	On-Time	4.9	5	Lost / Hibernating
07bdb6811431a929abbd2ada5c891dc5	2017-08-03	Home Confort	SP	Santo Andre	76.9	12.04	88.94	On-Time	4.9	5	Lost / Hibernating
07be9bc8241fb542df3e10f395d5b412	2018-01-29	Baby	SP	Santos	899.0	67.48	966.48	Delayed	16.4	2	Potential Loyalists
07bebda8aee4b9a600d9c2c1a73f93a5	2017-10-26	Sports Leisure	MT	Cuiaba	65.0	15.89	80.89	On-Time	11.1	4	About To Sleep
07bebe0626c8053ad425381fe0882655	2017-09-22	Garden Tools	PR	Ponta Grossa	59.9	17.67	77.57	On-Time	13.4	5	About To Sleep
07bec24c128f1f4047bfc582732c1d9d	2017-12-11	Toys	SP	Sao Paulo	79.9	7.81	87.71	On-Time	2.5	5	About To Sleep
07bf5c685616f41e3e2ec06b6f5623ff	2018-02-26	Computers Accessories	SP	Sao Joaquim Da Barra	82.8	15.33	98.13	Delayed	24.7	3	Promising Recent
07bfea8893b7262f7d61cfb2068b12c3	2018-03-07	Telephony	RJ	Miguel Pereira	29.98	18.23	48.21	Delayed	28.4	3	Promising Recent
07c03f32b0199526169eecbbe8c029d8	2017-07-20	Home Appliances	PR	Curitiba	782.25	20.23	802.48	On-Time	12.2	5	Lost / Hibernating
07c04599729da94f8aeb0974035ac307	2017-09-30	Furniture Decor	SP	Sao Jose Dos Campos	13.9	11.85	25.75	On-Time	13.2	2	About To Sleep
07c066e1f4929584a77a8be911a0997f	2017-08-07	Garden Tools	SP	Sao Paulo	59.9	13.44	73.34	On-Time	7.1	5	Lost / Hibernating
07c09839b4951ac37863cf9f0f79dedf	2018-05-04	Sports Leisure	RS	Porto Alegre	54.9	15.26	70.16	On-Time	15.7	5	Promising Recent
07c25d3d928865cf442fac10a30163c0	2018-01-12	Computers Accessories	CE	Aracati	39.9	15.1	55.0	On-Time	12.3	5	About To Sleep
07c33a9470d0df2a30cc8a8ebd0288d1	2018-05-16	Dvds Blu Ray	SP	Sao Paulo	83.99	11.21	95.2	On-Time	6.9	4	New Customers
07c60b22ef2c61750215fd44cf67f928	2018-08-05	Stationery	SP	Sao Paulo	105.9	11.76	117.66	Delayed	7.9	5	Potential Loyalists
07c670122da5df034ba8618528ed9bc8	2017-08-16	Home Appliances	RJ	Rio De Janeiro	69.9	17.74	87.64	On-Time		1	Lost / Hibernating
07c7fa36b89dfaf7267abe05818b2322	2017-05-27	Unknown	SP	Marilia	94.99	16.29	111.28	On-Time	11.3	5	Lost / Hibernating
07c81434b5f46c9c3eacd48e60d50747	2018-05-09	Electronics	SP	Itapevi	18.9	13.47	32.37	On-Time	7.4	5	New Customers
07c86971c5f40e822bd71ab44f684fad	2017-07-13	Bed Bath Table	SP	Cotia	245.9	48.43	294.33	On-Time	8.9	1	At Risk
07c86971c5f40e822bd71ab44f684fad	2017-07-13	Bed Bath Table	SP	Cotia	245.9	48.43	294.33	On-Time	8.9	1	At Risk
07c8d74971a3302f6e7d2b0017ffb295	2017-12-04	Sports Leisure	SC	Florianopolis	37.8	37.87	75.67	On-Time	24.9	4	About To Sleep
07ca34c2d97b99d913debf2866805373	2017-09-23	Bed Bath Table	RJ	Rio De Janeiro	110.0	21.26	131.26	On-Time	9.7	5	About To Sleep
07ca60831e2821d9443f1a0dccecf9ca	2017-08-13	Cool Stuff	MG	Montes Claros	118.99	18.08	137.07	On-Time	5.3	5	Lost / Hibernating
07cacf10cc226618237904718bfb96c2	2017-06-19	Furniture Decor	DF	Brasilia	79.99	17.81	97.8	On-Time	17.8	5	Lost / Hibernating
07cba3be3e87c6b1acd31377b79122b1	2017-06-26	Watches Gifts	SC	Corupa	124.9	15.62	140.52	On-Time	10.0	5	Lost / Hibernating
07cbb7b6d1c67566a892673386b5bb9b	2018-08-19	Cool Stuff	RJ	Comendador Levy Gasparian	199.0	28.34	227.34	On-Time	8.2	4	Potential Loyalists
07cbd6088d2dc5108e16680fa00b7045	2017-10-11	Pet Shop	SP	Sao Paulo	69.99	8.11	78.1	On-Time	6.0	5	About To Sleep
07ce92f08ada3b994983794188b7a902	2018-03-19	Furniture Decor	CE	Santa Quiteria	129.8	82.76	212.56	On-Time	17.4	1	Potential Loyalists
07d08b17b3bcb01de09f8306ee0c32ca	2018-03-17	Health Beauty	RJ	Nova Iguacu	58.99	16.73	75.72	On-Time	19.0	1	Promising Recent
07d13d352c85dfbfa60dc56dea818335	2017-01-22	Health Beauty	SP	Sao Paulo	23.9	8.72	32.62	On-Time	9.9	1	Lost / Hibernating
07d15c4a386205b033ba176848387b08	2018-03-28	Garden Tools	SP	Indaiatuba	53.9	13.46	67.36	On-Time	14.1	1	Promising Recent
07d23ebd900562c310938c158c23d6be	2018-04-21	Health Beauty	SP	Ribeirao Preto	29.9	11.89	41.79	On-Time	6.0	5	Promising Recent
07d2babcd3c3d273aee2781512cc5904	2017-12-20	Christmas Supplies	SP	Presidente Prudente	69.9	18.38	88.28	On-Time	8.7	5	About To Sleep
07d35f516238db3cf2e71da57744922d	2018-02-04	Furniture Decor	SP	Sao Paulo	10.9	11.85	22.75	On-Time	17.3	3	Promising Recent
07d35f516238db3cf2e71da57744922d	2018-02-04	Furniture Decor	SP	Sao Paulo	10.9	11.85	22.75	On-Time	17.3	3	Promising Recent
07d393eec6ab2c8c4a90dd4344b6abf9	2018-03-03	Toys	SP	Mairipora	209.0	43.66	252.66	On-Time	18.3	5	Potential Loyalists
07d395244b58ce72bbecdafbb1b60ace	2018-07-02	Computers Accessories	MG	Campo Alegre De Minas	119.0	18.93	137.93	On-Time	17.8	1	Potential Loyalists
07d3db06b53989748df4ae194f6b0fde	2017-06-17	Watches Gifts	MG	Juiz De Fora	379.99	18.42	398.41	On-Time	4.9	4	Lost / Hibernating
07d3edf3fa2d24ebc102315c95ec89f4	2018-08-01	Computers Accessories	SP	Fartura	12.99	12.79	25.78	On-Time	7.2	4	New Customers
07d4b24a68e2180d4bc5aaf5384fa78b	2017-12-30	Fashion Bags Accessories	MG	Joao Monlevade	49.0	15.13	64.13	On-Time	8.9	4	About To Sleep
07d4b24a68e2180d4bc5aaf5384fa78b	2017-12-30	Fashion Bags Accessories	MG	Joao Monlevade	59.0	15.13	74.13	On-Time	8.9	4	About To Sleep
07d5adada619115cf4c03f49fc8c5e74	2018-04-30	Computers Accessories	GO	Jatai	399.0	21.76	420.76	On-Time	11.4	4	Potential Loyalists
07d60a76803db63f0ca6708011e8cf9b	2018-04-13	Pet Shop	MG	Contagem	168.8	16.06	184.86	On-Time	15.0	5	Loyal Customers
07d731b81475104eea3237055f7c0c39	2017-11-26	Garden Tools	RJ	Resende	49.0	17.64	66.64	Delayed	38.4	1	About To Sleep
07d9d11b0175952638ddd53d7855f8a7	2017-11-22	Housewares	SP	Sao Paulo	34.78	8.72	43.5	On-Time	7.9	5	About To Sleep
07d9d11b0175952638ddd53d7855f8a7	2017-11-22	Housewares	SP	Sao Paulo	34.78	8.72	43.5	On-Time	7.9	5	About To Sleep
07da7d9fe6a7a8388af1f996b3bb0472	2017-12-18	Electronics	RS	Garibaldi	13.3	15.1	28.4	On-Time	8.0	5	About To Sleep
07da984520cb8c0de39f0b96b92c08f6	2018-03-26	Luggage Accessories	PR	Curitiba	49.99	16.32	66.31	On-Time	15.0	5	Promising Recent
07dacc7fe07040f20aac7d9510950eff	2017-11-26	Sports Leisure	SP	Itapolis	72.62	12.85	85.47	On-Time	8.0	5	About To Sleep
07dba073c2b18c2c748f28ed51c87ee8	2018-02-08	Garden Tools	SC	Capivari De Baixo	101.0	46.01	147.01	On-Time	28.2	5	Potential Loyalists
07dc1dc61c5ee9a1387069fec64b6663	2018-08-03	Toys	MG	Araxa	45.9	13.66	59.56	On-Time	5.4	5	New Customers
07dcf38560b8c50e101b3281edda6112	2017-10-03	Computers Accessories	SP	Itapeva	45.9	11.85	57.75	On-Time	3.2	4	About To Sleep
07ddc871675f337ce763af5edb521194	2017-11-01	Sports Leisure	SC	Barra Velha	229.9	18.86	248.76	On-Time	13.3	5	About To Sleep
07dedb9d22cef1af1540ab753c537c4c	2017-09-13	Garden Tools	RJ	Rio De Janeiro	99.0	34.05	133.05	On-Time	10.2	5	Lost / Hibernating
07dee0f0916a444098de4beea749c5e5	2018-02-02	Bed Bath Table	SP	Mirassol	119.9	31.87	151.77	On-Time	17.4	5	Potential Loyalists
07df21cf38c17b4fef05f15d23e3cce7	2018-03-05	Stationery	SP	Sao Paulo	169.0	8.92	177.92	On-Time	2.2	5	Potential Loyalists
07df89d2b7c5f2d12c3eb2a3ebbe66af	2018-05-05	Telephony	SP	Nova Odessa	24.99	7.39	32.38	On-Time	5.1	4	Promising Recent
07e2767fa261c1d690924d6d3baa379f	2018-02-23	Home Appliances	SP	Sao Jose Do Rio Preto	699.0	33.68	732.68	On-Time	10.1	5	Potential Loyalists
07e2a9d486a8394f2700230396e8d5f0	2018-02-17	Garden Tools	MA	Sao Luis	209.9	61.93	271.83	Delayed	44.0	1	Potential Loyalists
07e43f12d5d3bd569e03916b9482a8d5	2017-08-04	Telephony	ES	Governador Lindenberg	12.97	15.1	28.07	On-Time	11.3	3	Lost / Hibernating
07e481567db300783aa22d7cd202f1b8	2017-05-22	Electronics	SP	Sao Paulo	415.99	11.11	427.1	On-Time	6.8	5	Lost / Hibernating
07e4ea9fe9fcc49b673d7d3197b5da23	2017-05-09	Office Furniture	RJ	Rio De Janeiro	129.6	14.66	144.26	On-Time	16.0	4	Lost / Hibernating
07e4ea9fe9fcc49b673d7d3197b5da23	2017-05-09	Office Furniture	RJ	Rio De Janeiro	129.6	14.66	144.26	On-Time	16.0	4	Lost / Hibernating
07e5349fe32847b4bc266836cda0705c	2017-11-27	Health Beauty	SP	Itapecerica Da Serra	69.0	18.72	87.72	On-Time	7.1	5	About To Sleep
07e59229a9b5b12c82297cc571bd8281	2017-03-04	Baby	RJ	Nova Iguacu	25.0	17.78	42.78	On-Time	5.6	5	Lost / Hibernating
07e5d726cba4eb976dc6c2db2ceae28f	2018-02-07	Health Beauty	SP	Braganca Paulista	59.9	15.17	75.07	On-Time	20.2	5	Loyal Customers
07e68b7ed834c392f26a154d8997115b	2018-08-04	Telephony	MG	Monte Carmelo	179.9	19.36	199.26	On-Time	6.3	4	Potential Loyalists
07e74b39ce62a7c6f7063b3168748191	2018-08-01	Health Beauty	SP	Sao Paulo	56.9	11.42	68.32	Delayed	5.2	4	Potential Loyalists
07e74b39ce62a7c6f7063b3168748191	2018-08-01	Health Beauty	SP	Sao Paulo	56.9	11.42	68.32	Delayed	5.2	4	Potential Loyalists
07e85d403be2aca377eebdf6581323fc	2018-08-11	Furniture Living Room	SP	Braganca Paulista	415.9	104.12	520.02	On-Time	9.1	5	Potential Loyalists
07e8a98c9affe8a0d02edf6229912b90	2017-07-17	Electronics	BA	Salvador	150.0	17.62	167.62	On-Time	11.8	5	Lost / Hibernating
07e8c8c7545c3cf6386eaf464b1e8365	2018-08-08	Pet Shop	MG	Juiz De Fora	280.0	76.76	356.76	Delayed	22.4	3	Potential Loyalists
07ea296aee6d3fc7e722d3d2716448c9	2018-05-01	Toys	SP	Sao Paulo	23.0	7.39	30.39	On-Time	2.2	5	Promising Recent
07edcfe51903bc7e23501f6b87f2bc46	2018-05-30	Housewares	BA	Salvador	179.0	26.99	205.99	On-Time	12.2	5	Potential Loyalists
07efb6b65a21feb31a7567eb0dbd2476	2017-07-13	Perfumery	MA	Sao Luis	56.99	21.2	78.19	On-Time	22.3	1	Lost / Hibernating
07f18be24ff2d6a39b166d2fce1bc2b3	2018-05-12	Pet Shop	BA	Salvador	129.99	19.6	149.59	On-Time	11.9	3	Potential Loyalists
07f267d3cb28221009ef6852101d70c7	2018-01-26	Health Beauty	SP	Carapicuiba	29.9	8.11	38.01	On-Time	4.4	4	Promising Recent
07f2e5679e13d0e45de9da85bb833558	2018-07-11	Watches Gifts	SP	Sao Paulo	23.9	7.43	31.33	On-Time	1.3	4	New Customers
07f375fa02d74b14cf7562276d6932f1	2017-11-28	Watches Gifts	PA	Igarape-Acu	69.0	25.76	94.76	On-Time	17.4	4	About To Sleep
07f37be24f36255553680d16336b6d1a	2017-04-23	Bed Bath Table	SP	Franca	89.9	11.24	101.14	On-Time	3.6	3	Lost / Hibernating
07f400658513d45866ee381bace93793	2017-04-20	Sports Leisure	SP	Guarulhos	113.0	13.37	126.37	On-Time	18.6	5	Lost / Hibernating
07f56da421233e467768e579872a0a9b	2018-06-25	Electronics	SP	Santos	12.25	7.39	19.64	On-Time	3.0	5	New Customers
07f56da421233e467768e579872a0a9b	2018-06-25	Electronics	SP	Santos	12.25	7.39	19.64	On-Time	3.0	5	New Customers
07f57d42b535756c6e83baa0a5bcb322	2018-05-09	Telephony	RS	Osorio	29.99	12.76	42.75	On-Time	6.3	4	New Customers
07f593272eee0c411250e23e84846787	2017-11-14	Bed Bath Table	BA	Salvador	38.9	19.59	58.49	Delayed	27.0	5	About To Sleep
07f5b36b83b8a405657140cc50c0a1f9	2018-04-11	Toys	SP	Sao Paulo	79.9	18.44	98.34	On-Time	5.4	5	Promising Recent
07f5bb6759aecb6dd999fea544057758	2018-02-05	Health Beauty	CE	Paraipaba	89.99	27.17	117.16	On-Time	25.1	2	Loyal Customers
07f6947cb721727031402e0cd6d6e5e9	2018-08-07	Christmas Supplies	SP	Mogi-Guacu	19.83	12.8	32.63	On-Time	5.9	4	New Customers
07f6b1ad9ba4f7a4d2326adf7b8f517f	2017-08-23	Bed Bath Table	SP	Piracaia	93.24	13.67	106.91	On-Time	8.2	5	Lost / Hibernating
07f6c3baf9ac86865b60f640c4f923c6	2018-03-02	Fashion Bags Accessories	RJ	Niteroi	34.3	15.1	49.4	Delayed	46.0	1	Loyal Customers
07f6d8849f66cadda64c15cea9a6c321	2017-08-31	Telephony	RS	Gramado	24.99	15.1	40.09	On-Time	12.1	5	Lost / Hibernating
07f770114a6de1a65f865bf22d8bb20a	2018-08-06	Health Beauty	SP	Cruzeiro	62.9	14.02	76.92	On-Time	3.3	4	New Customers
07f83d154c11676890dc6275328ba6c1	2018-06-17	Watches Gifts	GO	Rubiataba	249.0	20.93	269.93	On-Time	9.3	5	Potential Loyalists
07f970754e737efe221e6349eeb5a8e7	2018-06-18	Health Beauty	PI	Bocaina	114.9	83.72	198.62	On-Time	16.4	5	Potential Loyalists
07f9acd4e59411df700a59f89d4da8ed	2018-08-02	Housewares	SC	Mafra	66.0	19.65	85.65	On-Time	6.9	5	New Customers
07fa03f414c1129ccd4a8fb44f441f13	2018-01-25	Bed Bath Table	SP	Sao Paulo	69.9	11.99	81.89	On-Time	6.9	5	Promising Recent
07fa3b6d7ec7fa27de9d00bdc93d36cf	2018-07-21	Electronics	SP	Sao Paulo	59.9	15.52	75.42	On-Time	9.2	4	New Customers
07fac8f9cadb792264f2985ef93eaa13	2017-04-26	Telephony	SP	Sao Jose Dos Campos	17.89	10.96	28.85	On-Time	17.1	2	Lost / Hibernating
07fbc4f433fc8754c492bc6dfb0b1c52	2017-07-05	Garden Tools	RJ	Rio Das Ostras	94.98	21.15	116.13	On-Time	20.5	4	Lost / Hibernating
07fc346abda30b632be799f5b4be2bd8	2017-07-17	Office Furniture	SP	Caieiras	199.97	31.7	231.67	On-Time	10.1	5	Lost / Hibernating
07fcf4ec8cadbea34c5b508e35e716c0	2018-04-17	Auto	SP	Sao Jose Do Rio Preto	143.8	19.93	163.73	On-Time	6.0	5	Potential Loyalists
07fda4bada645831fb11a20eaf52c2ef	2017-12-18	Cds Dvds Musicals	SP	Sao Paulo	65.0	9.94	74.94	On-Time	8.8	5	About To Sleep
07fe18147d98a22e8f8f5e43fc09d831	2018-04-17	Sports Leisure	RJ	Rio De Janeiro	86.99	18.19	105.18	On-Time	17.2	4	Promising Recent
07ff1545b26c5800dc2d25ab88055082	2018-03-05	Industry Commerce And Business	SC	Florianopolis	70.0	20.6	90.6	On-Time	14.9	4	Promising Recent
07ffab4def2a95548ff6ef1b9d7e0f5a	2018-03-19	Cool Stuff	SP	Sao Jose Do Rio Pardo	35.0	17.26	52.26	Delayed	24.0	1	Promising Recent
07fff3bc2afa0d164257d4f64c4c5116	2018-04-28	Sports Leisure	PR	Curitiba	99.9	21.78	121.68	On-Time	10.9	4	Potential Loyalists
0800193c2810da8b955ec8cae2b82e11	2018-01-25	Toys	MG	Belo Horizonte	99.0	25.73	124.73	On-Time	7.0	4	Potential Loyalists
08003b4e485e934387afc41448692e0a	2017-07-23	Unknown	SP	Carapicuiba	39.9	14.1	54.0	On-Time	4.1	4	Lost / Hibernating
0801f0d06dea3e577f48276a2a225597	2017-10-18	Fashion Bags Accessories	PE	Tabira	29.99	25.63	55.62	On-Time	6.8	5	About To Sleep
08030370edeb35f2f91b73f09f76a49b	2018-04-11	Auto	GO	Luziania	319.0	28.31	347.31	On-Time	12.4	5	Potential Loyalists
0803296b40e2392a6d35771832ca1d7a	2017-03-09	Home Confort	MG	Teofilo Otoni	42.0	14.52	56.52	On-Time	15.3	5	Lost / Hibernating
080353b05fa842120b49deabe1613a37	2017-07-03	Electronics	PE	Recife	90.99	17.92	108.91	On-Time	16.2	4	Lost / Hibernating
080353b05fa842120b49deabe1613a37	2017-07-03	Electronics	PE	Recife	90.99	17.92	108.91	On-Time	16.2	4	Lost / Hibernating
0804701eb9f74ec349c0b1dce5a83df7	2018-08-09	Computers Accessories	SP	Franco Da Rocha	40.0	14.58	54.58	On-Time	5.1	5	New Customers
080480ad9ab2cde9dd7f580cc063ecc9	2018-05-22	Computers Accessories	SC	Florianopolis	69.9	18.07	87.97	On-Time	7.0	5	New Customers
0805644614eb4e79eb6e5948057e2f1b	2018-02-14	Auto	MT	Agua Boa	398.0	60.58	458.58	On-Time	30.1	4	Potential Loyalists
0805ef7875f007ad8ae7f5179c939667	2018-03-26	Bed Bath Table	PA	Redencao	92.9	43.79	136.69	On-Time	28.2	4	Potential Loyalists
08061d4bd888415d50ba941cbd4324da	2017-02-28	Watches Gifts	SP	Mongagua	199.9	12.01	211.91	On-Time	7.7	5	Lost / Hibernating
0806cf8565810770735ccbff09d9d4c5	2017-12-06	Toys	RN	Natal	49.9	24.9	74.8	On-Time	14.2	4	About To Sleep
0807b732c1e7621078473cec87389c8d	2018-04-18	Stationery	RS	Porto Alegre	39.0	15.23	54.23	On-Time	8.3	5	Potential Loyalists
0807b732c1e7621078473cec87389c8d	2018-04-18	Stationery	RS	Porto Alegre	44.0	15.23	59.23	On-Time	8.3	5	Potential Loyalists
0807e3831ca17d1d980903674c61d019	2018-05-30	Perfumery	SP	Sao Paulo	264.5	10.21	274.71	On-Time	8.9	5	Potential Loyalists
0807ef98d4c6786b58238e6dfb2d2a9c	2018-01-24	Auto	SC	Treze Tilias	45.9	15.1	61.0	On-Time	22.9	5	Promising Recent
08090fccbb124a320054723db6201076	2017-11-26	Computers Accessories	MG	Itauna	19.9	15.1	35.0	On-Time	18.2	3	About To Sleep
080a96bd106fabe8c9a74df5cb5d8d26	2017-07-03	Toys	SP	Sao Paulo	149.0	14.06	163.06	On-Time	8.7	5	Champions
080c5db822472f28f4193dc902b9be32	2018-07-30	Furniture Decor	SP	Sao Paulo	49.99	9.1	59.09	On-Time	7.0	5	New Customers
080d1460c228aebf236ed5800edce044	2017-12-22	Health Beauty	PR	Londrina	99.9	15.45	115.35	On-Time	5.3	5	About To Sleep
081081d7c1bab4679737b9254c3e992a	2018-01-05	Bed Bath Table	SP	Sorocaba	129.9	12.61	142.51	On-Time	3.3	5	About To Sleep
0810ae0fa88d7880bf3d2fa5fa172f60	2018-01-21	Bed Bath Table	RJ	Trajano De Moraes	159.0	18.36	177.36	On-Time	25.0	4	Potential Loyalists
08119452a05228b9c7e379abf9622dab	2018-06-07	Baby	SP	Sao Paulo	149.9	24.91	174.81	On-Time	6.9	4	Potential Loyalists
0812b411edea2fcc36b4bc1f8e4e36aa	2018-01-13	Sports Leisure	SP	Sao Vicente	109.99	106.63	216.62	On-Time	16.3	5	About To Sleep
0812eb902a67711a1cb742b3cdaa65ae	2017-02-12	Housewares	MS	Campo Grande	6735.0	194.31	6929.31	On-Time	18.7	5	Lost / Hibernating
081409ec388a7be098904b884d149db0	2017-06-14	Pet Shop	SP	Sao Jose Do Rio Preto	115.9	29.6	145.5	On-Time	15.0	5	Lost / Hibernating
0814daa4d12a646aeb73c429d5852f4d	2018-07-28	Furniture Decor	MG	Pirapora	49.97	23.34	73.31	On-Time	5.3	3	New Customers
08158c9f50214fc5872aba47814160e7	2017-03-15	Computers Accessories	RS	Bento Goncalves	219.9	89.87	309.77	On-Time	11.9	1	Lost / Hibernating
0815bb5a3a3289fdf7ac65a426cb553a	2018-06-19	Bed Bath Table	SP	Sao Paulo	99.9	12.19	112.09	Delayed	14.9	5	Potential Loyalists
0817ec0f9c1ec6a3ae2826349129d4a7	2017-08-25	Bed Bath Table	RS	Erechim	89.9	17.88	107.78	On-Time	21.1	5	Lost / Hibernating
081820c2ad1ad7f6c452c1e845529fe8	2018-08-15	Stationery	RJ	Sao Pedro Da Aldeia	119.0	41.81	160.81	On-Time	8.8	5	Potential Loyalists
081857a1fe99545a55e83b3b1e8a8ce0	2018-04-19	Construction Tools Construction	MG	Resplendor	42.5	19.95	62.45	On-Time	12.8	1	Promising Recent
0818699476819463109688475b808343	2018-06-01	Small Appliances	SP	Olimpia	849.0	20.03	869.03	On-Time	8.3	3	Potential Loyalists
0818699476819463109688475b808343	2018-06-01	Small Appliances	SP	Olimpia	849.0	20.03	869.03	On-Time	8.3	3	Potential Loyalists
0818699476819463109688475b808343	2018-06-01	Small Appliances	SP	Olimpia	849.0	20.03	869.03	On-Time	8.3	3	Potential Loyalists
081aa4722ec9005a164bb9e2c2090911	2018-06-19	Health Beauty	SP	Sao Paulo	110.32	8.03	118.35	On-Time	3.4	5	Potential Loyalists
081aa4722ec9005a164bb9e2c2090911	2018-06-19	Health Beauty	SP	Sao Paulo	110.32	8.03	118.35	On-Time	3.4	5	Potential Loyalists
081acb555a1113c7c97b5c19a34852a1	2017-07-16	Dvds Blu Ray	RJ	Rio De Janeiro	16.9	17.63	34.53	On-Time	15.0	5	Lost / Hibernating
081bfb811c30ac2ba75d0013a7fc1d65	2017-07-14	Health Beauty	RJ	Nova Friburgo	89.99	15.38	105.37	On-Time	11.4	4	Lost / Hibernating
081c75b9982020f01f5672792408d728	2018-05-06	Musical Instruments	GO	Santa Helena De Goias	28.0	19.32	47.32	On-Time	10.1	2	New Customers
081d8e7957ea9756d18875b8505c2886	2017-12-28	Electronics	PI	Luzilandia	21.9	34.15	56.05	On-Time	19.0	5	About To Sleep
081dff6255d4b75937a72577339b2728	2018-03-13	Baby	SP	Mogi Mirim	17.8	8.64	26.44	On-Time	3.5	5	Promising Recent
081dff6255d4b75937a72577339b2728	2018-03-13	Baby	SP	Mogi Mirim	17.8	8.64	26.44	On-Time	3.5	5	Promising Recent
081e5884f403fbe66f3bce77c72c9230	2017-10-31	Computers Accessories	SP	Sao Paulo	30.21	13.37	43.58	On-Time	7.9	5	About To Sleep
081f94ba9d60353dcfa2200cf9bf42cc	2017-12-22	Toys	PA	Belem	119.99	21.24	141.23	On-Time	14.9	5	About To Sleep
08202fbf5047a2f85a0983ac291a69fb	2017-04-05	Telephony	SP	Guarulhos	119.99	21.29	141.28	On-Time	6.1	5	Lost / Hibernating
08204559bebd39e09ee52dcb56d8faa2	2018-01-14	Luggage Accessories	RJ	Nova Iguacu	87.9	15.38	103.28	On-Time	5.6	5	Customers Needing Attention
0820ec4a663815afde264b1f4cbfeccd	2017-12-27	Auto	SP	Presidente Prudente	139.0	13.31	152.31	On-Time	12.0	5	About To Sleep
08213e46524c11c2501c5d0a59ff8b7a	2018-04-21	Furniture Living Room	RJ	Rio De Janeiro	75.0	38.82	113.82	On-Time	37.3	1	Potential Loyalists
082143e4f5f63e4e768aa4d5c70d0d02	2017-06-14	Health Beauty	PR	Colombo	61.8	16.68	78.48	On-Time	11.7	5	Lost / Hibernating
0822275bffed889280029c0c32b003e6	2018-02-05	Electronics	RJ	Rio De Janeiro	21.9	14.1	36.0	Delayed	59.3	1	Promising Recent
08225af20bcc4b379e2019b723e44a45	2018-02-04	Telephony	SC	Joacaba	27.99	15.1	43.09	On-Time	30.7	5	Promising Recent
0822bcde10bb5d023755a71bc8f7797f	2018-05-07	Construction Tools Construction	SP	Sao Paulo	990.0	321.46	1311.46	On-Time	7.9	4	Potential Loyalists
082388d7ce9557ef064199ef978a8f3e	2018-07-29	Telephony	SP	Mogi Das Cruzes	14.9	8.29	23.19	On-Time	2.1	4	New Customers
082390c0275d73d20f55fec91903bbd7	2018-05-11	Perfumery	BA	Valenca	82.0	19.12	101.12	On-Time	21.2	3	Champions
082390c0275d73d20f55fec91903bbd7	2018-05-11	Sports Leisure	BA	Valenca	109.9	19.12	129.02	On-Time	21.2	3	Champions
0823dcbe6114c3aab2fc53d98117d916	2017-09-14	Sports Leisure	PE	Jaboatao Dos Guararapes	89.49	25.91	115.4	On-Time	12.5	4	Lost / Hibernating
0825a0aa574e4d49396e37335aa640f1	2017-10-12	Cool Stuff	RN	Mossoro	149.9	43.08	192.98	On-Time	22.1	4	About To Sleep
082730bdb06cc2b755fbb33becd6ccec	2018-07-24	Small Appliances Home Oven And Coffee	MG	Caratinga	30.0	18.31	48.31	On-Time	7.7	5	New Customers
08273b57741a2ee2f20725323393b0a2	2018-04-08	Housewares	SP	Sao Paulo	219.9	32.93	252.83	On-Time	1.9	4	Potential Loyalists
08288e829c6b9a810a4392bbc30545dc	2017-11-26	Electronics	SP	Sao Paulo	18.9	12.48	31.38	On-Time	12.2	4	About To Sleep
0828ce181ff4d87d201f07043986d0d2	2018-07-15	Musical Instruments	RS	Porto Alegre	59.9	46.72	106.62	On-Time	9.3	3	New Customers
0828f00051736863b477ea7277ddda6f	2017-09-29	Sports Leisure	SC	Joinville	72.9	13.66	86.56	On-Time	6.7	4	About To Sleep
0829f68cdf3850bb5977ac321e0fb8d5	2017-10-18	Sports Leisure	SP	Presidente Venceslau	13.65	15.98	29.63	Delayed	22.0	4	About To Sleep
082a40b17edc8dee91ba95b20b555815	2017-10-07	Cool Stuff	PB	Bananeiras	99.99	38.25	138.24	On-Time	11.9	5	About To Sleep
082b1b681e5c80c5334f290e6d5a5405	2017-11-22	Computers Accessories	SP	Sao Paulo	19.99	7.78	27.77	On-Time	3.0	5	About To Sleep
082b1b681e5c80c5334f290e6d5a5405	2017-11-22	Computers Accessories	SP	Sao Paulo	19.99	7.78	27.77	On-Time	3.0	5	About To Sleep
082b39e89779891345c6ebc6def4822d	2018-01-29	Cool Stuff	SP	Sao Paulo	144.99	12.22	157.21	On-Time	2.9	3	Loyal Customers
082c2f05e569e5d095ac086461bef733	2018-01-21	Health Beauty	GO	Goiania	179.9	16.02	195.92	On-Time	9.4	4	Loyal Customers
082c30f193b1a499078fafbfa3a2d6a7	2017-11-13	Fashion Bags Accessories	RJ	Guapimirim	270.0	16.64	286.64	On-Time	13.9	5	About To Sleep
082c7986084072affce4f8c0a20a39df	2018-02-28	Computers Accessories	MG	Lavras	42.79	12.48	55.27	Delayed	23.2	5	Promising Recent
082d1a4833001c9e4d9a97109ea180d6	2017-10-18	Health Beauty	SP	Ribeirao Preto	249.9	14.77	264.67	On-Time	2.5	5	About To Sleep
082d9e610509b115a17045c97c207811	2018-06-08	Computers Accessories	RJ	Bom Jesus Do Itabapoana	197.5	39.43	236.93	On-Time	10.6	5	Potential Loyalists
082d9e610509b115a17045c97c207811	2018-06-08	Computers Accessories	RJ	Bom Jesus Do Itabapoana	197.5	39.43	236.93	On-Time	10.6	5	Potential Loyalists
082d9e610509b115a17045c97c207811	2018-06-08	Computers Accessories	RJ	Bom Jesus Do Itabapoana	197.5	39.43	236.93	On-Time	10.6	5	Potential Loyalists
082d9e610509b115a17045c97c207811	2018-06-08	Computers Accessories	RJ	Bom Jesus Do Itabapoana	197.5	39.43	236.93	On-Time	10.6	5	Potential Loyalists
082da800c206687336a039aa7269d303	2018-05-02	Watches Gifts	SP	Lencois Paulista	159.9	19.0	178.9	On-Time	6.0	4	Potential Loyalists
082e1d9362de402518ac4c47b4d82dd0	2017-07-28	Computers Accessories	SP	Valinhos	49.9	8.27	58.17	On-Time	4.7	5	Lost / Hibernating
0830f0655920234ddca71663beb629cb	2018-05-23	Computers Accessories	RJ	Campos Dos Goytacazes	112.99	34.33	147.32	On-Time	16.4	1	Potential Loyalists
0830fb3429c4807bd185a32fe5241b8a	2017-12-12	Drinks	SP	Campinas	51.49	9.94	61.43	Delayed	17.6	3	About To Sleep
08320dbc54cab8156a9a9f7c74a8b078	2017-07-20	Garden Tools	RJ	Rio De Janeiro	120.0	34.2	154.2	On-Time	8.1	4	Lost / Hibernating
08322b6d209359f491acb1e5f89cb371	2018-08-22	Arts And Craftmanship	MG	Carmo Do Rio Claro	238.0	68.72	306.72	On-Time	8.1	5	Potential Loyalists
083556b25c9ff2ecef87ad43b8d265cc	2018-05-31	Audio	SP	Sao Paulo	119.59	9.19	128.78	On-Time	12.9	5	Potential Loyalists
083606af9191f3c3119ed90e616df1ca	2017-09-05	Telephony	PE	Camocim De Sao Felix	174.0	17.66	191.66	On-Time	13.2	5	Lost / Hibernating
083606af9191f3c3119ed90e616df1ca	2017-09-05	Telephony	PE	Camocim De Sao Felix	174.0	17.66	191.66	On-Time	13.2	5	Lost / Hibernating
083715659baf44018ac67f7914b85cdb	2018-05-19	Fashion Bags Accessories	SP	Mineiros Do Tiete	79.9	13.0	92.9	On-Time	5.2	5	New Customers
0838c36e9894cf5d929f58210d5b5bb0	2017-06-13	Market Place	PA	Belem	79.9	25.01	104.91	On-Time	14.1	5	Lost / Hibernating
083a0434b4fe46096d27412266b29d36	2018-03-29	Housewares	SC	Tubarao	69.8	19.46	89.26	On-Time	13.4	4	Promising Recent
083a4afaefd6690e5cf5918275c4e413	2017-09-13	Furniture Decor	DF	Brasilia	299.0	26.54	325.54	Delayed	24.4	4	Lost / Hibernating
083ade26303c53b4aa1c779b67d44485	2018-06-07	Sports Leisure	RJ	Rio De Janeiro	61.0	15.31	76.31	On-Time	7.8	5	New Customers
083b812dd46ddf24d9ae0b6429139c9f	2018-07-13	Toys	MG	Belo Horizonte	14.9	15.23	30.13	On-Time	11.6	5	New Customers
083c350532e95d46b3c25b7c41b1ad63	2018-05-28	Housewares	SP	Franco Da Rocha	79.0	13.46	92.46	On-Time	4.1	5	New Customers
083c3a567b005b0f7261c9c0c76fe151	2017-02-12	Furniture Decor	MG	Sao Domingos	59.9	17.16	77.06	On-Time	19.2	4	Lost / Hibernating
083dcb43c3410ea112ed46dc5e8f6674	2017-12-01	Watches Gifts	MS	Sidrolandia	228.0	18.04	246.04	On-Time	13.1	5	About To Sleep
083dcb43c3410ea112ed46dc5e8f6674	2017-12-01	Watches Gifts	MS	Sidrolandia	228.0	18.04	246.04	On-Time	13.1	5	About To Sleep
083dcf8ec0ff8aedc0d7ad8063baad80	2018-04-19	Computers Accessories	RJ	Petropolis	119.0	17.6	136.6	On-Time	14.0	4	Potential Loyalists
083f267075b03a6cd837f4faa2c7b881	2018-07-04	Health Beauty	PE	Recife	122.99	21.13	144.12	On-Time		1	Potential Loyalists
083fa2fb9d3de18eabbb3427045a1a1f	2018-07-03	Watches Gifts	RJ	Rio De Janeiro	119.0	18.93	137.93	On-Time	9.5	5	Potential Loyalists
084051935208c688c8cd5fae3d15810d	2017-02-24	Auto	BA	Porto Seguro	44.9	17.78	62.68	Delayed	32.0	5	At Risk
084080266521db39cd371403f8534271	2018-03-23	Toys	SC	Palhoca	89.0	19.59	108.59	On-Time	18.8	5	Potential Loyalists
08427834d148946950a3fe92a596e1e4	2017-11-29	Luggage Accessories	RS	Bage	54.9	26.92	81.82	On-Time	12.4	5	About To Sleep
08432abcf785878edf1221a0611960ea	2017-01-26	Sports Leisure	RS	Porto Alegre	29.99	17.19	47.18	On-Time	12.8	5	Lost / Hibernating
084408fe97c377238b5ee3e8bed4c99d	2017-11-25	Bed Bath Table	BA	Dias D'Avila	148.9	43.45	192.35	On-Time	16.6	4	About To Sleep
084420ecc28fd09f04b4d0c5fa9929e1	2017-05-23	Perfumery	BA	Teixeira De Freitas	219.99	17.98	237.97	On-Time	16.0	4	Lost / Hibernating
08445c33aae15e7639ae685a2763bf58	2017-10-07	Health Beauty	SP	Sao Paulo	121.9	13.87	135.77	On-Time	18.8	4	About To Sleep
08448f27d81d804598569621e1fb1d8e	2017-11-30	Perfumery	SP	Sao Paulo	56.99	8.72	65.71	On-Time	6.4	4	About To Sleep
08451f484ac3dba5140399d0b7e0a829	2018-01-02	Cool Stuff	PE	Petrolandia	65.0	25.73	90.73	On-Time	20.5	5	About To Sleep
0846185a9dfd578106358936887eb8a5	2018-01-02	Sports Leisure	RN	Natal	180.49	35.06	215.55	On-Time	7.6	5	About To Sleep
084644a489ac88b4ca68d2aa3dc91292	2018-08-20	Books General Interest	RS	Caxias Do Sul	87.9	18.72	106.62	On-Time	9.9	4	New Customers
0847671e74f36253e410d74921dff936	2017-11-25	Perfumery	SP	Praia Grande	49.9	8.72	58.62	On-Time	2.8	5	About To Sleep
0847b01cece36c36c9c439bd502babe5	2018-04-13	Furniture Decor	PI	Teresina	96.0	24.8	120.8	On-Time	17.7	3	Potential Loyalists
0847e79b172a265faa7bd23222c56222	2018-06-14	Furniture Decor	RJ	Rio De Janeiro	44.99	18.45	63.44	On-Time	7.0	5	New Customers
0848fc09700c8afc1c372a4b2b7be70a	2017-12-13	Construction Tools Construction	SP	Osvaldo Cruz	32.0	11.85	43.85	On-Time	14.3	5	About To Sleep
0848fc09700c8afc1c372a4b2b7be70a	2017-12-13	Construction Tools Construction	SP	Osvaldo Cruz	32.0	11.85	43.85	On-Time	14.3	5	About To Sleep
0848fc09700c8afc1c372a4b2b7be70a	2017-12-13	Construction Tools Construction	SP	Osvaldo Cruz	32.0	11.85	43.85	On-Time	14.3	5	About To Sleep
0849024969adbd058756b6d843f3c1c5	2017-12-17	Drinks	MG	Belo Horizonte	51.49	16.12	67.61	On-Time	5.0	5	About To Sleep
0849ccbfff0e8fd7168be6a62ca74a0d	2018-05-08	Watches Gifts	RJ	Cordeiro	99.9	0.0	99.9	On-Time	8.0	4	New Customers
0849eaf857ddbba0d7a97887503f9795	2017-12-01	Housewares	DF	Brasilia	85.0	21.43	106.43	On-Time	16.1	4	About To Sleep
084ac56b13107e32ab92934f70638bc9	2017-11-25	Sports Leisure	MG	Patos De Minas	1141.0	130.98	1271.98	On-Time	16.2	2	Customers Needing Attention
084ac8d010dca0cb81b1bd4f375a047e	2018-02-13	Furniture Decor	RJ	Rio De Janeiro	59.0	16.17	75.17	On-Time	13.1	4	Loyal Customers
084ac8d010dca0cb81b1bd4f375a047e	2018-02-13	Furniture Decor	RJ	Rio De Janeiro	59.0	16.17	75.17	On-Time	13.1	4	Loyal Customers
084ac8d010dca0cb81b1bd4f375a047e	2018-02-13	Furniture Decor	RJ	Rio De Janeiro	59.0	16.17	75.17	On-Time	13.1	4	Loyal Customers
084ac8d010dca0cb81b1bd4f375a047e	2018-02-13	Furniture Decor	RJ	Rio De Janeiro	59.0	16.17	75.17	On-Time	13.1	4	Loyal Customers
084aeb6e79318fd38a5129da7db217d2	2018-03-05	Computers Accessories	ES	Aracruz	129.0	44.98	173.98	On-Time	17.6	4	Potential Loyalists
084ba79e5ae4e7d7ff0221c538c38832	2018-04-26	Electronics	RJ	Rio De Janeiro	24.89	17.06	41.95	On-Time	7.2	5	Promising Recent
084ba8afde2ae7dcc7610239f97b7d43	2018-03-12	Construction Tools Safety	SP	Sao Jose Dos Campos	435.19	20.93	456.12	On-Time	7.0	5	Potential Loyalists
084ce670827e3ebb5f585818b985bc25	2018-07-03	Sports Leisure	RJ	Marica	98.89	25.04	123.93	On-Time	6.0	4	Champions
084ce670827e3ebb5f585818b985bc25	2018-07-03	Sports Leisure	RJ	Marica	98.89	25.04	123.93	On-Time	6.0	4	Champions
084dc35511ef0934cbe4f52d6b1e17ed	2018-05-16	Perfumery	SP	Sao Jose Dos Campos	13.99	7.39	21.38	On-Time	1.8	5	New Customers
084ded1a75b230fac5331c786694ab7f	2018-01-03	Furniture Decor	SP	Sao Jose Dos Campos	69.9	13.08	82.98	On-Time	6.9	4	About To Sleep
084e6aea84bfcc0627bf4da8d657938e	2018-01-12	Office Furniture	SP	Bauru	136.99	43.19	180.18	On-Time	19.5	3	About To Sleep
084eed5f31d7cd5291671a544852e5d4	2017-09-28	Watches Gifts	CE	Fortaleza	55.0	21.19	76.19	On-Time	18.1	4	About To Sleep
084f5caa157d28601e72b588e656e3ec	2017-07-01	Cool Stuff	MG	Varginha	629.0	67.08	696.08	On-Time	10.1	5	Lost / Hibernating
08504a0dce0a3cd13b3f7971d29fb991	2017-11-05	Watches Gifts	SP	Santo Andre	29.0	7.78	36.78	On-Time	3.3	4	Customers Needing Attention
0850d4915a0e1d284feb7aeee9f88573	2018-08-09	Baby	SP	Sao Paulo	48.9	9.09	57.99	On-Time	2.2	5	New Customers
08523d94685d7c7efc1381136873cab3	2017-11-17	Furniture Decor	SC	Camboriu	75.0	21.02	96.02	On-Time	18.5	5	About To Sleep
0852d26c3b55f84aca9d256f91a44bea	2017-08-18	Telephony	PR	Pato Branco	18.99	15.1	34.09	On-Time	7.2	5	Lost / Hibernating
0852e5a61869a064200caa569e5291a5	2017-10-17	Cool Stuff	SC	Itapema	169.9	15.94	185.84	On-Time	23.5	1	About To Sleep
085364fbac51681978eace38694d4683	2018-04-19	Sports Leisure	ES	Vitoria	191.0	19.22	210.22	On-Time	21.2	4	Potential Loyalists
0853e0536bc0b71240beedd97501bd7b	2018-07-15	Fashion Bags Accessories	RJ	Rio De Janeiro	478.0	20.28	498.28	On-Time	9.6	5	Potential Loyalists
0854ba21ce30d4c823d2822a698f5bf9	2018-06-16	Home Construction	MG	Governador Valadares	234.0	42.62	276.62	On-Time	5.9	5	Potential Loyalists
085505e898297808653c70305ae11f47	2018-01-24	Bed Bath Table	SP	Lins	210.0	30.97	240.97	On-Time	13.9	5	Potential Loyalists
085505e898297808653c70305ae11f47	2018-01-24	Bed Bath Table	SP	Lins	260.0	30.96	290.96	On-Time	13.9	5	Potential Loyalists
085505e898297808653c70305ae11f47	2018-01-24	Bed Bath Table	SP	Lins	34.9	30.96	65.86	On-Time	13.9	5	Potential Loyalists
0855f6a946e8c4bef27d0ac24e524554	2018-02-25	Health Beauty	RJ	Itaborai	56.0	15.14	71.14	Delayed	66.2	1	Promising Recent
0858bbf6d922af574797281c8df8de5c	2018-08-10	Fashion Bags Accessories	SP	Sao Paulo	39.9	7.54	47.44	On-Time	4.0	5	New Customers
0858c9b11272c041d6de2fdcdbc392f1	2017-04-08	Auto	SP	Registro	169.0	18.47	187.47	On-Time	8.8	5	Lost / Hibernating
08597f2b3cec1c223f1b7950bda0a9fc	2017-10-23	Perfumery	MG	Uberlandia	29.9	15.1	45.0	On-Time	9.4	5	About To Sleep
085b1f163267ab9db88bb6b4145e0df7	2018-01-19	Cool Stuff	SP	Caraguatatuba	249.99	16.5	266.49	On-Time	20.3	5	About To Sleep
085bc46be56c7b3c4d5d805843d02e5e	2017-07-04	Cool Stuff	SP	Sao Paulo	29.9	16.11	46.01	On-Time	6.0	5	Lost / Hibernating
085c1b501f2aed6dc60955055e9567bd	2018-03-23	Telephony	BA	Riachao Das Neves	27.99	22.06	50.05	On-Time	16.7	5	Loyal Customers
085c76ec2a854d66417d0dddc622adb0	2017-05-09	Computers Accessories	MG	Muriae	40.99	15.1	56.09	Delayed	21.8	5	Lost / Hibernating
085dc4386ef92b335b19c17b1ab7876a	2017-12-14	Toys	SP	Sao Paulo	85.5	12.1	97.6	On-Time	14.0	1	About To Sleep
08613505c6d1fa61ec5908afbb99fe84	2018-02-13	Sports Leisure	MG	Varginha	193.9	35.88	229.78	On-Time	12.9	4	Potential Loyalists
08632fe0bc1f85190f242268f3410561	2017-07-12	Bed Bath Table	BA	Salvador	205.0	24.81	229.81	On-Time	13.4	5	Lost / Hibernating
086336eee2f5956e2a6a18369abd023d	2017-07-30	Stationery	SP	Sao Paulo	180.5	10.08	190.58	On-Time	3.6	5	Lost / Hibernating
08636a3fcd5c2b3e957b9b8c6ac8ecd9	2017-08-12	Home Confort	RJ	Niteroi	89.9	17.88	107.78	On-Time	13.3	5	Lost / Hibernating
08652363092b158440e2422e7c3ccaf4	2017-12-04	Baby	PR	Rolandia	64.89	17.7	82.59	On-Time	14.3	5	About To Sleep
08659a24c131a7a894f45544a4ab4751	2018-02-16	Computers Accessories	MA	Cururupu	320.36	51.9	372.26	On-Time	24.1	4	Potential Loyalists
0865bf48f1aecd458a5a2ff3211dee8c	2018-06-17	Telephony	SP	Sao Paulo	109.0	8.92	117.92	On-Time	8.4	4	Potential Loyalists
0866001f9f2ff47df177b77ce6abecd4	2018-07-12	Health Beauty	SP	Angatuba	51.89	13.02	64.91	On-Time	11.5	5	New Customers
0866d83668146dad766bf1a583207b19	2018-06-25	Health Beauty	AL	Maceio	29.0	22.92	51.92	On-Time	16.5	5	New Customers
0866fdb0c7de244fd6acbf00a2cbade7	2018-03-06	Musical Instruments	SP	Maua	29.45	14.43	43.88	On-Time	6.5	5	Promising Recent
086700af881b71e5ef67cfc7ecf4a7a9	2018-06-05	Bed Bath Table	SP	Caieiras	129.0	18.78	147.78	On-Time	10.2	5	Potential Loyalists
086731f4ad521c4094b1eda75986b88e	2017-10-25	Sports Leisure	PA	Garrafao Do Norte	466.0	40.4	506.4	On-Time	33.6	5	About To Sleep
08688e50bd932bdbd480bb25e55c70de	2017-11-09	Telephony	PR	Toledo	28.99	15.1	44.09	On-Time	13.8	1	About To Sleep
086928951ba74a6682919fc942c458d0	2017-09-15	Housewares	RJ	Rio De Janeiro	26.18	16.6	42.78	On-Time	22.4	3	About To Sleep
086928951ba74a6682919fc942c458d0	2017-09-15	Housewares	RJ	Rio De Janeiro	26.18	16.6	42.78	On-Time	22.4	3	About To Sleep
086928951ba74a6682919fc942c458d0	2017-09-15	Housewares	RJ	Rio De Janeiro	26.18	16.6	42.78	On-Time	22.4	3	About To Sleep
086928951ba74a6682919fc942c458d0	2017-09-15	Housewares	RJ	Rio De Janeiro	26.18	16.6	42.78	On-Time	22.4	3	About To Sleep
086928951ba74a6682919fc942c458d0	2017-09-15	Housewares	RJ	Rio De Janeiro	26.18	16.6	42.78	On-Time	22.4	3	About To Sleep
086961934db99fd12a25cfeef96ff2cd	2017-05-16	Cool Stuff	PR	Londrina	129.99	15.66	145.65	On-Time	7.5	5	Lost / Hibernating
086986d3fe34c0417a41f76b14114fec	2018-08-04	Stationery	SP	Suzano	229.9	14.91	244.81	On-Time	2.9	5	Potential Loyalists
0869a3c8a1dd07c13e4847627fcc704f	2017-11-24	Auto	MG	Belo Horizonte	16.9	15.1	32.0	On-Time	17.0	4	About To Sleep
086c6d64a23359add6c0488fbca20ccb	2018-07-07	Auto	RJ	Rio De Janeiro	115.0	37.72	152.72	On-Time	6.2	5	Potential Loyalists
086cb9cd0cf7067d77fe09f31620a52b	2018-06-20	Computers Accessories	MG	Extrema	181.01	23.2	204.21	On-Time	8.2	3	Champions
086ce45c7045b3c6a4b503bd3ec73413	2017-11-24	Fashion Bags Accessories	TO	Araguaina	48.3	25.63	73.93	On-Time	25.1	5	About To Sleep
086d49a75db554056a171c0c706a7e18	2017-11-06	Office Furniture	SP	Sao Paulo	149.94	25.56	175.5	On-Time	11.0	3	About To Sleep
086d8c0d2740866ee3d4730987640d4c	2018-04-04	Bed Bath Table	SP	Taboao Da Serra	49.95	12.79	62.74	On-Time	12.2	3	Promising Recent
086da3118e7ada3cfb7cce476954af52	2018-05-22	Cool Stuff	ES	Alfredo Chaves	189.9	24.26	214.16	On-Time	17.5	5	Champions
086e718f4bcff72026c18edaf8d572c5	2017-09-05	Health Beauty	SP	Campinas	183.37	16.72	200.09	On-Time	6.9	1	Lost / Hibernating
086f617d66181efa193629791e0a9076	2018-08-10	Home Appliances	RJ	Petropolis	92.9	18.75	111.65	On-Time	11.2	4	Champions
086f8f18f98299e22931d762c63db2b8	2017-11-16	Garden Tools	RS	Taquara	2029.0	121.22	2150.22	On-Time	8.1	5	About To Sleep
086fbd1d738c8b0bf972f0757bc57e9c	2018-01-15	Computers Accessories	SP	Mogi Das Cruzes	44.99	15.1	60.09	On-Time	16.1	4	About To Sleep
0870bb57b1b24052c8ac2cd8df433553	2018-08-07	Food	SP	Salto	28.99	7.46	36.45	Delayed	6.3	4	New Customers
0870d202dc3234340a499505dc36c7a4	2017-11-19	Stationery	SP	Sao Paulo	37.5	9.34	46.84	On-Time	7.9	5	About To Sleep
0870e65cf1b3551a87735b85ee9dd147	2018-05-23	Auto	SP	Sao Bernardo Do Campo	62.9	8.88	71.78	On-Time	1.8	5	New Customers
0870ee292ce510fc7bf1ccd86a6d28c7	2017-06-28	Consoles Games	RJ	Duque De Caxias	49.9	34.15	84.05	On-Time	20.3	5	Lost / Hibernating
0871bd17337f3c779b6ce501af36a4cd	2018-04-16	Furniture Decor	PR	Francisco Beltrao	129.05	14.98	144.03	On-Time	7.3	5	Potential Loyalists
0871bd17337f3c779b6ce501af36a4cd	2018-04-16	Furniture Decor	PR	Francisco Beltrao	129.05	14.98	144.03	On-Time	7.3	5	Potential Loyalists
08724b06f2204993989fa6c331dfa3d6	2018-05-29	Construction Tools Construction	RJ	Sao Goncalo	60.99	15.31	76.3	On-Time	13.0	5	New Customers
0872d0faafe0cb56e6f2c594cca1522c	2017-09-26	Bed Bath Table	MG	Lavras	109.9	18.02	127.92	On-Time	10.4	5	About To Sleep
0872f22df707596feed1639609f6eba7	2018-01-30	Computers Accessories	SC	Florianopolis	84.9	15.34	100.24	On-Time	16.5	5	Promising Recent
08733fad8b29896d4920d381cd3f7cf1	2018-01-20	Computers Accessories	MA	Sao Luis	36.9	33.24	70.14	On-Time	20.2	5	About To Sleep
08748bafebfe3d00f17771505f3df1e4	2018-03-16	Furniture Decor	RS	Bage	39.9	18.23	58.13	On-Time	21.8	4	Promising Recent
0874cc8e3901cd3d61e47bd8041c2e8d	2017-08-18	Bed Bath Table	RJ	Bom Jesus Do Itabapoana	198.89	18.64	217.53	On-Time	18.0	4	Lost / Hibernating
08763574782690116475ea62ffdecadb	2017-11-28	Toys	RJ	Rio De Janeiro	69.99	15.25	85.24	Delayed	36.5	5	About To Sleep
087692f9f84c65ed1560e4a3b97d5c21	2017-05-27	Watches Gifts	RJ	Rio De Janeiro	1672.0	25.45	1697.45	On-Time	8.8	5	Lost / Hibernating
0877034e4780ed6345f93f2c0e0d48ec	2018-05-14	Watches Gifts	RS	Porto Alegre	96.0	13.38	109.38	On-Time	8.5	4	Champions
0877e8db9d779712c1c299b5bd8daa11	2017-11-25	Telephony	CE	Fortaleza	27.99	17.63	45.62	On-Time	23.3	4	About To Sleep
08783e3047d2cdfcccfcb9ee5b45772f	2018-03-02	Perfumery	RJ	Tres Rios	69.9	12.49	82.39	On-Time	5.0	5	Promising Recent
087889e1fca3301cc56532907bfe811c	2017-11-28	Bed Bath Table	BA	Coribe	59.9	16.86	76.76	On-Time	23.5	5	Customers Needing Attention
08791ec24b12af5af099ce45bdf3a396	2018-04-17	Agro Industry And Commerce	SC	Ararangua	412.0	33.87	445.87	On-Time	8.2	5	Potential Loyalists
08796d7a1fa345c5bce8f3f53435e21c	2018-08-16	Computers Accessories	SP	Santana De Parnaiba	79.99	8.72	88.71	On-Time	4.3	5	New Customers
087a1c1dfd41b68ab6a6cd8551147bb2	2018-07-30	Food	SP	Sao Paulo	27.9	7.46	35.36	Delayed	14.1	1	New Customers
087a471c766adfaa11fd61670213b4c3	2017-04-20	Bed Bath Table	SP	Itapevi	119.9	12.23	132.13	On-Time	18.0	5	Lost / Hibernating
087a5caa838085de4baa54e02f8f2878	2018-06-09	Industry Commerce And Business	SP	Sao Paulo	69.0	36.4	105.4	On-Time	5.8	3	Potential Loyalists
087a5caa838085de4baa54e02f8f2878	2018-06-09	Industry Commerce And Business	SP	Sao Paulo	69.0	36.4	105.4	On-Time	5.8	3	Potential Loyalists
087a5caa838085de4baa54e02f8f2878	2018-06-09	Industry Commerce And Business	SP	Sao Paulo	69.0	36.4	105.4	On-Time	5.8	3	Potential Loyalists
087b7573e7bda014f7f61b472a7cf555	2017-02-22	Furniture Decor	MG	Varginha	34.99	14.52	49.51	On-Time	11.9	4	Lost / Hibernating
087b902fe8df6660b295f28f1d8f7c30	2018-03-08	Pet Shop	SP	Sao Vicente	29.9	11.15	41.05	On-Time	10.0	5	Promising Recent
087b9476284aab4d762f05d8c0181aab	2018-08-12	Baby	SC	Cunha Pora	100.0	53.05	153.05	On-Time	18.1	5	Potential Loyalists
087c44ddc65697d4a3a2af9234c5a22b	2018-04-08	Computers Accessories	RS	Caxias Do Sul	49.3	16.95	66.25	On-Time	10.7	5	Promising Recent
087cd9d85fb88c6b0a229b508311377e	2018-03-05	Watches Gifts	PE	Venturosa	378.9	39.34	418.24	Delayed	43.7	5	Potential Loyalists
087e4c8f6ced94c453d434e9b2490e69	2018-03-08	Computers Accessories	MG	Serra Do Salitre	49.99	22.06	72.05	On-Time	13.4	5	Promising Recent
087f003cb486254f7454eead9265e992	2018-06-22	Consoles Games	ES	Serra	298.5	17.76	316.26	On-Time	14.3	5	Potential Loyalists
087f3b4c583de715fda96594b3a03b65	2018-02-07	Electronics	MG	Piumhii	79.0	17.8	96.8	On-Time	8.0	4	Promising Recent
0880410ce1538dfc180e260708256fcb	2017-02-25	Garden Tools	SP	Pilar Do Sul	39.9	10.96	50.86	On-Time	11.2	4	Lost / Hibernating
08804ff605210017ad305e46cbd4e3c8	2018-08-06	Health Beauty	SP	Campinas	169.9	12.21	182.11	On-Time	5.1	5	Potential Loyalists
088217fa841fd3da3004a1a7e1d525f8	2017-09-20	Bed Bath Table	AC	Rio Branco	148.0	38.83	186.83	On-Time	20.2	4	About To Sleep
0882461df7b87e99ede0ca735cf32e00	2018-02-20	Auto	AL	Maceio	449.99	27.7	477.69	On-Time	7.0	5	Potential Loyalists
088683f795a3d30bfd61152c4fabdfb2	2017-07-13	Pet Shop	MT	Varzea Grande	29.9	16.92	46.82	On-Time		1	Lost / Hibernating
08869d221628341d81a9dd18a07f625a	2018-05-06	Health Beauty	MG	Iturama	99.99	14.78	114.77	On-Time	11.9	5	Potential Loyalists
0886b681f437971243d241ece6cf21d9	2017-11-04	Watches Gifts	MG	Comercinho	129.0	15.65	144.65	On-Time	15.9	5	About To Sleep
0886e32a3289fc38b0deaddb26655a7e	2018-02-15	Garden Tools	PR	Foz Do Iguacu	120.0	50.71	170.71	On-Time	18.3	4	Potential Loyalists
0886f12bc4f3770e8660c836cd58abbd	2017-08-14	Housewares	RS	Santa Maria	209.9	26.31	236.21	On-Time	18.1	3	Lost / Hibernating
088833da9e3a3578817cee729d4e0a97	2017-12-26	Furniture Decor	SP	Sao Paulo	76.9	13.56	90.46	On-Time	8.2	5	About To Sleep
088858a852d62de0c175c9cc4bc0ddb6	2018-05-13	Housewares	RS	Ajuricaba	97.0	14.76	111.76	On-Time	4.3	3	Potential Loyalists
0888cf8a7f975f34f13e851049b35dd6	2018-02-28	Perfumery	RJ	Rio De Janeiro	53.99	14.13	68.12	On-Time	14.9	5	Promising Recent
088a21dbb29d74a07738fb93a96b507a	2017-11-16	Garden Tools	BA	Salvador	89.99	50.5	140.49	On-Time	13.6	5	Customers Needing Attention
088a21dbb29d74a07738fb93a96b507a	2017-11-16	Garden Tools	BA	Salvador	89.99	50.5	140.49	On-Time	13.6	5	Customers Needing Attention
088a21dbb29d74a07738fb93a96b507a	2017-11-16	Garden Tools	BA	Salvador	89.99	50.5	140.49	On-Time	13.6	5	Customers Needing Attention
088a5d99caf7f8345f08892b9c900bee	2018-04-08	Baby	BA	Salvador	290.0	27.32	317.32	Delayed	21.9	4	Potential Loyalists
088cbb32185a7be453138d87370d1fea	2018-05-08	Computers Accessories	SP	Sao Paulo	144.9	10.88	155.78	On-Time	6.0	4	Potential Loyalists
088ed3ea83b658f4974b48fbbb26a795	2017-04-19	Furniture Decor	RJ	Rio De Janeiro	29.99	14.11	44.1	On-Time	13.0	1	Lost / Hibernating
088ed3ea83b658f4974b48fbbb26a795	2017-04-19	Furniture Decor	RJ	Rio De Janeiro	29.99	14.11	44.1	On-Time	13.0	1	Lost / Hibernating
088f428b537f8a80e52118e3e409ed50	2017-08-27	Sports Leisure	SP	Guarulhos	65.0	15.2	80.2	On-Time	4.7	4	Lost / Hibernating
088f428b537f8a80e52118e3e409ed50	2017-08-27	Sports Leisure	SP	Guarulhos	65.0	15.2	80.2	On-Time	4.7	4	Lost / Hibernating
088f6cd16a7a4bb22e9ab6dc417739c3	2018-03-25	Watches Gifts	SP	Sao Jose Do Rio Preto	519.0	16.99	535.99	On-Time	8.3	5	Potential Loyalists
0890110313bd12b08169c1b6bd56bf4d	2017-12-03	Furniture Mattress And Upholstery	SP	Barueri	85.0	36.69	121.69	On-Time	10.9	5	About To Sleep
0890337bc4f93f0370ccdd9a0c8b1f55	2018-07-20	Auto	MS	Campo Grande	60.0	16.61	76.61	On-Time	13.2	5	New Customers
08904f6557108c451821501ca9e6aa4a	2017-11-25	Bed Bath Table	MG	Unai	79.9	19.8	99.7	Delayed	60.0	1	About To Sleep
08906bb784f60b396fdf8fb1773c5e47	2017-11-07	Fashion Bags Accessories	MG	Coromandel	59.9	12.55	72.45	On-Time	3.1	5	Customers Needing Attention
08906bb784f60b396fdf8fb1773c5e47	2017-11-07	Fashion Bags Accessories	MG	Coromandel	59.9	12.55	72.45	On-Time	3.1	5	Customers Needing Attention
089099bac717ea03540251a8c02858b6	2018-05-09	Stationery	SP	Sao Paulo	79.0	14.64	93.64	On-Time	6.9	4	New Customers
08915d73ff742886f0b4c9429af3c959	2018-04-22	Housewares	SP	Sao Paulo	89.18	8.98	98.16	On-Time	4.7	5	Promising Recent
08915f902759876fcac1ccf9bbc966cf	2017-08-18	Housewares	PA	Belem	26.9	26.89	53.79	On-Time	14.0	4	Lost / Hibernating
0891b66cbcc48cf64f31ae9cae3d08d8	2016-10-09	Furniture Decor	PR	Siqueira Campos	299.99	17.91	317.9	On-Time	18.0	4	Lost / Hibernating
08920300c97e9c4ef7728df49f6317b3	2017-11-24	Furniture Decor	MG	Belo Horizonte	115.0	14.56	129.56	On-Time	15.1	5	About To Sleep
08921fc98ee1dc54454ae8af90493c44	2018-04-19	Furniture Decor	SP	Carapicuiba	69.9	12.43	82.33	On-Time	1.7	5	Promising Recent
08933455a78346ec6d1d170ddd9bdb3c	2017-07-13	Furniture Decor	SP	Maua	29.99	7.78	37.77	On-Time	4.1	3	Lost / Hibernating
08935d5052c6414b1960eb67796d01f5	2017-08-25	Construction Tools Construction	RJ	Resende	79.0	38.39	117.39	On-Time	9.8	5	Lost / Hibernating
0893ae2dd572c400965d60fa77f45076	2018-07-18	Cool Stuff	SP	Andradina	99.9	27.0	126.9	On-Time	6.2	5	Potential Loyalists
0893d3e08dffcc94ba62238512c798b6	2017-10-09	Housewares	SP	Sao Jose Dos Campos	59.9	14.13	74.03	On-Time	4.5	4	About To Sleep
089692eb75f455bcb86e1a21ace6abad	2017-11-12	Perfumery	RJ	Rio De Janeiro	13.99	14.1	28.09	On-Time	5.0	1	About To Sleep
089692eb75f455bcb86e1a21ace6abad	2017-11-12	Perfumery	RJ	Rio De Janeiro	13.99	14.1	28.09	On-Time	5.0	1	About To Sleep
0896d006da3ad8dc1b39b408ea428eb0	2017-09-12	Watches Gifts	PI	Esperantina	99.0	34.49	133.49	On-Time	10.3	3	Lost / Hibernating
0896eccb8187d6b1738ce4a3a1add1b3	2018-08-13	Health Beauty	SP	Sao Paulo	89.99	15.7	105.69	On-Time	4.3	5	New Customers
0897cfdc3612d0942f33b22a3dd9cd8c	2018-07-13	Sports Leisure	RJ	Barra Mansa	389.0	21.91	410.91	On-Time	10.9	5	Potential Loyalists
089842dfdfa1f3826df7d96896c49653	2017-12-12	Auto	MG	Ituiutaba	199.99	16.15	216.14	On-Time	8.4	5	About To Sleep
089896265e5395ee8335f9f417a7f6c0	2018-05-30	Home Construction	GO	Catalao	151.8	18.94	170.74	On-Time	19.3	4	Potential Loyalists
0899b756a6357ed330e0620ad548d70d	2017-08-30	Auto	SP	Sao Bernardo Do Campo	117.99	9.64	127.63	On-Time	5.5	4	Lost / Hibernating
089a371eeab2f86ebe76b23a4c99d3b1	2018-02-21	Cool Stuff	SC	Palhoca	209.99	20.96	230.95	On-Time	21.1	5	Potential Loyalists
089b005e56c360e749ff7185aa4814af	2017-04-08	Bed Bath Table	SC	Barra Velha	105.0	19.01	124.01	On-Time	12.1	5	Lost / Hibernating
089b6875058f8f72ecbe2f5afe317910	2018-04-10	Fashion Bags Accessories	SP	Sao Paulo	79.9	7.42	87.32	On-Time	2.8	4	Promising Recent
089e38da3f1d828e95e2117ba84af02d	2018-02-28	Sports Leisure	MG	Pocos De Caldas	149.9	20.29	170.19	On-Time	9.2	5	Potential Loyalists
089f9bfea8386f4b212e2145f7ad563b	2018-05-29	Electronics	SP	Sao Paulo	119.99	7.7	127.69	On-Time	3.4	4	Potential Loyalists
089fd8829f0bd7f98a1b98614c835dec	2017-05-25	Auto	SP	Taubate	69.9	17.74	87.64	On-Time	18.4	5	Lost / Hibernating
08a0229449937f03d05a335929cc455f	2017-09-19	Computers Accessories	BA	Tanhacu	248.99	18.18	267.17	On-Time	28.9	4	About To Sleep
08a14ebab7440e5f7bfd8ca0b37fc613	2018-03-19	Sports Leisure	SP	Ourinhos	68.99	12.92	81.91	On-Time	14.8	5	Promising Recent
08a19256bfef2a2b1f0fc654723a9c71	2018-07-01	Home Appliances	RO	Porto Velho	89.19	51.34	140.53	On-Time	8.7	5	Potential Loyalists
08a1ae3618b37c278906f99c6a97fe1d	2017-11-02	Auto	SP	Sumare	117.3	14.43	131.73	On-Time	7.7	5	About To Sleep
08a2535facf687274c238d2c9f59b7ce	2018-01-12	Sports Leisure	GO	Catalao	623.0	23.6	646.6	On-Time	14.4	1	About To Sleep
08a2bc9386ffb58b6637add8a8e7d4fc	2017-11-12	Sports Leisure	SP	Santo Andre	9.9	8.27	18.17	On-Time	9.1	5	About To Sleep
08a2bc9386ffb58b6637add8a8e7d4fc	2017-11-12	Sports Leisure	SP	Santo Andre	9.9	8.27	18.17	On-Time	9.1	5	About To Sleep
08a4c77d9546c8928c3dd4b20da1b773	2018-04-01	Toys	DF	Brasilia	69.9	19.46	89.36	On-Time	17.3	5	Promising Recent
08a5453387460507541a8dc95bd67856	2017-12-11	Computers Accessories	MG	Belo Horizonte	262.0	24.15	286.15	On-Time	15.6	5	About To Sleep
08a547386e268879b689fca252e6a334	2017-11-12	Bed Bath Table	RN	Natal	99.99	43.11	143.1	Delayed	37.2	1	About To Sleep
08a5a57f90304e3e736623cdd8eb0166	2018-06-05	Garden Tools	SP	Diadema	49.9	17.26	67.16	On-Time	7.4	5	New Customers
08a72c88fa7ee3652a339070245b9f1e	2017-11-04	Cool Stuff	RJ	Rio De Janeiro	249.9	69.22	319.12	On-Time	6.9	5	About To Sleep
08a79aa47b2dc809df77206f0660fe5b	2018-05-01	Health Beauty	RJ	Mage	64.99	27.51	92.5	On-Time	21.3	5	Promising Recent
08a8150915627e46099f01a220ed8efd	2018-03-19	Drinks	SC	Florianopolis	47.49	19.32	66.81	On-Time	18.5	4	Promising Recent
08a893d69f0279b78939b77cffeaebaa	2018-01-06	Computers Accessories	RS	Canoas	64.99	22.77	87.76	On-Time	13.2	5	About To Sleep
08a8e10798c6955302701d17eb84fdc0	2017-03-15	Cool Stuff	SP	Tapiratiba	152.0	12.45	164.45	On-Time	7.9	5	Lost / Hibernating
08a9634db941b72179ed30feeaac2541	2017-02-27	Electronics	SP	Sao Paulo	42.0	11.73	53.73	On-Time	6.7	5	Lost / Hibernating
08a9de4f4b0ea83738478f16caae7bea	2018-02-20	Computers Accessories	RJ	Nova Friburgo	149.9	27.59	177.49	On-Time	10.0	3	Potential Loyalists
08ab4cd4d921b31bd7719eec989aee97	2018-02-24	Garden Tools	SP	Sao Paulo	324.5	61.18	385.68	On-Time	5.1	5	Loyal Customers
08ac0336730e831f16eeadf576564ff3	2018-07-31	Home Appliances	PR	Curitiba	26.0	18.28	44.28	On-Time	3.3	5	New Customers
08acb70a4f06f300068802d8776fefaa	2017-07-28	Sports Leisure	SP	Santa Isabel	45.33	9.94	55.27	On-Time	5.4	4	Lost / Hibernating
08accb1f1ce9ae08483229dd246b8911	2017-07-01	Health Beauty	PR	Araucaria	19.99	14.1	34.09	On-Time	11.0	5	Lost / Hibernating
08ad3a94339e1bddb2167b3c51faa4ac	2017-08-06	Bed Bath Table	SP	Americana	49.9	16.11	66.01	On-Time	9.4	5	Lost / Hibernating
08ad3a94339e1bddb2167b3c51faa4ac	2017-08-06	Bed Bath Table	SP	Americana	49.9	16.11	66.01	On-Time	9.4	5	Lost / Hibernating
08adcddad19d3acf37d1fa01cb9ded1e	2018-06-27	Housewares	MG	Uberlandia	149.97	16.12	166.09	On-Time	2.3	5	Potential Loyalists
08ade2fc02096cf490d463016e5ee02e	2018-01-04	Perfumery	ES	Apiaca	10.6	15.1	25.7	On-Time	6.6	5	About To Sleep
08ae4b03138c7c51262c05f8f6e58b74	2018-05-14	Auto	SP	Altinopolis	64.8	12.89	77.69	On-Time	4.0	5	New Customers
08af87fbe33eeebc7840433d94718046	2017-04-20	Furniture Decor	SC	Balneario Camboriu	139.9	28.23	168.13	On-Time		3	Lost / Hibernating
08af87fbe33eeebc7840433d94718046	2017-04-20	Furniture Decor	SC	Balneario Camboriu	52.3	12.0	64.3	On-Time		3	Lost / Hibernating
08af87fbe33eeebc7840433d94718046	2017-04-20	Furniture Decor	SC	Balneario Camboriu	52.3	12.0	64.3	On-Time		3	Lost / Hibernating
08b04eb82fbd41d6a4a779d822d57a08	2017-03-13	Health Beauty	MG	Buritizeiro	99.9	20.78	120.68	On-Time	9.9	5	Lost / Hibernating
08b090ef007b191a5f9c454f1068be24	2018-03-07	Watches Gifts	SP	Sao Paulo	151.9	17.97	169.87	On-Time	9.9	5	Potential Loyalists
08b0cc275164eab92e5797432fa89770	2018-07-16	Consoles Games	BA	Juazeiro	36.2	22.18	58.38	Delayed	30.3	3	New Customers
08b1c04da876c66dc6f09acfd8d12f4d	2018-02-20	Telephony	RJ	Casimiro De Abreu	23.99	15.1	39.09	On-Time	9.2	5	Loyal Customers
08b1d58f92c4e0dabb12dfa3d57f3b41	2018-05-22	Garden Tools	SP	Lorena	53.9	20.8	74.7	On-Time	14.4	4	New Customers
08b3dc9205759c9df94d231f6257b344	2018-02-04	Musical Instruments	SP	Sao Paulo	339.0	15.98	354.98	On-Time	3.1	5	Potential Loyalists
08b3f1bd357ed38db6e89e3e0f3899be	2017-11-14	Watches Gifts	SP	Sao Paulo	29.0	7.78	36.78	On-Time	6.3	3	About To Sleep
08b450b388221bfe5472ed23887a7564	2017-11-01	Sports Leisure	SC	Palhoca	145.9	21.51	167.41	On-Time	6.6	1	About To Sleep
08b46ab06eaf71cf043929ebf277e280	2017-05-27	Bed Bath Table	MG	Sao Geraldo	40.0	17.6	57.6	On-Time	9.9	5	Lost / Hibernating
08b46ab06eaf71cf043929ebf277e280	2017-05-27	Bed Bath Table	MG	Sao Geraldo	40.0	17.6	57.6	On-Time	9.9	5	Lost / Hibernating
08b47d41b0e91577b2d62e070628b2dc	2017-03-03	Furniture Decor	SP	Limeira	40.0	14.52	54.52	On-Time	17.7	3	Lost / Hibernating
08b4c64d698b84d3446b4198b9f27ef2	2018-05-15	Office Furniture	RJ	Rio De Janeiro	139.99	18.34	158.33	On-Time	21.4	5	Potential Loyalists
08b4c8a8808af1f771bd9602e193f9b6	2018-01-10	Health Beauty	SP	Santa Clara D'Oeste	99.99	15.45	115.44	On-Time	13.9	4	About To Sleep
08b54ba8454bed7d08802bc62e33fbc4	2018-06-12	Health Beauty	SP	Itapevi	24.9	11.17	36.07	On-Time	3.0	5	Potential Loyalists
08b54ba8454bed7d08802bc62e33fbc4	2018-06-12	Health Beauty	SP	Itapevi	24.9	11.17	36.07	On-Time	3.0	5	Potential Loyalists
08b54ba8454bed7d08802bc62e33fbc4	2018-06-12	Health Beauty	SP	Itapevi	24.9	11.17	36.07	On-Time	3.0	5	Potential Loyalists
08b57d9de8bb87cfd045a7bc735ba831	2017-05-23	Watches Gifts	SP	Sao Paulo	779.0	14.27	793.27	On-Time	2.5	5	Lost / Hibernating
08b7104ed7002c5ada9a6751b7a464da	2018-03-20	Agro Industry And Commerce	SP	Sao Paulo	19.5	8.29	27.79	On-Time	4.0	4	Promising Recent
08b7104ed7002c5ada9a6751b7a464da	2018-03-20	Agro Industry And Commerce	SP	Sao Paulo	19.5	8.29	27.79	On-Time	4.0	4	Promising Recent
08b74b3a8bd41e7de2ac99b200eec62d	2018-05-09	Watches Gifts	RJ	Cabo Frio	34.9	19.32	54.22	Delayed	31.1	3	New Customers
08b7dbdd744f8be921b6e7f7fac199b7	2018-06-17	Sports Leisure	SP	Sorocaba	194.99	13.67	208.66	On-Time	3.4	4	Potential Loyalists
08b986f813ffdc9e5872992aaabf796f	2017-05-07	Musical Instruments	PE	Petrolina	1899.12	45.74	1944.86	On-Time	11.8	5	Lost / Hibernating
08b9d47b3be61595c61eddc50b42ee02	2017-07-28	Computers Accessories	SP	Sao Paulo	89.99	19.87	109.86	On-Time	10.1	4	Lost / Hibernating
08b9d47b3be61595c61eddc50b42ee02	2017-07-28	Computers Accessories	SP	Sao Paulo	89.99	19.87	109.86	On-Time	10.1	4	Lost / Hibernating
08ba140da4dd8ad477f0f3e9793edcec	2018-04-23	Bed Bath Table	SP	Sorocaba	89.0	13.06	102.06	On-Time	4.2	5	Promising Recent
08bb21f621b955cf27343f29059d2696	2018-04-16	Construction Tools Lights	MG	Juiz De Fora	120.0	18.72	138.72	On-Time	9.5	5	Potential Loyalists
08bb3532c9b969bb6a46f98fc5507510	2018-02-18	Auto	ES	Vitoria	699.99	73.26	773.25	On-Time	7.8	5	Potential Loyalists
08bc3c916f77ec2affe03716dd076af2	2018-06-26	Telephony	RS	Santa Maria	24.99	18.28	43.27	On-Time	7.8	5	New Customers
08bc5baa3da6ce0746413cd9cf227e9e	2017-10-17	Computers Accessories	SP	Sao Paulo	155.0	10.5	165.5	On-Time	8.2	5	About To Sleep
08bd4784e35a8be0fa12c4f4f91799ac	2018-08-14	Health Beauty	DF	Brasilia	66.99	23.19	90.18	On-Time	13.2	4	New Customers
08bdb086a562d4a730e238d0ba09be26	2018-02-08	Sports Leisure	MG	Contagem	59.9	14.17	74.07	On-Time	18.4	1	Potential Loyalists
08bdb086a562d4a730e238d0ba09be26	2018-02-08	Sports Leisure	MG	Contagem	59.9	14.17	74.07	On-Time	18.4	1	Potential Loyalists
08bdbdeaf1626720051193300f93806e	2017-03-09	Sports Leisure	MS	Cassilandia	99.0	19.28	118.28	On-Time	7.6	5	Lost / Hibernating
08bdbdeaf1626720051193300f93806e	2017-03-09	Sports Leisure	MS	Cassilandia	99.0	19.28	118.28	On-Time	7.6	5	Lost / Hibernating
08bdbdeaf1626720051193300f93806e	2017-03-09	Sports Leisure	MS	Cassilandia	99.0	19.28	118.28	On-Time	7.6	5	Lost / Hibernating
08bdbdeaf1626720051193300f93806e	2017-03-09	Sports Leisure	MS	Cassilandia	99.0	19.28	118.28	On-Time	7.6	5	Lost / Hibernating
08be29a19a75ae2f62a0f1250c4f67c6	2017-05-01	Furniture Decor	SP	Guarulhos	99.99	13.28	113.27	On-Time	16.6	4	Lost / Hibernating
08beae16754b76c55e9f49c7d4d138dd	2018-03-04	Luggage Accessories	SP	Taubate	89.9	12.13	102.03	On-Time	5.2	5	Promising Recent
08bf2c1104a4d1382d651ad4e921b4a6	2017-08-30	Computers Accessories	SP	Ubatuba	69.0	15.23	84.23	On-Time	9.4	1	Lost / Hibernating
08bf457a7ecf8ba28efb48f0add11cca	2018-08-06	Bed Bath Table	MG	Belo Horizonte	74.0	23.32	97.32	On-Time	3.4	3	New Customers
08bf75dcf867b9f13026785053e87052	2017-08-15	Bed Bath Table	SP	Sao Paulo	45.95	11.85	57.8	On-Time	16.4	3	At Risk
08bf75dcf867b9f13026785053e87052	2017-08-15	Bed Bath Table	SP	Sao Paulo	45.95	11.85	57.8	On-Time	16.4	5	At Risk
08c01d43e93f5c485f48758550d41eb9	2017-05-13	Furniture Decor	SP	Sao Paulo	12.99	7.78	20.77	On-Time	7.5	1	At Risk
08c01d43e93f5c485f48758550d41eb9	2017-05-13	Furniture Decor	SP	Sao Paulo	12.99	7.78	20.77	On-Time	7.5	1	At Risk
08c182b2e7095965cdf8fb5be1cd5b3f	2017-12-19	Stationery	BA	Salvador	47.5	17.63	65.13	On-Time	15.8	5	About To Sleep
08c21d8b98beec294f0dceb8b54cdfd5	2018-04-18	Toys	RS	Santo Angelo	34.9	18.23	53.13	On-Time	9.3	4	Loyal Customers
08c30c203ecbdda69311c1dba85abfa6	2018-02-05	Furniture Decor	RJ	Cabo Frio	59.9	15.17	75.07	Delayed	31.1	1	Potential Loyalists
08c30c203ecbdda69311c1dba85abfa6	2018-02-05	Furniture Decor	RJ	Cabo Frio	59.9	15.17	75.07	Delayed	31.1	1	Potential Loyalists
08c30c203ecbdda69311c1dba85abfa6	2018-02-05	Furniture Decor	RJ	Cabo Frio	59.9	15.17	75.07	Delayed	31.1	1	Potential Loyalists
08c3c0d49b3cb66764234e0fa980e850	2017-12-05	Garden Tools	RJ	Rio De Janeiro	179.99	45.72	225.71	On-Time	15.3	5	About To Sleep
08c3d8da1ee7ffc88a41cd145a4675ba	2018-05-07	Furniture Decor	RN	Pau Dos Ferros	69.9	0.0	69.9	Delayed	29.2	4	New Customers
08c50a01a3260630c82c21826c0061e4	2017-10-10	Health Beauty	MA	Codo	102.0	36.03	138.03	On-Time	10.2	5	About To Sleep
08c6860a0281fefc591da60249d5fa76	2017-04-17	Sports Leisure	RJ	Nova Friburgo	129.9	17.75	147.65	On-Time	8.7	5	Lost / Hibernating
08c6e1a2fd34f15d601cd3e006378da1	2018-04-18	Books General Interest	PR	Toledo	24.9	18.23	43.13	On-Time	9.0	4	Promising Recent
08c72944eaad657c973c51fba479d655	2018-06-06	Sports Leisure	SP	Santos	59.9	14.5	74.4	On-Time	13.3	5	New Customers
08c79f0b250cc3b309a69dcbd0debdc7	2017-11-25	Furniture Decor	MA	Sao Luis	79.99	38.11	118.1	Delayed	26.4	4	About To Sleep
08c7ad853a45735072fee2be62052da3	2018-06-20	Watches Gifts	SP	Sao Paulo	78.0	7.67	85.67	On-Time	1.9	5	Potential Loyalists
08c7ad853a45735072fee2be62052da3	2018-06-20	Watches Gifts	SP	Sao Paulo	39.0	7.67	46.67	On-Time	1.9	5	Potential Loyalists
08c7b46d1dfd29f3200c439119cfe4ac	2018-02-25	Housewares	RJ	Mesquita	57.9	16.85	74.75	On-Time	10.1	5	Promising Recent
08c7d364923b6238c246df0fab24d907	2018-07-26	Sports Leisure	SP	Lencois Paulista	139.9	23.78	163.68	On-Time	7.1	5	Potential Loyalists
08c839f6091875ffd1a1d876dd48de40	2018-02-16	Watches Gifts	SP	Itaquaquecetuba	59.0	7.78	66.78	On-Time	5.6	4	Promising Recent
08c8efb673039f24977bee37cb4ce21f	2017-05-10	Computers Accessories	SP	Porto Ferreira	44.9	12.69	57.59	On-Time	7.9	5	Lost / Hibernating
08c94cca559ddccd243fc551e088b856	2018-07-19	Pet Shop	BA	Itabuna	18.0	22.06	40.06	On-Time	12.2	5	New Customers
08c9aa0c0fc860ffc3ae1fbd1da5bea5	2018-05-08	Agro Industry And Commerce	RJ	Rio De Janeiro	410.0	18.83	428.83	On-Time	6.0	4	Potential Loyalists
08cae26133a5501cdf7b13db6bcf39e6	2018-01-30	Computers Accessories	SP	Sao Paulo	67.0	14.22	81.22	On-Time	6.0	4	Promising Recent
08cb000ba1516a67d8d9fbbe5f9a1091	2018-05-05	Bed Bath Table	MT	Cuiaba	109.9	27.5	137.4	On-Time	13.5	5	Potential Loyalists
08cbb1d4cd574b126569b208fd4b26ea	2017-10-15	Computers	MG	Contagem	1437.0	34.51	1471.51	On-Time	11.1	5	About To Sleep
08cc8c614786867bb0a845cd117d349b	2017-08-30	Computers	SE	Aracaju	1300.0	28.59	1328.59	On-Time		1	Lost / Hibernating
08cce5e2a4a4d08e17cef053da98254b	2018-06-20	Health Beauty	RS	Porto Alegre	39.9	18.38	58.28	On-Time	8.2	5	New Customers
08ccf73c206d15fd2668cdb6f32b5e04	2018-01-15	Electronics	MG	Belo Horizonte	18.9	16.79	35.69	On-Time	15.4	4	About To Sleep
08cd10d946b1fabbe08d3ec8dcab8777	2017-08-11	Telephony	PR	Curitiba	34.9	14.1	49.0	On-Time	7.2	4	Lost / Hibernating
08cd76ff1d27c6e6c522bbaead822fd7	2018-07-25	Furniture Decor	SP	Votorantim	150.0	16.35	166.35	On-Time	3.1	5	Potential Loyalists
08cd96d5c09ad751d2c4ffd556f96c31	2018-03-30	Housewares	RJ	Rio De Janeiro	9.14	15.23	24.37	On-Time	14.4	4	Promising Recent
08cdab6e94bb86120c0041ba5ce8697a	2017-10-02	Sports Leisure	MG	Itinga	94.9	14.39	109.29	On-Time	7.4	4	About To Sleep
08cdab6e94bb86120c0041ba5ce8697a	2017-10-02	Sports Leisure	MG	Itinga	94.9	14.39	109.29	On-Time	7.4	4	About To Sleep
08ce9cd3e783fce12327d4071e041fc1	2018-04-16	Stationery	SP	Sao Paulo	109.0	13.81	122.81	On-Time	10.0	3	Potential Loyalists
08ceaa7aeb0f28f7f44988d179b5452b	2017-08-16	Computers Accessories	SP	Sao Paulo	46.9	11.73	58.63	On-Time	1.4	5	Lost / Hibernating
08cede37de35a7af6d659a2ea4b17707	2017-07-07	Electronics	PR	Curitiba	12.9	12.48	25.38	On-Time	9.9	3	Lost / Hibernating
08cef746691fa27e23fe2c32a02c0e21	2018-02-26	Health Beauty	PE	Olinda	349.9	31.98	381.88	Delayed	39.2	1	Potential Loyalists
08cf63d17d15433573bf10ae778045ab	2018-02-09	Baby	RJ	Santo Antonio De Padua	65.0	15.2	80.2	On-Time	14.3	5	Promising Recent
08d0b596c492f5a5041d003063f18320	2017-09-10	Bed Bath Table	RJ	Mesquita	169.0	15.93	184.93	On-Time	11.8	5	Lost / Hibernating
08d0d3587fdedecc31be9c29c74b819b	2017-10-24	Pet Shop	SP	Sao Paulo	167.9	13.31	181.21	On-Time	13.5	5	About To Sleep
08d138a502fa05af63ac4005311484f9	2017-07-18	Fashion Bags Accessories	SE	Aracaju	49.0	21.15	70.15	On-Time	16.6	1	Lost / Hibernating
08d19d4c103470970b2f830e48e2d3a2	2017-12-04	Auto	SC	Florianopolis	499.99	58.78	558.77	On-Time	15.2	4	About To Sleep
08d1ac9ae1dcec96c3422ade2005fe94	2017-09-06	Bed Bath Table	MG	Belo Horizonte	199.9	17.16	217.06	On-Time	13.5	2	Lost / Hibernating
08d2474dd3622ba4e0992955a950810f	2018-01-27	Drinks	SP	Sao Paulo	47.49	9.94	57.43	On-Time	4.3	5	Promising Recent
08d27643b4ade2434f167dc1ba237b4b	2018-02-10	Bed Bath Table	SP	Colina	81.4	12.91	94.31	On-Time	13.1	5	Loyal Customers
08d2ae79008d5da4528a04f28c72f839	2018-02-27	Fashion Bags Accessories	SP	Sao Carlos	135.0	18.2	153.2	On-Time	7.0	5	Potential Loyalists
08d3b6ee17b7cb32e530f4488c3f6abf	2018-07-27	Pet Shop	SP	Marilia	36.99	14.57	51.56	On-Time	7.0	4	New Customers
08d48caf3c6278c63213deae0000975a	2017-09-18	Baby	PA	Ananindeua	213.0	21.89	234.89	On-Time	7.0	5	About To Sleep
08d4e83325f02f000d2ba37961c0b8b3	2018-06-18	Health Beauty	MG	Contagem	110.32	15.87	126.19	On-Time	6.9	5	Potential Loyalists
08d551ca6776789b820288466888bc3a	2018-08-19	Bed Bath Table	RJ	Rio De Janeiro	43.99	19.5	63.49	On-Time	10.0	4	New Customers
08d55c0e173bdfa5770a50a253b1810f	2017-06-27	Garden Tools	RJ	Nilopolis	99.0	32.02	131.02	On-Time	9.2	4	Lost / Hibernating
08d55e35f34806d85f4d99b62297e578	2017-05-16	Watches Gifts	AL	Jequia Da Praia	211.91	36.8	248.71	On-Time	16.0	4	Lost / Hibernating
08d61eb463e165c095e7de595a773d90	2018-03-05	Computers Accessories	SP	Piracicaba	149.9	14.17	164.07	Delayed	29.1	2	Potential Loyalists
08d70627d548cd883ac394cc5da92d87	2018-02-14	Sports Leisure	RS	Gravatai	40.49	14.1	54.59	On-Time	8.3	5	Promising Recent
08d7ec7381dc51d41a0e4d86314b7a98	2017-01-10	Watches Gifts	RJ	Rio De Janeiro	699.17	20.59	719.76	On-Time	15.8	1	Lost / Hibernating
08d820f39b00e575ea55d845ac9a13c2	2018-08-18	Watches Gifts	SP	Ribeirao Pires	29.0	7.46	36.46	On-Time	3.2	1	New Customers
08d84fb0470993741ba4f7db2b3ac601	2017-06-18	Health Beauty	SP	Santos	19.99	7.78	27.77	On-Time	5.1	5	Lost / Hibernating
08d862895d238cb8405dffe9b981df25	2018-06-01	Furniture Decor	RJ	Volta Redonda	105.0	23.31	128.31	On-Time	13.0	5	Potential Loyalists
08d8b17740615b3cbe884f58173de3c1	2017-06-28	Housewares	BA	Ubaitaba	59.9	27.8	87.7	On-Time	20.0	3	Lost / Hibernating
08d8f90d77d9280c2e00ee3d749c22ae	2018-04-27	Perfumery	SP	Santa Barbara D'Oeste	59.9	16.39	76.29	On-Time	10.7	4	Promising Recent
08d9736edf0d305e722fce35c395b8f6	2017-08-15	Toys	PA	Belem	89.9	17.91	107.81	On-Time	14.4	5	Lost / Hibernating
08dae4aaedc034ee67385e739d42d0a8	2017-10-01	Watches Gifts	SP	Santo Andre	85.0	7.85	92.85	On-Time	5.9	4	Customers Needing Attention
08db2dff56f31598b313e96bd2b04520	2018-01-04	Furniture Decor	SP	Sao Paulo	69.9	13.08	82.98	On-Time	5.9	3	About To Sleep
08db644c231a8d55a618af8c9f1280f0	2018-08-15	Bed Bath Table	SP	Sao Paulo	22.99	12.82	35.81	On-Time	7.1	5	New Customers
08dd1de0a5ebe393a3beb05a4cd4894f	2017-05-01	Baby	SP	Barueri	59.99	13.0	72.99	On-Time	18.6	5	Lost / Hibernating
08dd64e78f26024b266515d5262be17f	2017-05-07	Telephony	CE	Jaguaribe	13.98	25.63	39.61	On-Time	22.4	4	Lost / Hibernating
08dd806c9344c87a3f061a6540a65041	2018-05-22	Computers Accessories	SC	Curitibanos	79.9	18.44	98.34	On-Time	16.9	4	Potential Loyalists
08dd806c9344c87a3f061a6540a65041	2018-05-22	Computers Accessories	SC	Curitibanos	79.9	18.44	98.34	On-Time	16.9	4	Potential Loyalists
08dfcccb31a3a2b6f527d245ebd3310b	2017-10-03	Garden Tools	RJ	Rio De Janeiro	99.0	38.53	137.53	On-Time	15.4	5	About To Sleep
08e33dc1bf04d3cbc2fb5e93fbfcd6c2	2018-06-24	Electronics	RS	Porto Alegre	67.9	37.85	105.75	On-Time	9.1	5	New Customers
08e386991831b9e99662928af783c0ed	2018-05-15	Auto	SP	Sao Paulo	122.5	13.3	135.8	On-Time	8.8	5	Potential Loyalists
08e4b9181951f803229ff26c157f5045	2017-03-07	Furniture Living Room	SP	Carapicuiba	68.9	20.8	89.7	On-Time	7.0	3	Lost / Hibernating
08e4ca5f437f69407fb01cabd2d7a0b8	2018-03-29	Sports Leisure	SP	Sao Caetano Do Sul	86.99	11.23	98.22	On-Time	11.3	4	Promising Recent
08e4ccc1239f87c9220cd6a87996d455	2017-08-21	Fashion Shoes	RJ	Rio De Janeiro	29.9	22.16	52.06	On-Time	4.0	5	Lost / Hibernating
08e4ccc1239f87c9220cd6a87996d455	2017-08-21	Fashion Shoes	RJ	Rio De Janeiro	27.9	12.46	40.36	On-Time	4.0	5	Lost / Hibernating
08e4ccc1239f87c9220cd6a87996d455	2017-08-21	Fashion Shoes	RJ	Rio De Janeiro	27.9	9.69	37.59	On-Time	4.0	5	Lost / Hibernating
08e4ccc1239f87c9220cd6a87996d455	2017-08-21	Fashion Shoes	RJ	Rio De Janeiro	27.9	12.47	40.37	On-Time	4.0	5	Lost / Hibernating
08e4ccc1239f87c9220cd6a87996d455	2017-08-21	Fashion Shoes	RJ	Rio De Janeiro	29.9	22.16	52.06	On-Time	4.0	5	Lost / Hibernating
08e5962f7b156426e52078f8504e9b9e	2017-06-02	Sports Leisure	SP	Louveira	300.0	26.94	326.94	On-Time	14.7	4	Lost / Hibernating
08e617c0a81895c4d5f6ab1e4a20fad0	2017-01-27	Computers Accessories	SP	Tatui	29.99	4.5	34.49	On-Time	5.9	5	Lost / Hibernating
08e617c0a81895c4d5f6ab1e4a20fad0	2017-01-27	Computers Accessories	SP	Tatui	29.99	4.5	34.49	On-Time	5.9	5	Lost / Hibernating
08e617c0a81895c4d5f6ab1e4a20fad0	2017-01-27	Computers Accessories	SP	Tatui	29.99	4.5	34.49	On-Time	5.9	5	Lost / Hibernating
08e617c0a81895c4d5f6ab1e4a20fad0	2017-01-27	Computers Accessories	SP	Tatui	29.99	4.5	34.49	On-Time	5.9	5	Lost / Hibernating
08e678b21510aad65dccc928f6599921	2018-06-26	Computers Accessories	RJ	Sao Goncalo	149.9	21.32	171.22	On-Time	7.4	5	Potential Loyalists
08e68e2142974e562f504a105edbba76	2017-06-19	Toys	ES	Vitoria	89.9	16.88	106.78	On-Time	16.9	1	Lost / Hibernating
08e744bae85a55aa0143f7b41878a45d	2018-06-12	Housewares	DF	Brasilia	99.18	16.88	116.06	On-Time	8.1	5	Potential Loyalists
08e83756399f8394bef75d0441b17b57	2018-04-29	Cool Stuff	PA	Maraba	269.9	48.33	318.23	Delayed	44.7	1	Potential Loyalists
08e8db59cdb3cd620eda092781cf84ad	2017-11-24	Bed Bath Table	RS	Bage	137.8	25.8	163.6	On-Time	16.9	5	About To Sleep
08e92ad91f0ce4572b374d35637140ec	2018-03-12	Auto	SP	Sao Vicente	42.99	19.32	62.31	On-Time	21.2	5	Promising Recent
08e9e443708079a97897e24456987f83	2017-11-26	Sports Leisure	SP	Sao Paulo	59.9	9.03	68.93	On-Time	5.8	1	About To Sleep
08e9e443708079a97897e24456987f83	2017-11-26	Housewares	SP	Sao Paulo	49.9	9.03	58.93	On-Time	5.8	1	About To Sleep
08ea06da9974b971f8fad4929380e24b	2017-11-24	Bed Bath Table	RJ	Duque De Caxias	116.9	16.58	133.48	On-Time	19.0	5	About To Sleep
08ea06da9974b971f8fad4929380e24b	2017-11-24	Bed Bath Table	RJ	Duque De Caxias	116.9	16.58	133.48	On-Time	19.0	5	About To Sleep
08ea0cc26c8036f1c6c510e72f468000	2018-04-26	Food	SP	Sorocaba	27.9	7.39	35.29	On-Time	4.2	5	Promising Recent
08ea1bc252569389d95f453e057ff092	2017-12-10	Toys	SP	Osasco	329.9	67.4	397.3	On-Time	7.9	5	About To Sleep
08eb6a0ddc93b1cf16dd629389dc691b	2018-03-09	Sports Leisure	GO	Mineiros	133.0	23.51	156.51	On-Time	13.1	5	Potential Loyalists
08ec1f862c4cca80515d39b2787601f4	2017-11-05	Watches Gifts	PA	Castanhal	29.0	25.63	54.63	On-Time	25.8	5	About To Sleep
08ed4f84b1a078202e8da80c8d96dc77	2018-02-28	Computers Accessories	SP	Sao Paulo	18.6	5.67	24.27	On-Time	8.9	1	Promising Recent
08ed4f84b1a078202e8da80c8d96dc77	2018-02-28	Computers Accessories	SP	Sao Paulo	18.6	5.67	24.27	On-Time	8.9	1	Promising Recent
08ed4f84b1a078202e8da80c8d96dc77	2018-02-28	Computers Accessories	SP	Sao Paulo	18.6	5.67	24.27	On-Time	8.9	1	Promising Recent
08ede61c43aa112b05a8207ec1847298	2017-06-15	Bed Bath Table	SP	Sao Paulo	78.99	16.18	95.17	On-Time	13.9	4	Lost / Hibernating
08edeac38b68f66bf2e8c3701badde1c	2018-04-26	Cool Stuff	MG	Antonio Prado De Minas	148.0	15.92	163.92	On-Time	22.4	1	Potential Loyalists
08edff712f0cd04883215bdb5b0d7c7f	2016-10-08	Garden Tools	SP	Campinas	69.99	12.09	82.08	On-Time	7.1	5	Lost / Hibernating
08ee999a47fad7aab826e8604eff09a1	2017-05-28	Baby	MG	Lambari	159.9	27.66	187.56	On-Time	7.7	5	Lost / Hibernating
08eef0ee40e395cb547563fc31ab1bd7	2017-11-25	Health Beauty	BA	Salvador	69.9	28.89	98.79	On-Time	24.7	5	About To Sleep
08f016204423b6b70f37abfa64ecbc64	2017-05-27	Auto	SP	Itanhaem	176.9	19.13	196.03	On-Time	9.4	4	Lost / Hibernating
08f037463ef8a43a35237ad2029f316b	2018-05-22	Pet Shop	SP	Sao Jose Do Rio Preto	32.99	14.44	47.43	On-Time	14.0	3	New Customers
08f09d9ef3e4f3cdfa18431097f40682	2017-09-08	Furniture Living Room	SP	Sao Paulo	139.9	20.89	160.79	On-Time	12.5	5	Lost / Hibernating
08f20d527e3a4331f254f4063920c6e4	2017-07-12	Bed Bath Table	BA	Amargosa	54.99	16.82	71.81	On-Time	21.0	5	Lost / Hibernating
08f27a5ffb706cb79c10365101fe6791	2018-06-24	Baby	BA	Feira De Santana	129.9	51.78	181.68	On-Time	3.8	5	Potential Loyalists
08f33b9700f597f74ec8fc4f1d56eda7	2018-06-22	Auto	SP	Sao Paulo	69.9	37.4	107.3	On-Time	11.2	5	New Customers
08f41db8292c5a8be5d68f0a18492781	2017-07-18	Garden Tools	GO	Goiania	59.9	17.67	77.57	On-Time	14.4	5	Lost / Hibernating
08f47d708b29e500be7ee1576343f2f9	2017-10-17	Housewares	SP	Cajamar	44.5	7.78	52.28	On-Time	9.3	5	About To Sleep
08f5487befe25744feabb3203a4dc09b	2018-02-27	Computers Accessories	SC	Itajai	31.9	16.79	48.69	Delayed	36.0	1	Promising Recent
08f616b964002ad1bc12de1069f82edd	2017-11-09	Housewares	RJ	Vassouras	39.0	17.6	56.6	On-Time	12.0	5	About To Sleep
08f6cddc0499702a4dbbd26f2b04b986	2018-07-23	Luggage Accessories	MG	Belo Horizonte	169.9	23.12	193.02	On-Time	8.2	5	Potential Loyalists
08f70652fecc748f3ab45ccaac355cb1	2017-10-09	Perfumery	MG	Lambari	56.99	15.15	72.14	On-Time	7.8	4	About To Sleep
08f77a9d173ce275845e91e81500838c	2018-07-02	Health Beauty	RJ	Niteroi	69.9	9.18	79.08	On-Time	3.1	5	New Customers
08f95199562a41bb3a899717810c7af2	2018-04-13	Stationery	DF	Brasilia	109.49	37.46	146.95	On-Time	17.1	1	Potential Loyalists
08f982d8b8d8de12b00d35edefe5d26a	2017-11-05	Consoles Games	PE	Recife	180.3	27.8	208.1	On-Time	11.8	4	About To Sleep
08fa07327488ff39829511ce36ed3e32	2018-01-04	Health Beauty	MG	Uberlandia	69.9	17.74	87.64	On-Time	12.3	4	About To Sleep
08fa8b49ff198d1332df4668087150ed	2018-06-02	Garden Tools	SP	Sao Paulo	49.9	17.26	67.16	On-Time	7.1	5	New Customers
08fa939ba176d6eb8430ef2990a68245	2018-07-03	Housewares	SP	Suzano	35.9	9.0	44.9	On-Time	7.8	4	New Customers
08fa939ba176d6eb8430ef2990a68245	2018-07-03	Housewares	SP	Suzano	35.9	9.0	44.9	On-Time	7.8	4	New Customers
08fb515ec54c34ca06b1e2268acc429c	2018-01-13	Sports Leisure	GO	Anapolis	64.49	16.21	80.7	On-Time	10.3	3	About To Sleep
08fb5d31021fb887ce4ab33b8cdb804e	2018-08-16	Health Beauty	MG	Alfenas	50.75	13.02	63.77	On-Time	12.8	5	New Customers
08fc1aa23fef732befd3559729544a6a	2018-04-30	Perfumery	SP	Hortolandia	108.0	15.64	123.64	On-Time	7.3	5	Potential Loyalists
08fc40afed49b10079c4c6a31ffc093b	2017-10-08	Auto	RJ	Rio De Janeiro	139.0	17.22	156.22	On-Time	8.0	5	About To Sleep
08fcde049d3ee404c83e486f4822a78e	2018-05-16	Pet Shop	MG	Belo Horizonte	94.9	14.74	109.64	On-Time	5.2	5	Potential Loyalists
08fd8d3e4e30f796d703584db2e27e1a	2018-03-05	Computers Accessories	RJ	Niteroi	70.0	16.93	86.93	On-Time	21.5	4	Promising Recent
08fe21124b36efe247030b7939603f1b	2018-05-04	Baby	SP	Salto	19.9	7.39	27.29	On-Time	5.3	4	Promising Recent
08fe747a18955f4657172a09f1660620	2017-09-30	Perfumery	SP	Caraguatatuba	89.9	17.88	107.78	On-Time	11.5	5	About To Sleep
08fec9b7a19902c2485f6f104e547f52	2017-12-06	Health Beauty	SP	Salto	19.9	7.78	27.68	On-Time	8.6	4	About To Sleep
08ff2ba0393c3492409f044754015f74	2018-04-27	Drinks	SP	Sao Paulo	11.0	7.87	18.87	On-Time	6.3	4	Champions
0900f1b09f4249e09ce4735618757707	2018-06-20	Health Beauty	SC	Florianopolis	110.32	15.87	126.19	On-Time	8.8	5	Potential Loyalists
0901941512e5bef7c9fb39452262234d	2017-10-11	Sports Leisure	ES	Vila Velha	69.9	20.98	90.88	On-Time	13.0	5	About To Sleep
0901f97cdb91762c043d2330c81919a4	2017-11-29	Watches Gifts	SP	Sao Paulo	399.0	11.61	410.61	On-Time	8.4	5	About To Sleep
09023a853a37b3ccb3ca46372068748b	2018-01-30	Stationery	MG	Merces	49.9	15.1	65.0	On-Time	22.1	5	Promising Recent
09026ebcef956ddfbc9af4af7c46d377	2017-09-19	Garden Tools	PR	Colombo	59.9	17.67	77.57	On-Time	15.4	5	About To Sleep
0902d364e14a1dc0b156a550d070cbb6	2018-03-19	Watches Gifts	PE	Caruaru	219.0	38.22	257.22	On-Time	15.8	5	Potential Loyalists
090342fe317c0444e8220e4d902579cf	2018-05-03	Housewares	SP	Sao Paulo	29.6	8.88	38.48	On-Time	6.1	1	Loyal Customers
090353bbd0b20f65c374b389aa15dcf4	2018-07-24	Garden Tools	MG	Esmeraldas	97.5	23.48	120.98	On-Time	9.8	5	Potential Loyalists
0903715a744e53db0a04d441d50d22cb	2017-05-08	Watches Gifts	SP	Santo Andre	178.0	15.0	193.0	On-Time	2.5	5	Lost / Hibernating
090395e4f947097290d8bde7125fe883	2018-02-04	Baby	RJ	Sao Fidelis	21.99	15.1	37.09	On-Time	16.6	3	Promising Recent
0903e0b7f189735c47cae28e5e5766f5	2017-08-28	Consoles Games	MG	Divinopolis	49.99	12.48	62.47	On-Time	6.9	5	Lost / Hibernating
09045ce363fa81cd9f206c86b989e2ba	2017-11-23	Housewares	PA	Altamira	72.99	33.12	106.11	On-Time	26.2	4	About To Sleep
0904fb2c91a18099a0b7315f1ac9501b	2018-02-13	Perfumery	DF	Brasilia	385.0	21.23	406.23	Delayed	31.3	1	Potential Loyalists
0905da36ee109b78ec1a3c9e089148a0	2018-04-24	Small Appliances Home Oven And Coffee	RO	Ariquemes	1999.0	115.63	2114.63	On-Time	16.9	5	Potential Loyalists
0905f7137e1f4f12a50086594c3a3eba	2018-01-31	Cool Stuff	SP	Matao	215.0	17.14	232.14	On-Time	22.9	5	Potential Loyalists
0909121693cdb66d170b212e65c2bf59	2018-06-26	Cool Stuff	BA	Barreiras	164.9	23.08	187.98	On-Time	27.1	4	Potential Loyalists
090967205f5215e5d3053cefdbce5aac	2017-03-28	Auto	PA	Belem	359.0	87.81	446.81	On-Time	14.4	1	Lost / Hibernating
090967205f5215e5d3053cefdbce5aac	2017-03-28	Auto	PA	Belem	359.0	87.81	446.81	On-Time	14.4	1	Lost / Hibernating
090c0cc3d47ff02fedac32aa0a7cab97	2017-11-22	Garden Tools	BA	Feira De Santana	59.9	19.66	79.56	On-Time	15.3	1	About To Sleep
090c0cc3d47ff02fedac32aa0a7cab97	2017-11-22	Garden Tools	BA	Feira De Santana	59.9	19.66	79.56	On-Time	15.3	1	About To Sleep
090c44686a2c4ac5320b757784023c4b	2018-02-16	Sports Leisure	SP	Sao Paulo	107.0	12.25	119.25	On-Time	12.3	5	Potential Loyalists
090c6fd239a12ac8f6a825897ee15d6d	2018-07-17	Bed Bath Table	RJ	Rio De Janeiro	114.9	23.6	138.5	On-Time	7.2	5	Potential Loyalists
090c8122737bb94ca7fcbbf412be42d0	2018-02-05	Toys	SP	Aruja	119.9	14.59	134.49	On-Time	9.7	5	Potential Loyalists
090cb921c3319702919eabe80bc9f5ff	2017-04-19	Electronics	SP	Sao Paulo	29.5	8.72	38.22	Delayed	34.1	1	Lost / Hibernating
090d23542dd542b9a9e25fa9d5d9e528	2018-06-01	Perfumery	PI	Regeneracao	349.97	59.0	408.97	On-Time	12.9	5	Potential Loyalists
090d3784ef3038b64220941aa370584b	2017-09-20	Toys	RJ	Rio De Janeiro	74.8	17.77	92.57	On-Time	12.0	5	About To Sleep
090df55d4945ec96f88731875465407d	2017-07-17	Garden Tools	SP	Sao Paulo	59.9	13.44	73.34	On-Time	8.3	4	Lost / Hibernating
090e9f5faaeef6a858eb1663e67c0838	2017-02-04	Auto	SP	Bauru	176.9	18.53	195.43	On-Time	9.9	5	Lost / Hibernating
090ece27665c1cc89eda287f8e834e11	2017-10-30	Christmas Supplies	SP	Sao Paulo	11.64	1.98	13.62	On-Time	7.0	5	About To Sleep
090ece27665c1cc89eda287f8e834e11	2017-10-30	Christmas Supplies	SP	Sao Paulo	11.64	1.98	13.62	On-Time	7.0	5	About To Sleep
090ece27665c1cc89eda287f8e834e11	2017-10-30	Christmas Supplies	SP	Sao Paulo	11.64	1.98	13.62	On-Time	7.0	5	About To Sleep
090ece27665c1cc89eda287f8e834e11	2017-10-30	Christmas Supplies	SP	Sao Paulo	11.64	1.98	13.62	On-Time	7.0	5	About To Sleep
090ece27665c1cc89eda287f8e834e11	2017-10-30	Christmas Supplies	SP	Sao Paulo	11.64	1.98	13.62	On-Time	7.0	5	About To Sleep
090ece27665c1cc89eda287f8e834e11	2017-10-30	Christmas Supplies	SP	Sao Paulo	11.64	1.98	13.62	On-Time	7.0	5	About To Sleep
090eeebdb88e50484b9d37e863df829b	2017-07-20	Garden Tools	MG	Uberaba	59.9	13.44	73.34	On-Time	11.5	5	Lost / Hibernating
0910cddfc72928e063254f00c73e8d5a	2017-06-27	Fashion Shoes	SP	Sao Paulo	35.9	14.1	50.0	On-Time	20.2	3	Lost / Hibernating
091119d8eee03ee2736786df622f1e81	2018-03-07	Health Beauty	PR	Almirante Tamandare	23.99	15.23	39.22	On-Time	12.7	4	Promising Recent
0911316604300fefa8aef39f81380c66	2018-07-05	Food	SP	Sao Paulo	27.9	7.94	35.84	On-Time	5.4	5	New Customers
09115b2d7c4d9d65a35b13be42e668e7	2017-12-12	Bed Bath Table	PR	Curitiba	99.9	17.95	117.85	On-Time	23.1	5	About To Sleep
0911bde30c594a8d02279916da2ece61	2017-10-25	Baby	RJ	Casimiro De Abreu	64.99	15.2	80.19	On-Time	7.2	5	About To Sleep
0911e1a17247955a0d55f29f3199272b	2018-02-22	Auto	RJ	Rio De Janeiro	29.9	16.79	46.69	On-Time	19.7	5	Promising Recent
0912c75b2f7561be5da7aee13e0150a2	2017-09-15	Sports Leisure	SP	Jundiai	37.49	9.27	46.76	On-Time	3.1	5	About To Sleep
09138fb3bbda7e400f9aac03c238385c	2018-03-17	Watches Gifts	PE	Paulista	29.0	19.04	48.04	On-Time	19.1	5	Promising Recent
0913c46b1cafecb52e5a9a55b6c0e0fc	2018-08-23	Pet Shop	MG	Ouro Branco	128.0	19.0	147.0	On-Time	7.3	5	Potential Loyalists
09143df8420b4ae4770ea14dc443b487	2018-04-05	Industry Commerce And Business	SP	Sao Bernardo Do Campo	78.0	13.45	91.45	On-Time	6.3	5	Promising Recent
0914478fdcadbaa5c8c8b3442b4f28d2	2017-08-09	Fashion Bags Accessories	SP	Sorocaba	49.0	7.78	56.78	On-Time	4.7	2	Lost / Hibernating
0916594b6973230f69379f83d3bac036	2017-05-21	Unknown	MG	Ipatinga	13.99	15.1	29.09	On-Time	8.6	5	Lost / Hibernating
0917636d789ce3b3eac37895935af5c2	2017-11-24	Tablets Printing Image	ES	Serra	69.9	15.24	85.14	On-Time	11.8	5	About To Sleep
09179a93a7f4f710051cefde1d2f7ceb	2017-11-09	Watches Gifts	CE	Baturite	185.99	27.84	213.83	On-Time	13.1	5	About To Sleep
0918b01313c67da779fa4b5356537024	2018-04-11	Small Appliances	PB	Joao Pessoa	586.56	86.69	673.25	On-Time	12.1	5	Loyal Customers
0918eb0a00743c2cfeb69cce4fe4fe1e	2018-07-10	Bed Bath Table	SP	Paulinia	37.0	7.52	44.52	On-Time	2.4	5	New Customers
0919371859b3150228068cde3b07c122	2018-06-04	Sports Leisure	PR	Londrina	109.0	39.71	148.71	On-Time	2.8	4	Potential Loyalists
09195dded6636223b79ba89aa778d5fb	2018-08-14	Toys	SP	Valinhos	87.99	9.37	97.36	On-Time	2.1	1	New Customers
091a28ca837aa39b709aa41c0ca3d24a	2017-09-04	Electronics	AL	Maceio	79.0	30.08	109.08	On-Time	11.9	5	Lost / Hibernating
091ac0791556275533697b36e2b00ff4	2017-01-26	Baby	SP	Sao Roque	35.0	20.43	55.43	On-Time	11.0	5	Lost / Hibernating
091ac0791556275533697b36e2b00ff4	2017-01-26	Baby	SP	Sao Roque	35.0	20.43	55.43	On-Time	11.0	5	Lost / Hibernating
091ac0791556275533697b36e2b00ff4	2017-01-26	Baby	SP	Sao Roque	35.0	20.43	55.43	On-Time	11.0	5	Lost / Hibernating
091b6eccc5e978d6c77d8da3f3cec254	2017-07-27	Sports Leisure	MG	Governador Valadares	126.0	47.74	173.74	On-Time	15.2	4	Lost / Hibernating
091bd68043b7a721b0d82b5ff36304fa	2017-03-03	Housewares	MG	Belo Horizonte	89.9	14.8	104.7	On-Time	10.0	5	Lost / Hibernating
091c0f9393510fe12cc5409a2601ff22	2018-06-07	Bed Bath Table	SP	Sorocaba	74.99	8.88	83.87	On-Time	3.7	3	Champions
091c34308e51d6dff47fe839b7aebbd5	2018-08-02	Computers Accessories	PR	Londrina	40.0	9.59	49.59	On-Time	4.1	4	New Customers
091dcb1d0729687de77f652e849db3f1	2018-05-09	Housewares	DF	Brasilia	47.9	16.32	64.22	On-Time	7.0	5	New Customers
091e624f9b7253204dee183a89950a4a	2018-01-03	Health Beauty	MG	Conselheiro Lafaiete	135.97	13.08	149.05	On-Time	6.1	5	About To Sleep
092166b50105729618cd1dfb1e7c650c	2018-04-03	Air Conditioning	SP	Sumare	35.9	7.39	43.29	On-Time	6.1	5	Promising Recent
0921c97280957af14f02d430cac48a5c	2017-09-27	Electronics	PI	Teresina	109.0	21.56	130.56	On-Time	22.1	5	About To Sleep
0921e6115b1fcc24d5dcf35570b68933	2018-04-04	Furniture Living Room	CE	Fortaleza	529.99	33.96	563.95	Delayed	33.1	1	Potential Loyalists
09224348db675e0c2a00ebe2bd9599db	2017-07-13	Cool Stuff	SP	Guaruja	99.9	34.91	134.81	On-Time	6.8	5	Lost / Hibernating
09224348db675e0c2a00ebe2bd9599db	2017-07-13	Cool Stuff	SP	Guaruja	14.8	4.09	18.89	On-Time	6.8	5	Lost / Hibernating
0922de4af18de92fdca6fed66b34b66f	2017-03-20	Housewares	RS	Herval	169.9	22.66	192.56	On-Time	6.9	4	Lost / Hibernating
0922ee1619de7b995648e5a8407afb91	2017-07-11	Bed Bath Table	SP	Sao Paulo	139.9	38.3	178.2	On-Time	1.4	1	Lost / Hibernating
0922ee1619de7b995648e5a8407afb91	2017-07-11	Costruction Tools Garden	SP	Sao Paulo	64.9	5.99	70.89	On-Time	1.4	1	Lost / Hibernating
09233a8391db7e924af12815e4c07423	2018-06-11	Sports Leisure	SP	Praia Grande	69.9	17.4	87.3	On-Time	9.1	5	New Customers
0923b9182325b77894f97a1a532c7102	2017-10-12	Sports Leisure	PR	Curitiba	228.0	22.09	250.09	On-Time	12.0	3	About To Sleep
0923cc4965fb98b0adcc8a7c6ee32f7c	2018-02-21	Health Beauty	CE	Monsenhor Tabosa	150.0	26.33	176.33	On-Time	27.6	4	Potential Loyalists
09245c021d29cc570d8d5ca0aefd0f22	2017-11-26	Toys	SP	Sao Paulo	54.9	12.72	67.62	On-Time	6.9	3	About To Sleep
09249f4625a56408772a45322aadd544	2018-08-07	Health Beauty	MG	Belo Horizonte	119.9	18.94	138.84	On-Time	9.5	5	Potential Loyalists
09268d8b25dd31ae78b464efd453d069	2018-06-08	Health Beauty	SP	Sao Paulo	59.99	3.03	63.02	On-Time	6.0	5	Potential Loyalists
09268d8b25dd31ae78b464efd453d069	2018-06-08	Baby	SP	Sao Paulo	159.9	23.32	183.22	On-Time	6.0	5	Potential Loyalists
0927272c1caea73a32570e9de18c2bb7	2018-05-28	Health Beauty	SP	Sao Paulo	29.0	7.87	36.87	On-Time	18.3	4	New Customers
0927272c1caea73a32570e9de18c2bb7	2018-05-28	Health Beauty	SP	Sao Paulo	29.0	7.87	36.87	On-Time	18.3	4	New Customers
0927a4ea2d6af04c6e8a1aecd4f9951d	2017-01-22	Garden Tools	SP	Sao Bernardo Do Campo	129.99	16.02	146.01	On-Time	5.6	3	Lost / Hibernating
0927a99c4c0b6c6b2487a4e869f7fc2d	2017-12-07	Luggage Accessories	RJ	Rio De Janeiro	279.0	46.41	325.41	On-Time		1	About To Sleep
09286ea342ad6877942f93c17e1caf4c	2018-02-09	Health Beauty	SP	Mongagua	199.89	14.42	214.31	Delayed	27.9	3	Potential Loyalists
0928b1d58fe76f5a1e63be5a47ea6253	2017-03-15	Health Beauty	ES	Rio Bananal	50.0	14.52	64.52	On-Time	5.6	4	Lost / Hibernating
0928f756f49fcb66326d54f5d1bf7830	2017-08-15	Health Beauty	RJ	Duque De Caxias	34.99	14.1	49.09	On-Time	6.4	5	Lost / Hibernating
092a7de4b983f4ee3e77af64e2f8c9e8	2018-06-18	Toys	SP	Ribeirao Preto	12.0	18.23	30.23	On-Time	9.7	4	New Customers
092adae6d0744065b0482cb014c671c9	2017-06-05	Housewares	SP	Sao Paulo	50.9	11.86	62.76	On-Time	3.8	5	Lost / Hibernating
092ae6b690ac68b7ced1f67eaf5e37ff	2017-10-10	Furniture Decor	BA	Barreiras	148.0	38.59	186.59	On-Time	17.0	5	About To Sleep
092ae7e7141e3d69ecd0935d97e14fd9	2018-01-17	Furniture Decor	RJ	Cantagalo	65.0	17.7	82.7	On-Time	22.6	4	Loyal Customers
092dd56170a9fa63acf80b11ef09f095	2018-08-21	Construction Tools Construction	SP	Sao Paulo	55.9	7.65	63.55	On-Time	1.9	4	New Customers
092de8ef0dad90862e5c0dfb15a10790	2018-06-20	Sports Leisure	MS	Campo Grande	43.0	18.4	61.4	On-Time	9.1	4	New Customers
092e3282c11e71ea0c568efc2a92f91a	2018-02-12	Health Beauty	MG	Patos De Minas	150.0	15.8	165.8	On-Time	16.9	3	Potential Loyalists
092fe64219d11b6fdc1bf61521c9685a	2017-08-14	Housewares	SP	Sao Paulo	29.9	9.34	39.24	On-Time	2.2	1	Lost / Hibernating
0930362b6f24dc06ace9869ac3d05a72	2017-11-24	Sports Leisure	SP	Vargem Grande Paulista	98.9	14.09	112.99	On-Time	2.2	5	About To Sleep
0930b4554e6a2135e7132b897c3809f7	2017-10-14	Telephony	SP	Itaquaquecetuba	21.99	7.78	29.77	On-Time	5.7	1	About To Sleep
0930c651c82aaf68df7e69eed1816170	2018-02-28	Toys	SP	Jacarei	30.5	7.78	38.28	On-Time	5.1	5	Promising Recent
0930df388b21f34fc3f0e3baa9a73016	2018-06-25	Electronics	SP	Tiete	13.3	12.79	26.09	On-Time	3.3	5	New Customers
09322de5d2e4e4aaac983f73fe652f24	2018-06-11	Home Construction	SP	Sao Paulo	119.85	12.57	132.42	On-Time	10.1	5	Potential Loyalists
09324a6d203673f8d0b62bd726f25a87	2017-12-18	Bed Bath Table	RJ	Campos Dos Goytacazes	134.9	18.19	153.09	On-Time	15.9	5	About To Sleep
0933defa4766a375397a4b9c9eaec017	2017-12-23	Computers Accessories	PA	Belem	59.9	42.45	102.35	On-Time	24.3	5	About To Sleep
0933fe2645eef2cb8ca4aeadb9d3834b	2018-06-21	Kitchen Dining Laundry Garden Furniture	PR	Curitiba	56.9	18.2	75.1	On-Time	8.4	1	New Customers
09349cbc001ff756f199a461de7a39b4	2017-11-15	Toys	SP	Santos	39.99	9.34	49.33	On-Time	2.2	4	About To Sleep
09356cee7d8fee33dcb3ee80c1ccb14f	2017-10-12	Consoles Games	RJ	Sao Goncalo	19.9	15.1	35.0	On-Time	12.2	5	About To Sleep
09357f9fdde223052006f3bae0367a29	2018-04-28	Electronics	PA	Belem	13.2	19.04	32.24	On-Time	25.7	3	Promising Recent
0937ee5de4e9482b7503bae26f9d243f	2018-08-23	Health Beauty	RJ	Teresopolis	149.0	19.14	168.14	On-Time	6.7	4	Potential Loyalists
093974ced77f199dd42068d1adf5c359	2017-09-18	Toys	RJ	Rio De Janeiro	99.99	9.71	109.7	On-Time	4.0	4	About To Sleep
093a09a0bc3967dca46180c7bfe3aa29	2017-11-09	Unknown	SC	Blumenau	49.77	15.1	64.87	On-Time	11.1	5	About To Sleep
093a45d40a2500243b0a609a2351ac5e	2017-05-30	Audio	PR	Maringa	139.99	20.22	160.21	On-Time	10.2	5	Lost / Hibernating
093a57d9efa67214acc6fd5c5e1e01ae	2017-04-18	Bed Bath Table	GO	Goiania	49.95	17.78	67.73	On-Time	17.1	5	Lost / Hibernating
093a73d7cb4b891645273a1879e6161f	2018-04-16	Electronics	RJ	Nova Iguacu	21.9	15.23	37.13	On-Time	16.4	3	Promising Recent
093a8c168710da385a8c59d3149ea380	2018-05-11	Sports Leisure	MG	Belo Horizonte	39.9	15.23	55.13	Delayed	31.3	5	New Customers
093b4a025c91a570d1f3b60d428b60a0	2018-02-26	Computers Accessories	RJ	Rio De Janeiro	69.9	16.25	86.15	Delayed	50.4	1	Loyal Customers
093c11a6b12993f96cb7eaa348a3cd09	2018-06-13	Health Beauty	PE	Jaboatao Dos Guararapes	364.0	34.69	398.69	On-Time	9.6	5	Potential Loyalists
093c11a6b12993f96cb7eaa348a3cd09	2018-06-13	Health Beauty	PE	Jaboatao Dos Guararapes	364.0	34.69	398.69	On-Time	9.6	5	Potential Loyalists
093cbde1b401404fd6dffc827e4b86e8	2017-10-14	Perfumery	SP	Sao Paulo	56.99	8.72	65.71	On-Time	5.9	5	About To Sleep
093dea0d5b7854e484d59d15b2243006	2017-12-11	Electronics	PR	Cascavel	29.0	15.1	44.1	On-Time	25.1	4	About To Sleep
093e88889ed876560de2968023715771	2018-04-04	Books Technical	RJ	Nova Iguacu	45.0	15.23	60.23	On-Time	7.3	5	Promising Recent
093e91ac900104e2f587ff8d020447aa	2018-01-15	Auto	RS	Camaqua	429.9	20.26	450.16	On-Time	10.8	5	About To Sleep
093fb737d1bbfe9d3794b96acf28d546	2017-05-08	Housewares	MG	Ipatinga	75.0	17.78	92.78	On-Time	8.1	4	Lost / Hibernating
094067c0f56b5d0a4dbad0aa60bd26a6	2018-03-16	Sports Leisure	SP	Sao Paulo	48.78	13.44	62.22	On-Time	1.4	5	Loyal Customers
094067c0f56b5d0a4dbad0aa60bd26a6	2018-03-16	Sports Leisure	SP	Sao Paulo	58.58	1.34	59.92	On-Time	1.4	5	Loyal Customers
09410001d65f75b36821f9556694a895	2018-05-21	Computers Accessories	DF	Brasilia	19.99	15.23	35.22	Delayed	18.2	5	New Customers
09425a70c5acc9730fc3e17c1e81ac2c	2017-11-01	Watches Gifts	RJ	Rio De Janeiro	219.9	18.79	238.69	On-Time	7.4	3	About To Sleep
0942763b4318676d85b3185d80f57cd3	2017-09-14	Health Beauty	BA	Salvador	249.99	17.19	267.18	Delayed	26.4	1	Lost / Hibernating
094303c767dff093564257cc4d0e2c29	2017-03-19	Food	SP	Sao Paulo	149.9	38.01	187.91	On-Time	11.7	5	At Risk
0943d27820129d9446a32ca20cf9bee1	2017-02-09	Housewares	PR	Cafelandia	48.0	24.84	72.84	On-Time	21.0	3	At Risk
0943d27820129d9446a32ca20cf9bee1	2017-02-09	Housewares	PR	Cafelandia	48.0	24.84	72.84	On-Time	21.0	3	At Risk
09442375307dcece0366e86601bf99f9	2017-10-26	Health Beauty	CE	Aquiraz	58.99	20.81	79.8	On-Time		1	About To Sleep
0944dd6401b58739dc030557fb149b25	2017-09-14	Computers Accessories	MG	Belo Horizonte	47.9	14.1	62.0	On-Time	5.2	5	Lost / Hibernating
0945dadba69dad599e42c31e78450de4	2017-08-29	Computers	RO	Alto Paraiso	1200.0	60.76	1260.76	On-Time	27.1	5	Lost / Hibernating
0946ea44283ef9035521460a12da1569	2018-03-17	Health Beauty	MA	Santa Quiteria Do Maranhao	49.9	50.85	100.75	Delayed	33.9	3	Promising Recent
09475a764868b0fa004ced42388fe6c6	2018-05-30	Toys	SP	Marilia	38.9	13.71	52.61	On-Time	10.0	4	New Customers
09476766faf9215ae60de94d7c259801	2018-05-11	Furniture Decor	RJ	Mage	35.0	12.24	47.24	On-Time	7.2	5	New Customers
09476766faf9215ae60de94d7c259801	2018-05-11	Furniture Decor	RJ	Mage	35.0	12.24	47.24	On-Time	7.2	5	New Customers
09478c1d9dbc168c8438aa90f1be13a9	2017-04-03	Housewares	DF	Brasilia	169.9	27.62	197.52	On-Time	22.0	5	Lost / Hibernating
0948bd714f9f0ca68d9e70af5090d3f6	2017-05-19	Bed Bath Table	SP	Cotia	59.9	11.92	71.82	On-Time	4.7	5	Lost / Hibernating
094960a25bb327dca31de0e2b9a788f9	2017-05-29	Pet Shop	SP	Matao	164.9	16.78	181.68	On-Time	6.7	5	Lost / Hibernating
094a83226235244840060fafa394845d	2017-12-18	Cool Stuff	RJ	Sao Joao De Meriti	166.99	23.49	190.48	Delayed	105.9	4	About To Sleep
094af1d0ffa8afa4ddce0e4892491313	2017-04-06	Cool Stuff	GO	Aparecida De Goiania	99.99	19.4	119.39	On-Time	4.9	4	Lost / Hibernating
094dbecbb0ab054a620f21c04e82df03	2017-10-01	Toys	RJ	Rio De Janeiro	25.6	16.11	41.71	Delayed	49.9	1	About To Sleep
094df781ddda90e70dd08ad95476b181	2017-07-09	Computers Accessories	PE	Recife	31.9	21.15	53.05	On-Time	4.9	5	Lost / Hibernating
094e2ca5a39bcc45b4077867bf5dbdff	2018-02-08	Bed Bath Table	SP	Ribeirao Preto	114.9	13.82	128.72	On-Time	14.2	4	Potential Loyalists
094f7614f77e85fb05c77ecb164afdc3	2018-03-01	Telephony	SP	Pirassununga	22.99	11.85	34.84	Delayed	26.2	1	Promising Recent
094fe0ffb99d42aba8ca2a6b65a8921e	2018-03-17	Construction Tools Lights	RJ	Sao Pedro Da Aldeia	75.9	18.41	94.31	Delayed	38.3	1	Promising Recent
094fe1a1311bdcff558e373c756412d7	2017-03-06	Health Beauty	SP	Sao Paulo	649.9	14.73	664.63	On-Time	10.0	5	Lost / Hibernating
09514821d13482daa26aadf8c2273e7f	2017-02-07	Sports Leisure	SP	Osasco	340.0	18.53	358.53	On-Time	9.9	4	Lost / Hibernating
09519116d7d66f8a0ed5c02048573c7d	2018-04-05	Health Beauty	PA	Belem	69.9	27.45	97.35	On-Time	18.0	5	Promising Recent
095234196e1f3c4feadc4dca677b3971	2017-11-24	Garden Tools	ES	Cachoeiro De Itapemirim	49.0	17.67	66.67	On-Time	13.0	3	About To Sleep
095234196e1f3c4feadc4dca677b3971	2017-11-24	Garden Tools	ES	Cachoeiro De Itapemirim	49.0	17.67	66.67	On-Time	13.0	3	About To Sleep
095234196e1f3c4feadc4dca677b3971	2017-11-24	Garden Tools	ES	Cachoeiro De Itapemirim	49.0	17.67	66.67	On-Time	13.0	3	About To Sleep
0953ccb40a8fb30d5fd5ce0c06bbf4ad	2017-11-23	Perfumery	RJ	Rio De Janeiro	84.99	15.35	100.34	On-Time	6.1	5	About To Sleep
09545768adc993877dfa9a4024b360c2	2018-01-13	Sports Leisure	SP	Guarulhos	99.9	13.25	113.15	On-Time	12.2	3	About To Sleep
0955f133d0afa54f738fd6ac4c9bc83b	2017-12-26	Garden Tools	RJ	Niteroi	89.99	45.09	135.08	On-Time	25.7	4	Champions
09575d6ffa589cae127ff0e6c1b974ed	2018-04-24	Telephony	MG	Leopoldina	18.98	14.58	33.56	On-Time	14.3	1	Promising Recent
0957ed870116e596b800540427c61497	2017-01-29	Toys	RN	Natal	129.99	28.0	157.99	On-Time	9.8	5	Lost / Hibernating
09581168b7c3d1c4480d4ba7a8437bdd	2017-12-03	Health Beauty	DF	Brasilia	125.9	18.13	144.03	On-Time	15.0	3	About To Sleep
095a4047965f98a409258e1db6c99e79	2018-08-07	Computers Accessories	RJ	Rio De Janeiro	119.99	44.64	164.63	On-Time	6.9	5	Potential Loyalists
095d64baca2fe257a3dfe98da12f0460	2018-05-03	Computers Accessories	BA	Salvador	39.0	22.06	61.06	On-Time	18.3	5	Promising Recent
095e9e0811476409362d72fa70d73a6c	2018-02-08	Computers Accessories	RJ	Rio De Janeiro	82.0	17.01	99.01	On-Time	11.1	5	Loyal Customers
095e9e0811476409362d72fa70d73a6c	2018-02-08	Computers Accessories	RJ	Rio De Janeiro	82.0	17.01	99.01	On-Time	11.1	3	Loyal Customers
095eb530e061e441f8ad27b2c8ca549f	2018-02-12	Computers Accessories	SP	Carapicuiba	12.88	8.27	21.15	On-Time	4.7	4	Promising Recent
095f058cc1daeb1e7ba1c133473090a3	2018-04-14	Audio	RJ	Nova Friburgo	499.99	6.72	506.71	On-Time	20.7	5	Potential Loyalists
095f058cc1daeb1e7ba1c133473090a3	2018-04-14	Watches Gifts	RJ	Nova Friburgo	959.0	40.34	999.34	On-Time	20.7	5	Potential Loyalists
0960eb7bc90d80c2f02eddc17c25ee2f	2017-10-05	Cool Stuff	PA	Belem	40.0	24.8	64.8	On-Time	22.4	4	About To Sleep
0961e67affdacb23a647b67618e2bc70	2017-09-09	Furniture Decor	RJ	Santa Maria Madalena	229.0	54.2	283.2	On-Time	8.9	4	Lost / Hibernating
09622aca695e14a0a89188bb86d66bd8	2017-08-04	Sports Leisure	MG	Uberaba	224.99	18.05	243.04	On-Time	7.0	4	Lost / Hibernating
09633885de2f89ed80bb53c2de1f944f	2018-01-28	Housewares	MG	Andradas	429.0	45.37	474.37	On-Time	8.2	5	Potential Loyalists
096375c5433ecff9fd971ca2bdd40f1b	2018-08-02	Telephony	PE	Recife	38.95	19.18	58.13	On-Time	11.8	4	New Customers
0963806fc66877ce2fbc42be9a91f3f1	2018-04-04	Bed Bath Table	GO	Diorama	92.9	24.86	117.76	On-Time	19.3	4	Loyal Customers
0963c313de5db3a47d2b1d051e92a299	2017-06-02	Books General Interest	SC	Gaspar	115.0	13.06	128.06	On-Time	17.0	5	Lost / Hibernating
0964250cecc3ab90b45138c9cbbf7b91	2018-05-11	Home Construction	SP	Campo Limpo Paulista	119.99	14.93	134.92	On-Time	13.0	2	Potential Loyalists
096577992f6aef252ccc5ae7da09be09	2018-01-06	Housewares	SP	Praia Grande	30.5	11.85	42.35	On-Time	21.2	5	About To Sleep
0965b209e76b9ac20f7dc673c735ade3	2018-02-08	Unknown	MG	Lagoa Santa	122.99	14.61	137.6	Delayed	27.5	3	Potential Loyalists
0966b61e30c4a07edbd7523f59b3f3e4	2018-05-22	Furniture Decor	RJ	Rio Das Ostras	68.31	23.06	91.37	On-Time		1	New Customers
0966b61e30c4a07edbd7523f59b3f3e4	2018-05-22	Furniture Decor	RJ	Rio Das Ostras	68.31	23.06	91.37	On-Time		1	New Customers
0966b61e30c4a07edbd7523f59b3f3e4	2018-05-22	Furniture Decor	RJ	Rio Das Ostras	68.31	23.06	91.37	On-Time		1	New Customers
0967ab27ef08c9ab5cb890eb3c1f8f5b	2018-07-15	Food	PR	Fazenda Rio Grande	27.9	18.3	46.2	On-Time	8.1	5	New Customers
09684ae9062cccfa9bbd158453857401	2017-12-29	Perfumery	SP	Orindiuva	169.9	16.95	186.85	On-Time	14.2	5	About To Sleep
096b267153128e0d7f9e593bba803956	2017-06-23	Market Place	SP	Sao Paulo	69.9	15.28	85.18	On-Time	6.2	5	At Risk
096b88181e326e47c571be4560692555	2017-08-21	Garden Tools	SP	Sao Paulo	7.59	7.78	15.37	On-Time	3.1	5	Lost / Hibernating
096d4376832d3c6a12a5b6815590a657	2018-02-12	Auto	SP	Itaquaquecetuba	61.72	15.18	76.9	On-Time	14.5	5	Promising Recent
096ed3a5b211031b766db9362e5b5acf	2018-01-29	Office Furniture	MG	Dom Silverio	79.99	33.92	113.91	On-Time	23.8	4	Potential Loyalists
096ff3d928fd9b00eed2c839ad0c2223	2017-05-30	Electronics	SP	Sao Paulo	94.99	8.89	103.88	On-Time	1.5	3	At Risk
09722e140e3e1e92b67fd75e2b14b6fb	2017-03-04	Furniture Decor	PA	Belem	99.0	26.43	125.43	On-Time	9.9	1	Lost / Hibernating
09722e140e3e1e92b67fd75e2b14b6fb	2017-03-04	Furniture Decor	PA	Belem	99.0	26.43	125.43	On-Time	9.9	1	Lost / Hibernating
09722e140e3e1e92b67fd75e2b14b6fb	2017-03-04	Furniture Decor	PA	Belem	99.0	26.43	125.43	On-Time	9.9	1	Lost / Hibernating
09722e140e3e1e92b67fd75e2b14b6fb	2017-03-04	Furniture Decor	PA	Belem	99.0	26.43	125.43	On-Time	9.9	1	Lost / Hibernating
097255cccb9ac174d481479fae72556d	2018-06-28	Electronics	SP	Sao Paulo	189.9	8.59	198.49	On-Time	1.6	4	Potential Loyalists
09729990b5d8f5499917697c409b55cc	2018-01-23	Sports Leisure	RJ	Barra Do Pirai	168.99	15.93	184.92	On-Time	16.4	5	Potential Loyalists
0972cd8199019b252faf977c4d3da6ea	2017-07-11	Telephony	RS	Porto Alegre	45.0	15.1	60.1	On-Time	21.0	3	Lost / Hibernating
0973b2846805e4eaacbdff441e3dbc8e	2018-01-02	Electronics	RJ	Cabo Frio	28.9	16.79	45.69	On-Time	14.0	5	About To Sleep
09744659d8e64274cf91bb288d9c3aec	2018-07-16	Health Beauty	PE	Belo Jardim	364.0	64.8	428.8	On-Time	14.1	5	Potential Loyalists
097452f101cb19b0ccc80d3a980d9755	2018-03-15	Computers Accessories	BA	Ilheus	149.9	23.98	173.88	On-Time	12.2	4	Potential Loyalists
0974bbaa486709066c644587a5cb6623	2018-03-27	Furniture Decor	SP	Sao Paulo	49.7	14.44	64.14	On-Time	8.8	5	Promising Recent
0975d77f1213304145f61b455a53792c	2017-06-05	Cool Stuff	RS	Cacequi	129.99	18.16	148.15	On-Time	14.2	5	Lost / Hibernating
09777f429af8cc60d951cad68db15b6f	2018-04-08	Health Beauty	SP	Taubate	399.2	25.37	424.57	On-Time	8.5	5	Potential Loyalists
0977997b1c07196d7d76a0d79c50117d	2017-03-22	Unknown	SP	Jundiai	19.99	10.96	30.95	On-Time	6.8	5	Lost / Hibernating
0978a75c5390506e56614f327e7fa342	2017-05-26	Baby	SP	Sao Bernardo Do Campo	499.99	18.26	518.25	On-Time	9.7	5	Lost / Hibernating
0978aeeb31e430bca8401306d75a8164	2018-07-21	Pet Shop	RJ	Nilopolis	69.99	23.29	93.28	On-Time	5.2	5	New Customers
097941e2db84b005d04de9e867674226	2017-11-27	Bed Bath Table	GO	Itaberai	153.0	18.32	171.32	On-Time	22.3	3	About To Sleep
097abce97e431993434adabc1aaec4e4	2017-10-08	Food Drink	SP	Sao Paulo	52.0	21.16	73.16	On-Time	8.0	5	Customers Needing Attention
097abce97e431993434adabc1aaec4e4	2017-10-08	Food Drink	SP	Sao Paulo	52.0	21.16	73.16	On-Time	8.0	5	Customers Needing Attention
097b96a18f0058373d0f5e3041a27f0a	2017-08-17	Computers Accessories	PE	Sirinhaem	49.0	25.63	74.63	On-Time	22.3	1	Lost / Hibernating
097be4cd83ab97b83a12738175758dc6	2018-06-09	Stationery	SP	Sao Paulo	118.5	21.25	139.75	On-Time	8.7	5	Potential Loyalists
097c2a2e5ea719c510238bad5d902cef	2018-02-09	Sports Leisure	MG	Vicosa	117.0	15.57	132.57	Delayed	52.3	1	Potential Loyalists
097c6926697b318e2e49c0d92843211a	2017-10-09	Sports Leisure	SP	Regente Feijo	43.2	11.85	55.05	On-Time	9.4	4	About To Sleep
097c6926697b318e2e49c0d92843211a	2017-10-09	Sports Leisure	SP	Regente Feijo	43.2	11.85	55.05	On-Time	9.4	4	About To Sleep
097c6926697b318e2e49c0d92843211a	2017-10-09	Sports Leisure	SP	Regente Feijo	43.2	11.85	55.05	On-Time	9.4	4	About To Sleep
097c6926697b318e2e49c0d92843211a	2017-10-09	Sports Leisure	SP	Regente Feijo	43.2	11.85	55.05	On-Time	9.4	4	About To Sleep
097d24fcfb2b0afac45ea41ab4d91694	2018-07-26	Construction Tools Construction	SP	Barueri	155.0	15.48	170.48	On-Time	4.3	3	Potential Loyalists
097d6bb9430467d7744c857f5d023959	2017-11-15	Perfumery	SP	Sao Paulo	56.99	4.36	61.35	On-Time	6.4	3	About To Sleep
097d6bb9430467d7744c857f5d023959	2017-11-15	Perfumery	SP	Sao Paulo	56.99	4.36	61.35	On-Time	6.4	3	About To Sleep
097d716d21f2b46bb265aacacb716dc8	2018-02-28	Bed Bath Table	RS	Viamao	21.99	15.1	37.09	On-Time	23.4	5	Promising Recent
097d716d21f2b46bb265aacacb716dc8	2018-02-28	Bed Bath Table	RS	Viamao	21.99	15.1	37.09	On-Time	23.4	5	Promising Recent
097dcfb34c6a0d697daa747d943dc1e8	2018-03-18	Sports Leisure	RJ	Nova Iguacu	179.0	9.2	188.2	On-Time	4.3	4	Potential Loyalists
09816d25300df1b7cc5c78edc96f55da	2017-12-23	Bed Bath Table	MG	Juiz De Fora	184.9	21.78	206.68	On-Time	13.7	5	About To Sleep
098252064bc68acd5911a587b58b2cc4	2017-04-28	Computers Accessories	SP	Sao Paulo	75.0	11.14	86.14	On-Time	11.5	1	Lost / Hibernating
0982c70ab125dee2e64f27e5aa2b4fb8	2018-02-15	Health Beauty	SP	Jacarei	29.9	8.11	38.01	On-Time	6.1	1	Promising Recent
0982c70ab125dee2e64f27e5aa2b4fb8	2018-02-15	Health Beauty	SP	Jacarei	29.9	8.11	38.01	On-Time	6.1	1	Promising Recent
09836dd0df8891bd6cc20b9e651a6f23	2018-06-04	Electronics	PR	Guarapuava	18.9	13.47	32.37	On-Time	16.9	5	New Customers
0983f1f175846f974bff91862731fa68	2018-04-22	Watches Gifts	RS	Canoas	95.0	15.55	110.55	On-Time	10.2	5	Potential Loyalists
09854629eee79bc8d606247198ae822b	2018-04-24	Sports Leisure	DF	Brasilia	64.99	18.12	83.11	On-Time	13.8	1	Potential Loyalists
09854629eee79bc8d606247198ae822b	2018-04-24	Sports Leisure	DF	Brasilia	139.9	36.32	176.22	On-Time	13.8	1	Potential Loyalists
09859a28d56f326d009da66f7d02e99d	2018-08-06	Furniture Decor	SP	Sao Paulo	299.0	63.26	362.26	On-Time	7.0	1	Potential Loyalists
0985a44f5d8e8bf1d6a48717584cec06	2017-05-04	Furniture Decor	SP	Iracemapolis	42.99	11.74	54.73	On-Time	5.6	4	At Risk
09868b0eb512bfbbe98900f16d79d055	2017-03-21	Books General Interest	SP	Sao Paulo	115.0	14.98	129.98	On-Time	7.9	1	Lost / Hibernating
0987363c91de454d42d084b84a691f99	2018-07-15	Watches Gifts	SP	Sao Caetano Do Sul	155.97	8.35	164.32	On-Time	10.2	1	Potential Loyalists
0987ca7d6618e8d1a3bcc49207d6f713	2017-12-05	Office Furniture	DF	Brasilia	199.99	53.41	253.4	On-Time	31.7	3	About To Sleep
098899a1fca44446ebcd6eb00297d33b	2017-07-11	Housewares	RS	Porto Alegre	209.9	26.31	236.21	On-Time	8.2	5	Lost / Hibernating
0988c678736998fba42218af0ebf2c1f	2018-03-11	Bed Bath Table	ES	Serra	13.9	18.23	32.13	Delayed	37.1	1	Promising Recent
0988e6e21a5bd6dee0c95d3a85970d98	2018-06-18	Toys	PR	Matinhos	210.0	24.62	234.62	On-Time	8.1	5	Potential Loyalists
0989631de28d3313632d2c5f34a71f57	2017-08-01	Toys	SP	Sao Paulo	29.9	9.94	39.84	On-Time	6.0	5	Lost / Hibernating
0989631de28d3313632d2c5f34a71f57	2017-08-01	Toys	SP	Sao Paulo	29.9	9.94	39.84	On-Time	6.0	5	Lost / Hibernating
0989d111cfe79cf0bbdea443f1caf9b7	2018-06-03	Bed Bath Table	MG	Lavras	169.9	39.48	209.38	On-Time	12.8	5	Potential Loyalists
098a083175759c53525b6288a6e46119	2018-03-20	Electronics	SP	Sao Paulo	17.99	8.29	26.28	On-Time	3.2	5	Promising Recent
098a17af931400d21917fe24f3346b53	2017-08-17	Unknown	MG	Araxa	69.0	15.0	84.0	On-Time	13.8	4	Lost / Hibernating
098a17af931400d21917fe24f3346b53	2017-08-17	Unknown	MG	Araxa	69.0	15.0	84.0	On-Time	13.8	4	Lost / Hibernating
098a8457920d6c63f0cb10ccfbcd369d	2018-06-07	Perfumery	SP	Sorocaba	199.9	10.13	210.03	On-Time	4.6	5	Potential Loyalists
098a986ddd350e605574040b04554267	2018-01-10	Toys	BA	Feira De Santana	259.9	35.62	295.52	On-Time	23.6	4	About To Sleep
098cd6e4219c395a4de25a34d1adcaee	2018-03-27	Furniture Decor	GO	Silvania	135.0	27.03	162.03	On-Time	20.7	3	Potential Loyalists
098dd2a0dabd8878380b344370974efa	2017-03-14	Fashion Bags Accessories	SP	Guarulhos	23.2	14.52	37.72	On-Time	7.4	4	Lost / Hibernating
098dd2a0dabd8878380b344370974efa	2017-03-14	Fashion Bags Accessories	SP	Guarulhos	23.2	14.52	37.72	On-Time	7.4	4	Lost / Hibernating
098e4bd227693adc9a292cf3a42ea7a4	2018-04-18	Furniture Decor	GO	Goiania	32.0	15.23	47.23	On-Time	14.5	5	Promising Recent
098e7344bff99946b1a3c2c4357503bf	2017-10-17	Computers Accessories	SP	Sao Paulo	18.65	12.69	31.34	On-Time	13.1	1	About To Sleep
098e78dea9fc1a1e1e49c220f27dcea4	2018-06-16	Office Furniture	PA	Belem	112.94	45.56	158.5	On-Time	25.4	1	Potential Loyalists
098e78dea9fc1a1e1e49c220f27dcea4	2018-06-16	Office Furniture	PA	Belem	112.94	45.56	158.5	On-Time	25.4	1	Potential Loyalists
098f15b40cb74aae030d56b720c5698c	2018-01-26	Pet Shop	SP	Osvaldo Cruz	179.0	13.59	192.59	On-Time	13.9	5	Potential Loyalists
098f60afb74eab906fedaf802a833a97	2018-01-13	Cool Stuff	SP	Sao Paulo	40.5	7.78	48.28	On-Time	4.7	4	About To Sleep
098f664519835e5af0a1f20f4d778fdf	2017-12-15	Baby	GO	Itaguari	887.0	26.7	913.7	On-Time	19.9	5	About To Sleep
098fa8e236952567d948321ee4684854	2017-02-19	Bed Bath Table	SP	Sao Carlos	114.99	15.91	130.9	On-Time	4.8	4	Lost / Hibernating
098fd8628d7e76c7dfb58d651899ff39	2017-10-05	Home Confort	PI	Floriano	89.9	38.18	128.08	On-Time	13.2	5	About To Sleep
09903d25ea3d162aeb40057420caa5bb	2017-11-24	Watches Gifts	CE	Fortaleza	95.0	30.2	125.2	Delayed	32.3	1	About To Sleep
09903fb2d8388ac463b7c269c099b6cb	2018-06-12	Books Technical	SC	Sao Jose	14.95	16.4	31.35	On-Time	11.7	5	New Customers
0990523dcb57830447203c2e6d8804d0	2017-09-16	Bed Bath Table	MG	Curvelo	158.0	25.95	183.95	On-Time	9.4	5	Customers Needing Attention
09905fd2dc65b5998da50f11ae3ed6f0	2017-09-12	Office Furniture	PR	Londrina	229.99	62.35	292.34	On-Time	14.1	5	Lost / Hibernating
09914aa3bf0c742de9a4819692ec756b	2018-01-03	Furniture Decor	PR	Ponta Grossa	230.0	22.1	252.1	On-Time	8.2	5	About To Sleep
099319b5b8567c490c01a857c6dbe73f	2018-06-03	Health Beauty	RJ	Rio De Janeiro	64.99	27.51	92.5	On-Time	17.2	3	New Customers
09944d214dbe0d92666178941a674632	2017-08-17	Bed Bath Table	RJ	Seropedica	200.0	26.24	226.24	On-Time	12.0	4	Lost / Hibernating
09951c1a8c91dc28f008c3ccc634f1fe	2017-10-16	Bed Bath Table	RJ	Sao Goncalo	69.9	16.25	86.15	Delayed	20.6	3	About To Sleep
09956a4d0066f2ef4e70f7ae51e2c9f3	2017-10-21	Housewares	RJ	Rio De Janeiro	129.9	17.16	147.06	On-Time	10.5	5	About To Sleep
0996218f2d0c8ec0cb08f7498588bc41	2018-04-02	Auto	SP	Sao Paulo	117.3	12.81	130.11	On-Time	3.0	5	Potential Loyalists
0996218f2d0c8ec0cb08f7498588bc41	2018-04-02	Auto	SP	Sao Paulo	139.0	15.88	154.88	On-Time	3.0	5	Potential Loyalists
0996d6fb4402593986c6b1541bfcb4cc	2018-05-02	Health Beauty	SP	Sao Paulo	199.89	12.02	211.91	Delayed	15.7	4	Potential Loyalists
0997090fe6882d45c6a71660aaffaba2	2018-02-25	Garden Tools	GO	Aparecida De Goiania	53.9	17.63	71.53	On-Time	15.0	5	Promising Recent
0998d3f4248f4c162beb9c06e2f87480	2017-08-10	Housewares	SP	Sao Bernardo Do Campo	30.9	9.27	40.17	On-Time	5.0	5	Lost / Hibernating
0998d3f4248f4c162beb9c06e2f87480	2017-08-10	Housewares	SP	Sao Bernardo Do Campo	30.9	9.27	40.17	On-Time	5.0	5	Lost / Hibernating
0998d3f4248f4c162beb9c06e2f87480	2017-08-10	Housewares	SP	Sao Bernardo Do Campo	30.9	9.27	40.17	On-Time	5.0	5	Lost / Hibernating
0999a91ea28eb69b5120ccb4c90a1ff5	2018-01-05	Toys	ES	Montanha	229.9	22.1	252.0	On-Time	10.8	5	About To Sleep
0999bc97673a2bbf7a81731329196b2d	2018-04-07	Food	SP	Jacarei	27.9	7.87	35.77	On-Time	4.2	5	Promising Recent
099a55045696dde09f58f62e8e82a542	2018-05-27	Housewares	BA	Alagoinhas	169.0	22.89	191.89	On-Time	16.9	5	Potential Loyalists
099acf2a98eba9bab889af025be407b7	2017-08-15	Industry Commerce And Business	MS	Camapua	89.9	23.5	113.4	On-Time	22.1	4	Lost / Hibernating
099b01b8cc6b861aa593247b2f7e0b7b	2017-05-31	Sports Leisure	SP	Atibaia	154.9	14.1	169.0	On-Time	7.9	5	Lost / Hibernating
099be5827a2f9692b1c1ad111affc9d1	2017-09-06	Watches Gifts	SP	Sao Paulo	39.0	7.78	46.78	On-Time	7.1	1	Lost / Hibernating
099c1abf14984c667bf8026fc23fb0ba	2017-05-19	Bed Bath Table	RJ	Rio De Janeiro	19.9	15.1	35.0	On-Time	12.9	3	Lost / Hibernating
099c89b21c9d60fe648ec0bbd837bb3e	2017-10-02	Audio	SP	Sao Bernardo Do Campo	98.9	7.95	106.85	On-Time	7.1	5	About To Sleep
099d60cb800db65a72d355528bb7f41e	2018-05-08	Luggage Accessories	SP	Sao Paulo	219.9	104.73	324.63	On-Time	6.7	3	Potential Loyalists
099d62f80912acec8ebfabeed29585cf	2018-06-25	Computers Accessories	RS	Santa Maria	35.99	18.35	54.34	On-Time	9.4	3	New Customers
099e239a7cce8ed6ef0905feb80808c0	2018-06-04	Bed Bath Table	PE	Cabrobo	144.99	47.45	192.44	On-Time	17.7	4	Potential Loyalists
099ee5555931216b461149b6fa1957e6	2017-09-29	Toys	RS	Estrela	129.99	16.67	146.66	On-Time	9.8	5	About To Sleep
09a02e80ddcc4cb25f8ca5e46c1020ce	2017-03-03	Telephony	MG	Campo Belo	25.0	14.52	39.52	On-Time	9.7	5	Lost / Hibernating
09a069fe7d45eae2e1c4910e90e365ac	2017-06-05	Watches Gifts	SP	Sao Paulo	49.0	7.78	56.78	On-Time	3.3	4	At Risk
09a0d7c2cc6f652acd3537e7a91c7000	2017-05-15	Computers Accessories	MG	Tres Coracoes	69.0	12.61	81.61	On-Time	4.0	1	Lost / Hibernating
09a1022dc99a8046b87235a846062035	2018-06-21	Bed Bath Table	RJ	Nova Iguacu	17.9	18.23	36.13	On-Time	11.3	5	New Customers
09a12008dce38051d0f39f922b380e05	2017-05-13	Furniture Decor	MG	Conceicao Do Mato Dentro	79.99	17.81	97.8	On-Time	10.4	5	Lost / Hibernating
09a21347537a52507220515fa4516fbd	2018-02-03	Sports Leisure	DF	Brasilia	119.8	27.16	146.96	On-Time	17.1	5	Potential Loyalists
09a38776c4e31230864f867821174daa	2018-02-02	Computers Accessories	MG	Belo Horizonte	84.89	15.34	100.23	Delayed	35.1	1	Loyal Customers
09a38776c4e31230864f867821174daa	2018-02-02	Computers Accessories	MG	Belo Horizonte	84.89	15.34	100.23	Delayed	35.1	5	Loyal Customers
09a5c8d751662bfb96c5a3307619cb36	2018-07-30	Sports Leisure	RJ	Rio De Janeiro	199.0	14.42	213.42	On-Time	3.9	3	Potential Loyalists
09a5c8d751662bfb96c5a3307619cb36	2018-07-30	Sports Leisure	RJ	Rio De Janeiro	149.0	14.43	163.43	On-Time	3.9	3	Potential Loyalists
09a72b0eeb69a0a5727d321f51fc313b	2017-07-29	Luggage Accessories	RJ	Rio De Janeiro	399.9	24.67	424.57	On-Time	10.7	5	Lost / Hibernating
09a83ffe176e7f00f3b93584ee9fb07c	2018-04-03	Health Beauty	SP	Sao Paulo	151.97	17.97	169.94	On-Time	13.4	1	Potential Loyalists
09a83ffe176e7f00f3b93584ee9fb07c	2018-04-03	Health Beauty	SP	Sao Paulo	151.97	17.97	169.94	On-Time	13.4	1	Potential Loyalists
09a93e48d7e84fa082320df90b072c7b	2018-08-03	Toys	SP	Sao Paulo	105.0	23.5	128.5	On-Time	11.3	5	Potential Loyalists
09ab8a3234b24017600673c296756fdf	2018-01-22	Health Beauty	PE	Recife	284.0	39.54	323.54	On-Time	13.2	5	Potential Loyalists
09abedc2c8793fa1ef3a6eb50a9587e6	2018-06-01	Furniture Decor	SP	Sao Paulo	40.0	8.88	48.88	On-Time	7.1	5	New Customers
09abedc2c8793fa1ef3a6eb50a9587e6	2018-06-01	Furniture Decor	SP	Sao Paulo	40.0	8.88	48.88	On-Time	7.1	5	New Customers
09ad94cb221ea7d2ba569504ad446082	2018-02-05	Health Beauty	PR	Londrina	167.84	33.62	201.46	On-Time	15.5	4	Potential Loyalists
09ae00385becd9090c7e85eb465605e0	2018-03-22	Computers Accessories	MG	Caratinga	149.9	39.1	189.0	On-Time	12.2	1	Potential Loyalists
09ae0443d05fc72908daed24036acb22	2017-03-17	Watches Gifts	SP	Sao Paulo	89.0	8.99	97.99	On-Time	5.7	1	Lost / Hibernating
09ae30c3aa82707a515bda0df370f7d2	2018-04-15	Bed Bath Table	SP	Cubatao	69.9	13.85	83.75	On-Time	17.8	5	Promising Recent
09aea357bd7fde763e2358cc9e413513	2017-04-04	Computers Accessories	SP	Sao Paulo	29.9	9.34	39.24	On-Time	2.5	5	Lost / Hibernating
09af242285bcc7d2f8b12ce33dcfcb7f	2018-01-12	Telephony	BA	Tanhacu	29.99	16.79	46.78	On-Time	17.0	5	About To Sleep
09af99436ca3dc8d1de0f26ce6857112	2017-08-12	Fixed Telephony	PB	Joao Pessoa	99.9	23.02	122.92	On-Time	21.2	5	Lost / Hibernating
09af99436ca3dc8d1de0f26ce6857112	2017-08-12	Fixed Telephony	PB	Joao Pessoa	99.9	23.02	122.92	On-Time	21.2	5	Lost / Hibernating
09afbfa0da8baf5f4eb28c82f7209afd	2018-01-20	Small Appliances	RO	Porto Velho	99.9	25.25	125.15	On-Time	30.1	5	About To Sleep
09b010b4dba0b79a21a0505f234e44fb	2017-04-07	Garden Tools	SP	Sao Paulo	219.0	16.74	235.74	On-Time	9.8	5	Lost / Hibernating
09b216c85c7fb2105c85987be09e7ec9	2018-04-10	Baby	RJ	Tres Rios	109.9	27.5	137.4	On-Time	9.4	5	Potential Loyalists
09b38400b1601bc9dea9de02c710857f	2017-01-17	Furniture Decor	MG	Ouro Preto	45.9	14.52	60.42	On-Time	9.9	5	Lost / Hibernating
09b457f1152126535a2e7d4a3b73ff6f	2018-01-02	Perfumery	SP	Itatiba	6.3	7.78	14.08	On-Time	3.0	5	About To Sleep
09b584a0cd8717a01d318729fa61a867	2017-08-27	Computers Accessories	SP	Sao Paulo	49.9	19.74	69.64	On-Time	4.3	5	Lost / Hibernating
09b584a0cd8717a01d318729fa61a867	2017-08-27	Computers Accessories	SP	Sao Paulo	40.9	3.95	44.85	On-Time	4.3	5	Lost / Hibernating
09b6cccc4166713f232f26db93a5d21e	2017-08-04	Computers Accessories	SP	Sao Paulo	39.9	14.1	54.0	On-Time	8.0	5	Lost / Hibernating
09b6daf7c780e789668ee3b7f4bda1c5	2018-06-29	Bed Bath Table	RS	Restinga Seca	76.9	19.73	96.63	On-Time	9.7	5	New Customers
09b70d085a1bfb3b4b2ad8b7c7e43353	2017-05-20	Unknown	SP	Jundiai	39.9	14.1	54.0	On-Time	9.0	4	Lost / Hibernating
09b748b3799286e3df820f2d5528abbc	2017-05-11	Computers Accessories	SP	Sao Paulo	249.0	25.12	274.12	On-Time	6.7	5	Lost / Hibernating
09b866628e60ce05f3e25fcfde9722c4	2017-07-31	Books Technical	PR	Ponta Grossa	329.0	28.62	357.62	On-Time	9.0	5	Lost / Hibernating
09b8c1e504ab1fce7031c710bd8558d6	2017-09-13	Toys	SP	Sao Paulo	69.0	8.72	77.72	On-Time	2.1	5	Lost / Hibernating
09b8d47d2f753e1c1ee4da43e4429ff5	2018-07-28	Computers Accessories	RJ	Rio De Janeiro	416.99	46.72	463.71	On-Time	9.2	5	Potential Loyalists
09b9364d966593e51c1edead847fd220	2018-08-10	Watches Gifts	ES	Vila Velha	44.0	8.95	52.95	On-Time	7.4	1	Potential Loyalists
09b9364d966593e51c1edead847fd220	2018-08-10	Watches Gifts	ES	Vila Velha	117.87	22.39	140.26	On-Time	7.4	1	Potential Loyalists
09b9b2b8758ca1fd4a9bcd3f2af6fb10	2017-11-09	Perfumery	BA	Camacan	169.9	27.73	197.63	On-Time	18.8	5	About To Sleep
09ba762d7b29d3771a788d7d039159fa	2017-03-01	Perfumery	SC	Blumenau	289.9	17.73	307.63	On-Time	16.1	5	At Risk
09badf53476a6bda72b4728e858a3433	2018-02-05	Books Technical	SP	Adamantina	19.9	11.85	31.75	On-Time	14.2	5	Promising Recent
09bb35a3939c3181b4a5619cb3918976	2017-11-26	Fashion Bags Accessories	SP	Sao Paulo	99.0	17.94	116.94	On-Time	15.8	5	About To Sleep
09bc338a4e0ae30bcaebd7f1a2c6d3ea	2017-12-18	Housewares	RJ	Rio De Janeiro	57.0	25.44	82.44	On-Time	21.6	1	About To Sleep
09bc4b63b3a1b631632aebe28d64df0a	2018-02-19	Sports Leisure	SP	Embu Das Artes	45.0	15.1	60.1	On-Time	15.0	5	Promising Recent
09bcbc199f0fa4268cc0122304696ea4	2017-11-24	Bed Bath Table	RS	Porto Alegre	79.9	16.32	96.22	On-Time	25.4	5	About To Sleep
09bd279b1d189a59de559c5f558ca857	2017-02-26	Telephony	SP	Sorocaba	25.99	10.96	36.95	On-Time	9.5	5	Lost / Hibernating
09be8ba0b5c0e3195ef77302707a192f	2018-07-01	Furniture Decor	MG	Pouso Alegre	249.9	44.32	294.22	On-Time	4.8	5	Potential Loyalists
09be8ba0b5c0e3195ef77302707a192f	2018-07-01	Home Construction	MG	Pouso Alegre	150.0	44.33	194.33	On-Time	4.8	5	Potential Loyalists
09bfe605baffbe939fb10d3e8936346e	2018-02-22	Food	ES	Vila Velha	27.9	15.1	43.0	On-Time	20.2	3	Promising Recent
09bfed54145e573d48e1685dcf11fb6c	2018-04-16	Computers Accessories	RJ	Rio De Janeiro	95.0	22.38	117.38	On-Time	21.4	5	Loyal Customers
09c03e22399940d7e6fb194297ae84a3	2018-06-12	Toys	SP	Sorocaba	109.8	10.08	119.88	On-Time	2.9	5	Potential Loyalists
09c06d47b8b58dbabf753646fe5b89ab	2018-04-03	Health Beauty	CE	Fortaleza	330.0	19.53	349.53	Delayed	79.0	1	Potential Loyalists
09c0caffae8336db750e232298e4a574	2018-08-22	Health Beauty	PE	Trindade	330.0	39.22	369.22	On-Time	7.2	5	Potential Loyalists
09c0dd7d518cf413ce20facd85bedd5f	2018-02-26	Food Drink	SP	Araraquara	35.99	13.37	49.36	On-Time	3.2	3	Promising Recent
09c103240d66c0e0d945071a9518d6ee	2017-02-03	Luggage Accessories	SP	Taubate	109.9	14.94	124.84	On-Time	11.8	5	Lost / Hibernating
09c10d01ea598b37493ee93aa01cb066	2018-07-14	Electronics	GO	Goiania	9.9	15.23	25.13	On-Time	12.0	5	New Customers
09c29dc1d814f755a8183dc859945531	2018-02-11	Bed Bath Table	MT	Salto Do Ceu	122.9	18.43	141.33	On-Time	19.1	3	Potential Loyalists
09c2b130b47b0d77f2217277de5fd140	2017-11-23	Sports Leisure	RJ	Rio De Janeiro	119.9	17.0	136.9	On-Time	11.5	3	About To Sleep
09c530d73b3f36bbcd4d3b2268abfe12	2018-03-27	Garden Tools	MG	Ouro Preto	126.0	27.61	153.61	On-Time	8.4	4	Potential Loyalists
09c55723561623b19ad72cf0299d58bc	2018-08-22	Bed Bath Table	PR	Marechal Candido Rondon	89.0	23.42	112.42	On-Time	6.6	5	Potential Loyalists
09c55723561623b19ad72cf0299d58bc	2018-08-22	Bed Bath Table	PR	Marechal Candido Rondon	89.0	23.42	112.42	On-Time	6.6	5	Potential Loyalists
09c636e254bb18eeef943452017249f4	2017-10-27	Furniture Decor	MT	Tangara Da Serra	169.9	70.41	240.31	On-Time	28.8	1	About To Sleep
09c681e9069e20d7f2ecd587151f1b88	2017-11-29	Furniture Decor	CE	Fortaleza	250.0	61.57	311.57	On-Time	21.0	4	About To Sleep
09c6a742ab99ba6516e8acebf60127b4	2017-12-01	Bed Bath Table	SP	Santos	119.9	12.54	132.44	On-Time	10.1	5	About To Sleep
09c6ca023de352874ee4fda218d19a81	2018-05-28	Garden Tools	SP	Tanabi	44.0	12.79	56.79	On-Time	10.0	4	New Customers
09c74db044dfe6e7f2a6b6a6750f36cd	2017-04-09	Sports Leisure	SP	Santa Barbara D'Oeste	127.48	11.5	138.98	On-Time	3.7	5	Lost / Hibernating
09c8e71060b07326dba9db865f46881e	2018-06-03	Bed Bath Table	RJ	Rio De Janeiro	99.99	23.28	123.27	On-Time	8.0	5	Champions
09c8e8de8792915ab68564b4420f246f	2018-08-22	Health Beauty	DF	Brasilia	29.9	18.31	48.21	On-Time	7.4	5	New Customers
09ca36d55d4afbcc785cf9def43c9078	2018-07-14	Electronics	PR	Capanema	18.9	13.47	32.37	On-Time	17.9	4	New Customers
09cbc615350e91dae35a37b78994c91f	2018-02-14	Computers Accessories	MG	Belo Horizonte	180.0	16.01	196.01	On-Time	12.9	4	Potential Loyalists
09cbcd1a5e559da522327abcf7e30dda	2018-05-29	Sports Leisure	RS	Porto Alegre	28.9	18.23	47.13	On-Time	14.4	5	New Customers
09cd0ef00759c25af3a62b31366074bb	2018-03-16	Housewares	MA	Sao Luis	82.0	27.12	109.12	Delayed	39.3	2	Potential Loyalists
09ce422617b0ec4c246ceb2922ea1ea1	2018-08-22	Furniture Decor	SP	Itatiba	43.5	23.11	66.61	On-Time	8.4	5	New Customers
09ce65f75711be9f04a63700ae3c5adc	2017-11-18	Watches Gifts	SP	Itu	198.0	12.89	210.89	Delayed	47.1	1	About To Sleep
09ced678dfa43843d2f38c410def94aa	2018-08-05	Perfumery	RS	Parobe	79.9	18.66	98.56	On-Time	3.6	5	New Customers
09d048d5bfb9dd1a82f696ce9863e9b0	2018-05-22	Bed Bath Table	MG	Juiz De Fora	169.4	23.77	193.17	On-Time	20.0	1	Potential Loyalists
09d048d5bfb9dd1a82f696ce9863e9b0	2018-05-22	Bed Bath Table	MG	Juiz De Fora	169.4	23.77	193.17	On-Time	20.0	1	Potential Loyalists
09d062f6e1122b61b5ebf287cfd6be11	2017-10-17	Computers Accessories	RS	Montenegro	64.99	14.2	79.19	On-Time	7.3	5	About To Sleep
09d1a6d95af99a860b37ed53fc9a3c2d	2017-08-23	Sports Leisure	RJ	Rio De Janeiro	107.0	21.24	128.24	On-Time	12.1	5	Lost / Hibernating
09d20920406c53e92821c0f4a82b3811	2017-11-24	Telephony	SP	Guarulhos	17.99	7.78	25.77	On-Time	3.5	5	About To Sleep
09d3cd95f911da31613353ea97a651e6	2017-10-24	Luggage Accessories	SC	Chapeco	75.0	15.28	90.28	On-Time	14.0	3	About To Sleep
09d3f9f1be63c067456cc619076685a1	2017-08-23	Computers Accessories	SP	Conchas	52.0	11.86	63.86	On-Time	6.2	4	Lost / Hibernating
09d49d145e25e27490765a4085a8e720	2017-12-30	Stationery	SP	Guarulhos	89.0	13.64	102.64	On-Time	18.0	2	Loyal Customers
09d49d145e25e27490765a4085a8e720	2017-12-30	Stationery	SP	Guarulhos	89.0	13.64	102.64	On-Time	18.0	2	Loyal Customers
09d557bf440b6c3b40cacfbb24fd5e28	2017-01-11	Toys	MG	Sabara	129.99	29.19	159.18	On-Time	7.8	5	Lost / Hibernating
09d6c2dd8c08336a2cbd1c449a2ef158	2018-02-03	Sports Leisure	ES	Marataizes	111.9	15.53	127.43	On-Time	18.0	4	Potential Loyalists
09d7ebb0b2075f15dc48bd8da3961fe0	2017-07-22	Furniture Decor	RJ	Rio De Janeiro	49.0	15.79	64.79	On-Time	15.9	5	Lost / Hibernating
09d8753e77ffa5e71ba4137166a3b6ad	2017-11-05	Construction Tools Construction	RO	Seringueiras	379.0	74.5	453.5	On-Time	19.2	3	About To Sleep
09d8a4bcd943fd4bfc7dd6b64b7c328e	2018-05-27	Electronics	RJ	Macae	18.0	18.23	36.23	On-Time	16.5	5	New Customers
09d91c794f1841e2af74d07d08518980	2017-08-02	Books General Interest	RJ	Rio De Janeiro	129.9	12.36	142.26	On-Time	5.0	5	Lost / Hibernating
09d9dfc52ee6df196fdd19dd3b7440a7	2017-12-02	Toys	SP	Campinas	139.0	17.22	156.22	On-Time	19.3	5	About To Sleep
09da806d72011e816e9242e6d24164eb	2018-02-23	Electronics	SP	Santos	25.9	12.48	38.38	On-Time	10.0	5	Promising Recent
09daf6c53d9fa98e18b67728b86a7848	2018-01-22	Stationery	RS	Julio De Castilhos	149.97	27.59	177.56	On-Time	4.5	5	Potential Loyalists
09db1ec04535cf2bba4a73954a252e41	2018-03-06	Telephony	SC	Itapema	314.9	20.08	334.98	Delayed	35.7	2	Potential Loyalists
09dbda42baac941ca241f8cea65b2306	2018-01-14	Bed Bath Table	RJ	Rio De Janeiro	45.9	15.11	61.01	Delayed	39.4	3	About To Sleep
09dcf31f117fe39a78c3a166109c07df	2018-08-16	Luggage Accessories	RJ	Mage	99.99	18.5	118.49	On-Time	7.4	5	Potential Loyalists
09dd119f5cafd6888b0e67ebcff86a45	2017-11-26	Sports Leisure	RJ	Rio De Janeiro	36.99	14.1	51.09	Delayed	25.7	5	About To Sleep
09dd83f72b2516179cd46b81121fad23	2016-10-10	Consoles Games	SE	Aracaju	58.0	21.99	79.99	On-Time	48.9	4	Lost / Hibernating
09dda1ced4a7c14c742c7f2678c36641	2017-08-12	Computers Accessories	BA	Valenca	127.9	17.34	145.24	On-Time	20.3	4	Lost / Hibernating
09ddda124332d6c2489fba71284be7b6	2018-07-25	Watches Gifts	MS	Campo Grande	69.5	18.59	88.09	On-Time	8.2	5	New Customers
09de1c09553be98d80e730e53641c515	2018-08-20	Construction Tools Construction	SP	Sao Paulo	289.0	21.21	310.21	On-Time	5.1	5	Potential Loyalists
09df1b5edd28f22201dd19d1acccd5f3	2018-01-18	Unknown	PA	Belem	20.3	25.63	45.93	On-Time	29.4	5	About To Sleep
09df42b3e78625578555d3d48cd57be5	2017-05-14	Telephony	SP	Sao Jose Dos Campos	12.5	7.78	20.28	On-Time	5.1	1	At Risk
09e04558408bf0fe846b66132dc5d64a	2018-02-23	Computers Accessories	SP	Ribeirao Preto	82.8	12.71	95.51	On-Time	18.2	1	Promising Recent
09e0732990558bc7eb24650cd444d8fb	2017-08-10	Housewares	RS	Novo Hamburgo	26.9	25.63	52.53	On-Time	15.6	4	Lost / Hibernating
09e0e42eda6d72e0bd2a2e232d1c78b2	2018-06-19	Sports Leisure	SP	Itaporanga	86.99	14.19	101.18	On-Time	2.3	5	New Customers
09e1adca3506ecf15eefdb37196f2515	2018-01-15	Sports Leisure	SP	Sao Paulo	21.05	11.85	32.9	On-Time	7.8	5	About To Sleep
09e21d9c7aee6884dbb1ac35cf2dfc70	2017-12-22	Computers Accessories	MG	Ipatinga	149.99	23.85	173.84	On-Time	21.6	4	About To Sleep
09e3a74fe474342885a70d1b2452c1e2	2017-09-06	Housewares	BA	Miguel Calmon	50.0	47.79	97.79	Delayed	35.5	1	Lost / Hibernating
09e6dfb3a40d9c2e75458a76ff06e2d5	2017-02-11	Toys	SP	Sao Caetano Do Sul	34.9	10.96	45.86	On-Time	4.9	5	Lost / Hibernating
09e74688e8059c85519cce1489af2e5c	2017-04-01	Stationery	SP	Guarulhos	184.9	13.87	198.77	On-Time	5.8	4	Lost / Hibernating
09e7742cede3e38bad12bf8e4e015d6c	2018-08-01	Watches Gifts	MG	Juiz De Fora	162.9	19.24	182.14	On-Time	7.7	5	Potential Loyalists
09e78337fade609c785bdc87f287a535	2018-03-31	Fashion Bags Accessories	MG	Varginha	34.3	18.23	52.53	On-Time	6.5	5	Promising Recent
09e90e3936db197d43b9bde1291c307d	2018-08-02	Bed Bath Table	SP	Ilhabela	72.9	14.09	86.99	On-Time	7.3	1	New Customers
09ea2181de5a14e01d90b6ff01835a33	2018-04-02	Housewares	SP	Santa Rita Do Passa Quatro	24.9	12.79	37.69	On-Time	8.6	5	Promising Recent
09ea2f085e77814c3b31377ba10aa4a1	2018-02-13	Cool Stuff	SP	Poa	269.0	17.59	286.59	On-Time	7.0	5	Potential Loyalists
09ea9ef172f36e86256bde78e5aadd66	2017-12-06	Food	SP	Sao Paulo	39.9	15.1	55.0	On-Time	14.1	4	About To Sleep
09eb1ae749fc79af3f5a2f4481efae6d	2018-03-08	Health Beauty	SP	Sao Paulo	27.3	9.42	36.72	On-Time	3.3	5	Promising Recent
09ebfabd9f6552771f5d90e099fa0738	2017-05-08	Telephony	RJ	Rio De Janeiro	12.97	14.1	27.07	On-Time	8.4	2	Lost / Hibernating
09ec142bfa34576d3914bdf8c19927c2	2018-07-20	Furniture Decor	SP	Sao Paulo	14.9	9.22	24.12	On-Time	10.1	5	New Customers
09ec142bfa34576d3914bdf8c19927c2	2018-07-20	Furniture Decor	SP	Sao Paulo	17.9	4.61	22.51	On-Time	10.1	5	New Customers
09ec142bfa34576d3914bdf8c19927c2	2018-07-20	Furniture Decor	SP	Sao Paulo	14.9	9.22	24.12	On-Time	10.1	5	New Customers
09ec3f2a1a1ec11f2245a4538a00eae3	2017-06-19	Office Furniture	SP	Sao Paulo	119.99	8.09	128.08	On-Time	9.1	5	Lost / Hibernating
09ed65e35d505a8ce95a82e5c0d1dff3	2017-11-24	Furniture Decor	SP	Sao Paulo	32.99	13.08	46.07	On-Time	9.0	1	About To Sleep
09ed65e35d505a8ce95a82e5c0d1dff3	2017-11-24	Furniture Decor	SP	Sao Paulo	32.99	13.08	46.07	On-Time	9.0	1	About To Sleep
09ed65e35d505a8ce95a82e5c0d1dff3	2017-11-24	Furniture Decor	SP	Sao Paulo	32.99	13.08	46.07	On-Time	9.0	1	About To Sleep
09eedce5add123a462c46a3e0ade2dd9	2017-05-01	Sports Leisure	BA	Itabuna	109.95	18.2	128.15	On-Time	21.8	5	Lost / Hibernating
09eefc2f4932b01761f55d6b623ab527	2017-12-15	Sports Leisure	SP	Barueri	24.99	11.73	36.72	On-Time	5.1	5	About To Sleep
09efb7cd51fbc54c89edb7aff4a3f637	2017-05-09	Cool Stuff	MG	Contagem	99.99	15.46	115.45	On-Time	12.6	4	Lost / Hibernating
09f08a5ef3dbd9a7c895c647f30bb059	2018-01-24	Sports Leisure	SP	Jacarei	99.9	13.25	113.15	On-Time	9.5	4	Potential Loyalists
09f2c6e797b432724b3a123f1ec897bb	2018-02-15	Computers Accessories	SP	Sao Bernardo Do Campo	25.9	11.85	37.75	Delayed	36.1	1	Promising Recent
09f52f8bf94d5676c277ef72ec077c75	2017-08-10	Garden Tools	MT	Cuiaba	59.9	19.66	79.56	On-Time	14.3	5	Lost / Hibernating
09f58c00f941827ab206de7796785e44	2017-01-05	Toys	PR	Curitiba	8.9	8.72	17.62	On-Time	11.0	5	Lost / Hibernating
09f7918cf38caeef665ddea1a74a6a5c	2017-10-03	Telephony	SP	Cesario Lange	19.9	11.85	31.75	On-Time	8.4	5	About To Sleep
09f86b7099faeb6a9d85623c5dba9665	2017-02-08	Pet Shop	MS	Tres Lagoas	44.0	16.05	60.05	On-Time	27.7	4	Lost / Hibernating
09f86d1a5a7c2e8dddd1850a65f5a5d4	2018-01-08	Telephony	SP	Bauru	12.98	11.85	24.83	On-Time	15.2	5	About To Sleep
09f8cd8a102b3f3fa2d5db0c6aee489a	2017-09-15	Computers	PI	Parnaiba	730.0	80.13	810.13	On-Time	13.1	5	About To Sleep
09f929ce6d526af69a12f1a54230e396	2017-05-10	Electronics	SP	Embu Das Artes	29.0	11.85	40.85	On-Time	9.1	1	Lost / Hibernating
09fa09eaa76c4a81cfed79f5d5eb6cf0	2017-12-03	Furniture Living Room	SP	Sao Jose Do Rio Preto	179.99	21.17	201.16	On-Time	17.0	5	About To Sleep
09fc554c8d37d678a6c182c5592ea881	2018-04-16	Home Construction	MG	Teofilo Otoni	39.0	23.28	62.28	On-Time	7.5	4	Promising Recent
09fd1722d038ec5290cb862bb8ed8e46	2018-08-17	Sports Leisure	RS	Pelotas	149.0	27.34	176.34	On-Time	12.2	2	Potential Loyalists
09fd9b0402ed675bbd1ee1e81171ac7c	2018-08-18	Costruction Tools Garden	PE	Gravata	144.9	65.46	210.36	On-Time	10.9	5	Potential Loyalists
09fdca9b7c6771946a1cac89dd7e89a2	2018-01-08	Sports Leisure	MG	Piedade Dos Gerais	25.0	15.1	40.1	On-Time	9.6	2	About To Sleep
09fe6a53d51c53e7961252621989b67c	2018-01-08	Sports Leisure	RJ	Campos Dos Goytacazes	138.5	20.21	158.71	On-Time	10.0	5	About To Sleep
09fe7a287eced3280bbc1ca7759c4c25	2018-06-19	Health Beauty	SP	Sao Paulo	15.49	7.87	23.36	On-Time	3.0	5	New Customers
09ff646bb8e18894b907e5b76f5fca59	2017-09-09	Bed Bath Table	SP	Francisco Morato	52.64	11.87	64.51	On-Time	11.7	5	Lost / Hibernating
09ff9d4a5ba285dcea027de9e7c3adba	2017-07-04	Health Beauty	SP	Boituva	84.0	12.93	96.93	On-Time	3.3	5	Lost / Hibernating
0a001a3fae4c5478fd40c669ab7c7f48	2018-05-12	Housewares	MG	Belo Horizonte	44.9	19.32	64.22	On-Time	9.0	5	New Customers
0a0090ae69392fa38ee742006f8c0a90	2017-08-11	Bed Bath Table	SP	Sao Paulo	85.5	9.91	95.41	On-Time	10.8	1	At Risk
0a0090ae69392fa38ee742006f8c0a90	2017-08-11	Furniture Decor	SP	Sao Paulo	46.99	14.87	61.86	On-Time	10.8	1	At Risk
0a00e9b0112a0e7ba031426a31659196	2018-08-06	Computers Accessories	RJ	Duque De Caxias	49.9	37.26	87.16	On-Time	9.2	5	Potential Loyalists
0a00e9b0112a0e7ba031426a31659196	2018-08-06	Computers Accessories	RJ	Duque De Caxias	49.9	37.26	87.16	On-Time	9.2	5	Potential Loyalists
0a0185b8b72cbf2290c3e4218300a61c	2017-03-14	Furniture Decor	BA	Salvador	44.99	21.85	66.84	On-Time	9.7	5	Lost / Hibernating
0a01aa0d779fc923be4cc5505b0c6dd4	2018-06-16	Toys	SP	Sao Paulo	99.99	16.89	116.88	On-Time	5.0	5	Potential Loyalists
0a020ef040e4b3065551bb31e0aca1cd	2017-08-30	Musical Instruments	SC	Jaragua Do Sul	239.9	46.14	286.04	On-Time	7.3	5	Lost / Hibernating
0a029b521ffceb219d63dce7e02403bc	2017-11-24	Watches Gifts	MT	Sinop	188.0	17.76	205.76	On-Time	28.8	5	About To Sleep
0a02d8b1995030c91c63add1acba1fb2	2017-05-27	Toys	SP	Sao Paulo	94.9	7.92	102.82	On-Time	2.8	5	Loyal Customers
0a03b50bb658dc86547261ba8cd5676e	2017-10-18	Computers Accessories	MT	Caceres	169.99	27.73	197.72	On-Time	14.0	5	About To Sleep
0a03ed20390f0245ab850bea4186190d	2017-12-04	Watches Gifts	SP	Sao Paulo	170.0	16.82	186.82	On-Time	18.7	5	About To Sleep
0a03f10c3075f5566e5cdbef7c487e14	2018-01-20	Auto	SP	Porto Ferreira	16.9	11.85	28.75	On-Time	6.3	5	About To Sleep
0a05e512c3e656802c930be4c1766c2a	2018-08-02	Perfumery	SP	Embu Das Artes	49.99	7.61	57.6	Delayed	13.3	2	New Customers
0a0674921d2acf422fa3f4fd78717451	2017-06-04	Bed Bath Table	RS	Porto Alegre	89.99	16.39	106.38	On-Time	4.6	2	Lost / Hibernating
0a0674921d2acf422fa3f4fd78717451	2017-06-04	Bed Bath Table	RS	Porto Alegre	89.99	16.39	106.38	On-Time	4.6	2	Lost / Hibernating
0a06917fb1c4d93dddc71d9ca7dd8790	2018-08-08	Housewares	BA	Salvador	32.0	18.37	50.37	Delayed	21.1	5	New Customers
0a06a0fe44df214d7b351f21a1bb31aa	2018-06-07	Fashion Bags Accessories	SP	Itaquaquecetuba	49.0	7.39	56.39	On-Time	2.9	5	New Customers
0a06eca1c0bfc49a968e40cdd506297f	2018-03-01	Computers Accessories	PR	Guaratuba	149.0	45.12	194.12	On-Time	11.3	5	Potential Loyalists
0a075803f6a9f73007c86d42003cc231	2017-03-31	Housewares	SP	Sao Paulo	28.78	11.74	40.52	On-Time		1	Lost / Hibernating
0a082979e13de340740a9883be061fcf	2017-11-19	Computers Accessories	RJ	Rio De Janeiro	169.9	17.63	187.53	On-Time	13.2	5	About To Sleep
0a0837a5eee9e7a9ce2b1fa831944d27	2016-10-04	Unknown	SP	Maua	49.99	15.51	65.5	On-Time	18.2	5	Lost / Hibernating
0a098ea7aca0cfbc728417697c86e807	2018-03-10	Health Beauty	MG	Belo Horizonte	220.0	19.42	239.42	Delayed	23.3	4	Potential Loyalists
0a09de65d90e684e2fbd1c2588733f37	2017-08-17	Health Beauty	CE	Russas	98.0	27.23	125.23	On-Time	18.2	3	Lost / Hibernating
0a0ae1b561eab534493c5588efc5169c	2017-09-15	Home Confort	RJ	Nova Friburgo	299.0	26.93	325.93	On-Time	19.2	5	About To Sleep
0a0ae6383118ebd8939e7d18c5dda408	2018-03-10	Bed Bath Table	RJ	Nova Iguacu	39.99	19.32	59.31	Delayed	33.2	1	Promising Recent
0a0b0479c9e05814f250c7bea5b1a95c	2018-06-14	Perfumery	SC	Florianopolis	119.5	17.77	137.27	On-Time	6.9	5	Potential Loyalists
0a0b0479c9e05814f250c7bea5b1a95c	2018-06-14	Perfumery	SC	Florianopolis	119.5	17.77	137.27	On-Time	6.9	5	Potential Loyalists
0a0bb5e5ea635dc355ca8ef22dfac150	2018-07-08	Construction Tools Safety	PR	Colombo	99.0	15.79	114.79	On-Time	5.3	3	Potential Loyalists
0a0cda0a8f1fac8330c16b7a8b38bfb8	2018-03-07	Housewares	RJ	Nova Iguacu	113.9	19.77	133.67	On-Time	14.8	4	Potential Loyalists
0a0d25405f3880fbd46619f0852c250d	2018-07-02	Stationery	SP	Aruja	39.0	13.35	52.35	On-Time	7.7	5	New Customers
0a0d4509c14ceb9b0f6555e07c45d167	2018-03-14	Bed Bath Table	PI	Teresina	288.9	63.82	352.72	Delayed	28.5	4	Loyal Customers
0a0e76ba55e310fd24657a1f532b97c1	2018-06-24	Kitchen Dining Laundry Garden Furniture	SP	Sao Paulo	129.0	77.98	206.98	On-Time		1	New Customers
0a0e7f9881dffec612b28e2682242574	2018-02-22	Computers Accessories	MG	Nova Lima	149.9	19.59	169.49	On-Time	24.4	1	Potential Loyalists
0a0e91f265e0c09af322a473351b61d1	2018-04-22	Watches Gifts	RJ	Sao Goncalo	106.9	0.0	106.9	On-Time	19.2	3	Promising Recent
0a0eb4fdd818ed6fb62d07792c948971	2018-05-15	Watches Gifts	RJ	Rio De Janeiro	116.9	0.0	116.9	On-Time	6.9	5	Potential Loyalists
0a0f50037a1e1b7c239ac621dbd8a03e	2017-09-25	Electronics	PR	Jacarezinho	25.9	12.48	38.38	On-Time	7.2	5	About To Sleep
0a1008edde05c441150b3142521df760	2017-09-22	Watches Gifts	RJ	Angra Dos Reis	158.0	21.6	179.6	On-Time	13.1	5	About To Sleep
0a10c45a73c3213a1499c3989973849b	2018-01-15	Bed Bath Table	SP	Guarulhos	89.9	12.33	102.23	On-Time	7.8	4	About To Sleep
0a11e1f5811dda6f2921ea5b87f67475	2018-06-05	Health Beauty	PE	Xexeu	87.5	38.66	126.16	On-Time	8.6	5	Potential Loyalists
0a131976e98291762104959158e2bdc6	2018-07-14	Consoles Games	PI	Teresina	599.0	66.44	665.44	On-Time	22.0	1	Potential Loyalists
0a13aec53ae766fb150be89f7c93a73f	2017-10-01	Electronics	SC	Curitibanos	19.9	15.1	35.0	On-Time	9.6	5	About To Sleep
0a14f9fc5324099db2a5418351592675	2018-03-03	Computers Accessories	RS	Flores Da Cunha	70.0	15.24	85.24	On-Time	10.5	5	Promising Recent
0a154ed7ce417e33453d705b167a3d8c	2018-05-19	Cool Stuff	SP	Atibaia	209.99	13.37	223.36	On-Time	4.3	5	Potential Loyalists
0a15572811e0bc23e2963de1cdf344f0	2018-04-19	Sports Leisure	RS	Santa Maria	79.99	23.14	103.13	On-Time	15.4	5	Promising Recent
0a178d660889f4e9ef1087483fd6ce9d	2017-03-23	Furniture Decor	SP	Sao Bernardo Do Campo	29.99	10.96	40.95	On-Time	5.1	5	At Risk
0a1830f41dcbe9b26dc35c0c71738796	2017-09-13	Sports Leisure	PE	Olinda	149.9	18.33	168.23	On-Time	16.2	3	Lost / Hibernating
0a187dd7f4efe70e8c3b6e3779b3b133	2017-09-02	Computers	DF	Brasilia	1300.0	33.55	1333.55	On-Time	11.1	5	Lost / Hibernating
0a18d00cb652fc5698d4e3c3e01e7da0	2017-09-12	Furniture Decor	SP	Santos	89.9	9.44	99.34	On-Time	2.4	3	Lost / Hibernating
0a191803956e2748ef8dc1ed7ed5e991	2018-06-16	Garden Tools	SP	Santos	69.99	9.24	79.23	On-Time	4.9	4	New Customers
0a1a904fb2f51218c9c7ce314190de36	2017-03-13	Toys	MG	Sao Joao Del Rei	99.99	15.91	115.9	On-Time	2.9	5	Lost / Hibernating
0a1ad2c293c3baacc6b2c2d442c71acd	2017-01-18	Baby	RJ	Duque De Caxias	29.9	14.52	44.42	On-Time	19.2	5	Lost / Hibernating
0a1adbda846638d279cb086cd1d0cad0	2018-03-27	Garden Tools	MG	Belo Horizonte	179.0	27.49	206.49	On-Time	14.0	4	Potential Loyalists
0a1bbcb7a1af6b58931664e147542a2d	2018-04-04	Fashion Bags Accessories	ES	Vitoria	180.0	19.14	199.14	On-Time	14.3	5	Potential Loyalists
0a1d3041cccb0462981aec3f0b1ad106	2018-08-17	Sports Leisure	RJ	Rio De Janeiro	49.9	15.45	65.35	On-Time	7.2	5	New Customers
0a1e9a535a370a7613939cdf2196c089	2018-05-03	Garden Tools	MG	Tocantins	12.49	13.47	25.96	On-Time	6.9	5	Promising Recent
0a1f877f7653fce5563de42726f033ca	2018-05-12	Telephony	MG	Tuparece	13.5	18.23	31.73	On-Time	13.1	3	New Customers
0a1ff79efed81178cd6303f7704e96da	2018-04-09	Housewares	ES	Agua Doce Do Norte	129.0	31.55	160.55	On-Time	16.2	3	Potential Loyalists
0a20452461e34d59bfd981e9e06fe988	2017-02-28	Housewares	RJ	Rio De Janeiro	29.9	19.84	49.74	On-Time	9.5	4	Lost / Hibernating
0a20f1ed151eaf6d4f8947f6081e1d02	2018-05-23	Watches Gifts	DF	Brasilia	105.0	10.8	115.8	On-Time	13.0	5	Potential Loyalists
0a2407e0197d11314604cf01105f648c	2017-10-19	Bed Bath Table	MG	Uberlandia	179.9	21.75	201.65	On-Time	5.2	5	About To Sleep
0a245a02fe848f9fe7d36aba3f785d78	2018-05-21	Perfumery	SP	Votorantim	32.9	7.39	40.29	Delayed	22.6	4	New Customers
0a275b76a325d0ea648f62a087597d85	2017-08-03	Costruction Tools Garden	SP	Sao Paulo	194.9	13.7	208.6	On-Time	11.8	4	Lost / Hibernating
0a2798cd0ba9166659c07e35ef5eb817	2017-11-21	Bed Bath Table	SP	Mogi-Guacu	99.9	34.86	134.76	On-Time	3.3	5	About To Sleep
0a280a8b4ce3fd3a61a076492e5d6b00	2017-12-26	Furniture Decor	SP	Sao Jose Do Rio Pardo	54.9	12.51	67.41	On-Time	16.2	3	About To Sleep
0a280a8b4ce3fd3a61a076492e5d6b00	2017-12-26	Furniture Decor	SP	Sao Jose Do Rio Pardo	44.9	25.02	69.92	On-Time	16.2	3	About To Sleep
0a280a8b4ce3fd3a61a076492e5d6b00	2017-12-26	Furniture Decor	SP	Sao Jose Do Rio Pardo	44.9	25.02	69.92	On-Time	16.2	3	About To Sleep
0a2820ea58a627b97ba956f38567cae8	2018-08-02	Computers Accessories	SP	Cotia	50.2	13.69	63.89	On-Time	14.9	5	New Customers
0a2902af9ad58b25df153a4e743b5db9	2017-12-13	Sports Leisure	CE	Fortaleza	139.9	61.01	200.91	On-Time	23.5	5	About To Sleep
0a297271052d25a8fd815cd06ec90aaf	2018-07-24	Auto	SP	Sao Paulo	95.9	11.69	107.59	On-Time	3.5	5	Potential Loyalists
0a2a2670426b66ba24372c7d03da2ca7	2017-11-29	Housewares	MG	Divinopolis	32.9	16.79	49.69	On-Time	6.9	5	About To Sleep
0a2c8538b97333899a075ae94b85b037	2018-03-12	Sports Leisure	SP	Guaruja	280.0	24.28	304.28	On-Time	5.1	5	Potential Loyalists
0a2c9c3fedb974fcf5a8a569e9ba9da9	2018-07-31	Construction Tools Safety	MG	Betim	99.0	15.79	114.79	On-Time	5.8	5	Potential Loyalists
0a2d541ba7c40984543d72b5eb0abcba	2017-01-23	Furniture Decor	SP	Sao Paulo	37.99	11.73	49.72	On-Time	6.8	5	Lost / Hibernating
0a2d80bb09b766e032d077eb834788e4	2017-10-13	Health Beauty	MG	Belo Horizonte	8.65	14.1	22.75	On-Time	10.1	5	About To Sleep
0a2da53685ead0fd45e8609cabf19f5b	2018-06-12	Furniture Decor	SC	Florianopolis	74.9	15.62	90.52	On-Time	9.0	4	New Customers
0a2de338241b69893fc167f8d0970349	2018-06-18	Sports Leisure	RJ	Macae	95.0	23.82	118.82	On-Time	8.4	5	Potential Loyalists
0a2de98201596f294c0d11b01a0100a7	2018-05-21	Watches Gifts	SP	Itapecerica Da Serra	299.0	19.97	318.97	On-Time	18.4	5	Potential Loyalists
0a2ea907b178650afcfcab07e55b70f6	2018-04-11	Garden Tools	RS	Porto Alegre	53.9	21.35	75.25	On-Time	9.3	5	Promising Recent
0a2f3c7b4abf07c314a043c7044b0522	2018-05-16	Watches Gifts	SP	Sao Paulo	105.0	9.85	114.85	On-Time	5.0	4	Potential Loyalists
0a2f51f07c7b99722f843490cd20ec09	2018-05-23	Furniture Decor	SP	Piracaia	69.9	0.0	69.9	On-Time	4.8	5	New Customers
0a2fff457eab3cadff378f87851dac15	2017-02-10	Office Furniture	SC	Jaragua Do Sul	89.99	14.8	104.79	On-Time	20.7	3	Lost / Hibernating
0a308be0b454b3664e06318c9bd6a5be	2017-02-28	Fixed Telephony	AP	Santana	39.99	24.84	64.83	On-Time	15.6	4	Lost / Hibernating
0a308be0b454b3664e06318c9bd6a5be	2017-02-28	Fixed Telephony	AP	Santana	39.99	24.84	64.83	On-Time	15.6	4	Lost / Hibernating
0a308be0b454b3664e06318c9bd6a5be	2017-02-28	Fixed Telephony	AP	Santana	39.99	24.84	64.83	On-Time	15.6	4	Lost / Hibernating
0a308be0b454b3664e06318c9bd6a5be	2017-02-28	Fixed Telephony	AP	Santana	39.99	24.84	64.83	On-Time	15.6	4	Lost / Hibernating
0a308be0b454b3664e06318c9bd6a5be	2017-02-28	Fixed Telephony	AP	Santana	39.99	24.84	64.83	On-Time	15.6	4	Lost / Hibernating
0a3181424fe55b41f1f0d53150c6523f	2018-01-04	Bed Bath Table	SP	Guarulhos	79.0	13.57	92.57	On-Time	6.2	5	About To Sleep
0a31cb63d4483ffbef1d5503752a0b5d	2017-07-18	Health Beauty	MG	Carrancas	30.99	15.1	46.09	On-Time	7.2	5	Lost / Hibernating
0a31cde0de75146ec6aa043161f74cf3	2018-07-15	Cool Stuff	MS	Ponta Pora	229.99	58.09	288.08	On-Time	9.3	5	Potential Loyalists
0a31fa5371c2046d273b9fb84e3b2988	2017-04-16	Sports Leisure	SC	Sao Jose	50.0	2.73	52.73	Delayed	36.2	1	Lost / Hibernating
0a31fa5371c2046d273b9fb84e3b2988	2017-04-16	Sports Leisure	SC	Sao Jose	17.9	27.35	45.25	Delayed	36.2	1	Lost / Hibernating
0a327f9c209a8317bacc1f86dda65f52	2018-07-31	Baby	SP	Sao Paulo	49.9	8.51	58.41	On-Time	2.3	5	New Customers
0a32919eaa38cf81a09bb4cd2ca383df	2018-03-30	Furniture Decor	ES	Vitoria	34.9	20.4	55.3	On-Time	18.9	4	Promising Recent
0a32952933d2a181dfe8f11d41f9f9b2	2017-06-19	Baby	MG	Campanha	32.9	16.79	49.69	Delayed	24.4	2	Lost / Hibernating
0a32aa7d8d3f344fb31eac306336daac	2018-04-18	Health Beauty	BA	Salvador	110.32	17.48	127.8	On-Time	14.2	1	Potential Loyalists
0a32aa7d8d3f344fb31eac306336daac	2018-04-18	Health Beauty	BA	Salvador	110.32	17.48	127.8	On-Time	14.2	1	Potential Loyalists
0a32ad9d3be8a5b1ce582225aa1cd166	2017-07-06	Bed Bath Table	SP	Sao Paulo	28.9	12.69	41.59	On-Time	7.9	5	Lost / Hibernating
0a32c98faaa09357e357a60d02704a3c	2017-12-14	Bed Bath Table	SP	Osasco	45.9	9.34	55.24	On-Time	6.1	5	About To Sleep
0a33a983476b5e9f23c0fc9f95c9682f	2017-05-20	Bed Bath Table	SP	Campinas	214.99	8.79	223.78	On-Time	8.9	5	Lost / Hibernating
0a36782ef456fa3a812be422d9a3f8db	2018-03-30	Unknown	RJ	Resende	125.9	22.59	148.49	On-Time	12.9	5	Potential Loyalists
0a36bd172604d49ae57f2ae440a0dc70	2018-07-27	Auto	BA	Jucurucu	199.99	28.35	228.34	On-Time	13.8	5	Potential Loyalists
0a383b731ceafec6fe7047720b1ea52e	2018-01-03	Furniture Decor	PR	Curitiba	93.9	10.16	104.06	On-Time	19.8	1	Customers Needing Attention
0a383b731ceafec6fe7047720b1ea52e	2018-01-03	Home Confort	PR	Curitiba	199.0	25.39	224.39	On-Time	19.8	1	Customers Needing Attention
0a38b7de941db65679a11a300f782703	2018-02-06	Consoles Games	SP	Sao Paulo	415.9	10.17	426.07	Delayed	15.5	2	Potential Loyalists
0a393be90b03100dcea4aa21f2e027ec	2017-11-18	Toys	GO	Formosa	99.99	11.73	111.72	On-Time	17.0	1	About To Sleep
0a393be90b03100dcea4aa21f2e027ec	2017-11-18	Perfumery	GO	Formosa	39.9	20.21	60.11	On-Time	17.0	1	About To Sleep
0a393be90b03100dcea4aa21f2e027ec	2017-11-18	Perfumery	GO	Formosa	39.9	20.21	60.11	On-Time	17.0	1	About To Sleep
0a3bc687e8cb91f08d67838494a0e396	2018-03-14	Toys	MS	Maracaju	59.9	23.0	82.9	On-Time	26.3	5	Promising Recent
0a3bd18b5c5d505aedd969dbba6ff069	2018-08-11	Office Furniture	SP	Sao Paulo	279.9	33.75	313.65	On-Time	9.5	4	Potential Loyalists
0a3c7a080b1152884a662e6da68906e7	2017-06-16	Watches Gifts	SP	Fernao	29.0	11.85	40.85	On-Time	9.8	4	Lost / Hibernating
0a3d9f14b1781670b56b1832ba291095	2018-07-24	Health Beauty	CE	Fortaleza	364.0	31.8	395.8	On-Time	9.1	5	Potential Loyalists
0a3de305844d2e1bf9a608e702ccd373	2017-11-12	Fashion Shoes	MT	Araputanga	157.9	20.35	178.25	On-Time	11.9	5	About To Sleep
0a3e09ae60d6eb7338e353c0c323eabf	2017-10-07	Toys	SP	Guarulhos	139.9	17.23	157.13	On-Time	6.2	4	About To Sleep
0a3ece2f39e596ede61967326bf7e969	2018-06-06	Garden Tools	SP	Taquaritinga	92.86	13.09	105.95	On-Time	6.9	5	New Customers
0a3fcfaf1098f95867cdeeb766561eae	2017-04-25	Bed Bath Table	RJ	Rio De Janeiro	41.9	17.78	59.68	On-Time	13.6	5	Champions
0a3ff573ad87fe549fa3ce5c3f07b2cf	2018-05-05	Health Beauty	SP	Sao Paulo	29.9	7.71	37.61	On-Time	5.3	5	Promising Recent
0a40305560dea2cdc17c6661f222375d	2018-04-28	Telephony	MG	Inhapim	29.99	18.23	48.22	On-Time	11.1	4	Promising Recent
0a40f88667e7bbb7ef87efaa9a2177ea	2018-02-23	Bed Bath Table	SP	Maua	109.9	13.79	123.69	On-Time	10.7	5	Potential Loyalists
0a4105b08aba021f690e79d8b9810885	2018-06-19	Computers Accessories	SP	Sao Paulo	129.0	9.06	138.06	On-Time	2.0	5	Potential Loyalists
0a42de5dfb223e924d95bccacc00fc78	2017-07-13	Baby	MA	Sao Luis	119.9	25.39	145.29	On-Time	14.9	4	Lost / Hibernating
0a4480a7856cae897440eb7229b25252	2018-07-29	Bed Bath Table	SP	Sao Roque	105.99	13.4	119.39	On-Time	3.1	5	Potential Loyalists
0a44ca66dfa067a69bc92ef82ba68acf	2018-05-13	Watches Gifts	SP	Bebedouro	145.0	8.36	153.36	On-Time	5.7	4	Potential Loyalists
0a457a7e838f772d804eebe8d6261ed0	2018-08-08	Computers Accessories	SP	Sao Paulo	74.99	8.69	83.68	On-Time	2.2	3	New Customers
0a4581df52d24b72b87ae0feb1b11d08	2018-05-11	Furniture Decor	SC	Florianopolis	79.9	18.14	98.04	On-Time	10.1	5	New Customers
0a45b0373a9b1178357bb9d93243ed18	2017-11-17	Bed Bath Table	SP	Campo Limpo Paulista	17.9	11.85	29.75	On-Time	15.8	4	About To Sleep
0a45ff140fcaf02e1b09ca845b0ebb13	2018-02-04	Auto	SP	Vinhedo	109.9	14.37	124.27	On-Time	3.1	5	Potential Loyalists
0a461e390d6d2280c86fa9a76b3a0e68	2018-06-08	Watches Gifts	RS	Porto Alegre	179.0	20.22	199.22	On-Time	18.0	4	Potential Loyalists
0a46b68a258a6a2a44012e312063afa9	2018-02-01	Perfumery	PR	Telemaco Borba	25.0	15.1	40.1	On-Time	16.1	5	Promising Recent
0a46f220430c5aeaea27e7ebc76bae76	2017-04-20	Telephony	PR	Maringa	49.9	14.52	64.42	On-Time	18.6	4	Lost / Hibernating
0a4717812af08b022a25c46f110d881d	2017-12-11	Costruction Tools Tools	MG	Congonhas	29.9	14.08	43.98	On-Time	12.1	5	About To Sleep
0a485e9f82800bf8b36ae34ad2a91aa2	2017-10-13	Telephony	PA	Paragominas	27.99	25.63	53.62	On-Time	13.7	5	Customers Needing Attention
0a492dfba0efff86d173382ee6c65a1a	2018-02-17	Furniture Decor	PR	Reboucas	69.9	20.98	90.88	On-Time	16.0	5	Promising Recent
0a499296998c5b2e877297984bdf657c	2017-03-16	Health Beauty	RJ	Sao Goncalo	15.75	14.52	30.27	Delayed	22.2	3	Lost / Hibernating
0a4a2fccb27bd83a892fa503987a595b	2017-04-20	Bed Bath Table	PB	Santa Luzia	38.5	24.84	63.34	On-Time	20.7	4	Lost / Hibernating
0a4bcba63e99001ad0349d8832963afe	2018-02-26	Auto	SP	Sao Paulo	79.9	12.06	91.96	On-Time		1	Promising Recent
0a4c05d2e1ae812a342af2f5c9a34b36	2018-07-31	Watches Gifts	SP	Carapicuiba	58.0	2.17	60.17	On-Time	3.0	2	Potential Loyalists
0a4c05d2e1ae812a342af2f5c9a34b36	2018-07-31	Watches Gifts	SP	Carapicuiba	55.0	21.68	76.68	On-Time	3.0	2	Potential Loyalists
0a4c05d2e1ae812a342af2f5c9a34b36	2018-07-31	Watches Gifts	SP	Carapicuiba	29.9	4.34	34.24	On-Time	3.0	2	Potential Loyalists
0a4e4a3dd6cacc3db584029b55817aac	2017-12-06	Toys	SP	Ilhabela	89.8	24.94	114.74	On-Time	16.0	5	About To Sleep
0a505a7b63a33e72ba4159e3db1208c9	2017-10-29	Cool Stuff	RJ	Guapimirim	24.0	15.1	39.1	On-Time	8.3	5	About To Sleep
0a50b1ae078d9638440048842b7cd5c4	2017-09-28	Housewares	MG	Uberlandia	547.99	26.71	574.7	On-Time	15.3	5	About To Sleep
0a511bcdd22a725ca670b0102ac0be73	2017-11-25	Bed Bath Table	RJ	Rio De Janeiro	116.9	16.58	133.48	Delayed	40.9	1	About To Sleep
0a5235f11c613716411d3a631d55fc60	2017-06-15	Telephony	SP	Sao Paulo	120.0	8.59	128.59	On-Time	6.9	5	Lost / Hibernating
0a52d1f5b66c689f3955b3711ba7cc17	2018-02-03	Watches Gifts	BA	Iramaia	119.0	17.27	136.27	On-Time	37.1	5	Potential Loyalists
0a53864d69001a165085a6488ab75469	2018-01-16	Housewares	PE	Saloa	129.0	72.03	201.03	On-Time	14.3	5	About To Sleep
0a53864d69001a165085a6488ab75469	2018-01-16	Housewares	PE	Saloa	55.0	0.06	55.06	On-Time	14.3	5	About To Sleep
0a53c1150d1019fb4e5e6224e887011f	2018-04-18	Cool Stuff	SP	Sorocaba	699.0	13.25	712.25	Delayed	15.7	1	Loyal Customers
0a53fca4f1040863a7aa5e7b0634ac09	2017-10-15	Unknown	SP	Sao Paulo	39.9	14.1	54.0	On-Time	3.0	5	About To Sleep
0a54256bfd2401d553f81d8e37e5305d	2018-08-14	Home Appliances	BA	Varzea Nova	86.0	22.53	108.53	On-Time	12.9	5	Potential Loyalists
0a558295652f98bafe12e259c4d3fa26	2018-03-06	Health Beauty	RJ	Resende	180.0	14.25	194.25	On-Time	14.2	3	Potential Loyalists
0a56861d762ee1f82f5cdc2de2b1f71a	2018-06-27	Toys	SP	Franco Da Rocha	24.99	8.34	33.33	On-Time	2.5	5	New Customers
0a576c94e0a66f147bb4d6949602b85c	2017-09-26	Baby	SP	Sao Paulo	153.2	13.41	166.61	On-Time	8.3	3	About To Sleep
0a57fdd1a42f86bd170a4623ca76676c	2018-06-08	Housewares	SP	Sao Paulo	26.18	11.15	37.33	On-Time	5.1	5	New Customers
0a584a18a05ee90c0e3793bb14a9ad3a	2018-06-21	Health Beauty	SP	Hortolandia	14.99	7.87	22.86	On-Time	6.7	5	New Customers
0a5862d87bffd3cfdc0615c7aafcf408	2017-11-04	Costruction Tools Tools	SP	Campinas	29.9	14.08	43.98	On-Time	17.4	5	About To Sleep
0a586d5cf2a2538846e577316dab5443	2017-04-26	Sports Leisure	RS	Porto Alegre	69.9	11.88	81.78	On-Time	8.7	5	Lost / Hibernating
0a58de38cd66544f6bbe4f5ab326e5f6	2017-08-07	Electronics	SP	Carapicuiba	100.0	23.29	123.29	On-Time	3.9	5	Lost / Hibernating
0a59027d2270c523a10d1c29e6c53a71	2017-02-06	Bed Bath Table	SP	Itapira	55.5	17.13	72.63	On-Time	15.1	4	Lost / Hibernating
0a5a2c824e893eb66abd0d869f6c45e6	2017-08-27	Furniture Decor	RJ	Campos Dos Goytacazes	38.4	15.1	53.5	On-Time	8.8	4	Lost / Hibernating
0a5a2c824e893eb66abd0d869f6c45e6	2017-08-27	Furniture Decor	RJ	Campos Dos Goytacazes	38.4	15.1	53.5	On-Time	8.8	4	Lost / Hibernating
0a5a2c824e893eb66abd0d869f6c45e6	2017-08-27	Furniture Decor	RJ	Campos Dos Goytacazes	38.4	15.1	53.5	On-Time	8.8	4	Lost / Hibernating
0a5a672ddd7b5921439a990ff8efbb1b	2017-05-05	Baby	CE	Juazeiro Do Norte	20.0	29.55	49.55	On-Time	13.1	5	Lost / Hibernating
0a5d7e24850c68bf00d39bd62a9a45ee	2016-10-09	Sports Leisure	RJ	Macae	62.9	17.35	80.25	On-Time	18.8	5	Lost / Hibernating
0a5e1bafba05f64884feb58a0bd822a0	2018-01-13	Sports Leisure	PI	Teresina	129.0	25.67	154.67	On-Time	12.9	5	About To Sleep
0a6003474a7471ca13dbdb23b2c04ec6	2018-02-02	Furniture Decor	BA	Salvador	99.9	18.94	118.84	On-Time	17.5	1	Potential Loyalists
0a629239073738043764cd721c8ab2da	2018-06-16	Costruction Tools Garden	SP	Sao Jose Dos Campos	33.0	13.81	46.81	On-Time	5.6	4	New Customers
0a62a2ee479a419db8aebf78129b2f5e	2017-10-01	Bed Bath Table	PR	Curitiba	113.57	18.04	131.61	On-Time	12.0	4	About To Sleep
0a6312b2e86fe734ebbddaae7fabd14d	2017-03-25	Watches Gifts	MG	Patos De Minas	149.0	15.21	164.21	On-Time	4.7	3	Lost / Hibernating
0a631e92a5097a6cd94c5b7002778938	2017-11-30	Home Appliances	SP	Itu	81.0	8.31	89.31	Delayed	34.2	1	About To Sleep
0a63a472b54f4e94fa67f374b05fc3ea	2018-05-07	Housewares	SP	Sao Paulo	49.0	14.44	63.44	On-Time	4.5	5	New Customers
0a65a87966cf47b05a559b462c8754dc	2018-05-30	Home Construction	SP	Jundiai	150.0	17.86	167.86	On-Time	6.1	1	Potential Loyalists
0a65d1c730fc9bce9b5d353ff4f81bbe	2017-07-26	Furniture Decor	PR	Maringa	34.99	17.6	52.59	On-Time	12.8	1	Lost / Hibernating
0a65d1c730fc9bce9b5d353ff4f81bbe	2017-07-26	Furniture Decor	PR	Maringa	34.99	17.6	52.59	On-Time	12.8	1	Lost / Hibernating
0a66244c735378791bf14412b6c97df0	2017-03-22	Unknown	RS	Porto Alegre	259.0	17.11	276.11	On-Time	5.8	4	Lost / Hibernating
0a6667b832116a7484ae779b7b0b91c0	2017-09-11	Books Technical	SP	Mogi Das Cruzes	145.35	9.83	155.18	On-Time	3.5	5	Lost / Hibernating
0a671290b0be76ffb379a3c0031d2f44	2018-04-25	Sports Leisure	BA	Salvador	319.49	25.89	345.38	Delayed	27.3	1	Potential Loyalists
0a671900301b8fcb176e26d685aa7fb2	2017-10-31	Construction Tools Construction	SP	Rio Claro	64.9	8.72	73.62	On-Time	6.0	5	About To Sleep
0a681d622e6b5d09ddfa071a5785c916	2017-07-05	Garden Tools	RJ	Queimados	329.0	39.6	368.6	On-Time	9.4	5	Lost / Hibernating
0a68b93a3fda1e48b30171c8db35b938	2018-05-13	Housewares	BA	Salvador	330.99	50.18	381.17	On-Time	12.4	4	Potential Loyalists
0a6941f89f53dc1f622f877b23601ed7	2018-06-03	Housewares	SP	Sao Paulo	20.4	2.46	22.86	On-Time	4.6	2	Champions
0a6941f89f53dc1f622f877b23601ed7	2018-06-03	Housewares	SP	Sao Paulo	9.9	12.32	22.22	On-Time	4.6	2	Champions
0a6a4a209e43892afeacdecd8a5cfdff	2017-10-17	Home Confort	MG	Ouro Preto	47.0	16.11	63.11	On-Time	7.0	3	About To Sleep
0a6b605082c96184ffbfcee379404d6e	2017-06-16	Perfumery	DF	Brasilia	56.99	14.15	71.14	On-Time	10.8	5	Lost / Hibernating
0a6b6d3fb4616f5b647bc8b0b8f69e0d	2017-10-16	Health Beauty	SP	Itaquaquecetuba	37.9	15.1	53.0	On-Time	21.2	1	About To Sleep
0a6c8aa5c12b86c6f96308839eb7417b	2018-02-27	Stationery	SP	Sao Paulo	47.7	15.1	62.8	On-Time	5.7	5	Potential Loyalists
0a6c8aa5c12b86c6f96308839eb7417b	2018-02-27	Stationery	SP	Sao Paulo	47.7	15.1	62.8	On-Time	5.7	5	Potential Loyalists
0a6e242b5cf18e140304453da637866b	2017-12-10	Fashion Bags Accessories	PA	Dom Eliseu	32.0	25.63	57.63	On-Time	17.0	5	About To Sleep
0a6e8d7b7db627f4863678eba2a98eef	2018-07-11	Cool Stuff	SC	Criciuma	390.0	49.68	439.68	On-Time	12.9	5	Potential Loyalists
0a6f6183affc58729c775e30654be436	2018-04-11	Furniture Decor	SP	Guarulhos	35.0	8.88	43.88	On-Time	4.9	5	Promising Recent
0a6fa9e79a320b107d846fdf76af5901	2018-01-27	Stationery	RS	Cangucu	59.9	25.7	85.6	On-Time	30.1	4	Promising Recent
0a703303bdedfaa80afd4eb17280f2d1	2018-01-15	Furniture Decor	SP	Osasco	629.9	24.9	654.8	On-Time	13.0	1	About To Sleep
0a70b96b1997e3c8953bfa4254ad1144	2018-03-10	Auto	SP	Tiete	69.9	14.58	84.48	Delayed	18.0	4	Promising Recent
0a70fd0f23f627d0cc1ea16cb4169393	2017-08-25	Musical Instruments	RJ	Volta Redonda	39.9	16.79	56.69	On-Time	12.3	5	Lost / Hibernating
0a721c801fb74738e32f7ffc3c068a46	2017-12-20	Telephony	GO	Indiara	29.99	15.1	45.09	On-Time	16.2	5	About To Sleep
0a721c801fb74738e32f7ffc3c068a46	2017-12-20	Telephony	GO	Indiara	24.99	15.1	40.09	On-Time	16.2	5	About To Sleep
0a7224dae678203f5b1a0715b55ed4d0	2017-08-21	Telephony	ES	Sao Domingos Do Norte	140.0	26.26	166.26	On-Time	30.1	5	Lost / Hibernating
0a72bb193c65199cdd69574aac533a83	2018-05-21	Musical Instruments	SC	Sao Francisco Do Sul	75.0	19.5	94.5	On-Time	18.4	4	Potential Loyalists
0a72bb193c65199cdd69574aac533a83	2018-05-21	Musical Instruments	SC	Sao Francisco Do Sul	75.0	19.5	94.5	On-Time	18.4	4	Potential Loyalists
0a74dbb3f48ca542f83c5911f24e472d	2017-04-21	Health Beauty	SC	Sao Joaquim	25.0	14.52	39.52	On-Time	6.8	5	Lost / Hibernating
0a750178e6d58c01a64d8d939cdca0c0	2017-12-18	Baby	RJ	Rio De Janeiro	27.9	15.1	43.0	On-Time	17.7	5	About To Sleep
0a75d2b40c23e608bc7bac42a6c8e508	2018-04-01	Garden Tools	MG	Belo Horizonte	179.0	27.49	206.49	Delayed	19.0	2	Potential Loyalists
0a76ae785560c5882874b2738c60d958	2017-08-02	Toys	PR	Planaltina Do Parana	10.75	15.1	25.85	On-Time	14.9	5	Lost / Hibernating
0a77b770428bccbea7f9dbf8aec5d6ae	2017-02-17	Furniture Decor	RO	Vilhena	69.99	23.36	93.35	On-Time	21.7	2	Lost / Hibernating
0a77b770428bccbea7f9dbf8aec5d6ae	2017-02-17	Furniture Decor	RO	Vilhena	280.0	84.96	364.96	On-Time	21.7	2	Lost / Hibernating
0a77b770428bccbea7f9dbf8aec5d6ae	2017-02-17	Bed Bath Table	RO	Vilhena	81.8	20.18	101.98	On-Time	21.7	2	Lost / Hibernating
0a77b770428bccbea7f9dbf8aec5d6ae	2017-02-17	Furniture Decor	RO	Vilhena	69.99	23.36	93.35	On-Time	21.7	2	Lost / Hibernating
0a7888b4a8bdf63a03f4e7db63a6fc59	2017-07-06	Computers Accessories	PI	Picos	59.9	25.7	85.6	On-Time	18.0	4	Lost / Hibernating
0a791a17784db64bbc47f6b666011d9e	2017-08-02	Toys	RJ	Mesquita	45.0	16.11	61.11	On-Time	8.3	2	Lost / Hibernating
0a79d1506c2e0249c9aff8723bcf51e9	2018-05-18	Art	SP	Itu	99.99	12.03	112.02	Delayed	18.3	1	Potential Loyalists
0a7a3bb3bfcebd9e89241cf037c3bc85	2018-01-23	Unknown	PR	Fazenda Rio Grande	69.77	14.24	84.01	On-Time	9.9	5	Promising Recent
0a7af36dc9b46e0920a68a9e2ee2198e	2018-01-11	Baby	PI	Altos	73.5	25.06	98.56	On-Time	25.0	5	About To Sleep
0a7beb2015960a4d8c4ec8bbde5a1f5f	2018-01-20	Office Furniture	DF	Brasilia	79.99	22.88	102.87	On-Time		1	About To Sleep
0a7cf771945fa809fa47399a1ba0eeaa	2017-02-23	Perfumery	ES	Afonso Claudio	64.99	16.15	81.14	On-Time	11.4	4	Lost / Hibernating
0a7d898c6305101e69e9f5a05cd0130d	2018-06-12	Watches Gifts	RJ	Cabo Frio	196.0	19.47	215.47	On-Time	17.2	5	Potential Loyalists
0a7dd1e47d756727fdfe4b0daf9a655b	2017-11-25	Furniture Decor	SP	Santos	210.0	14.02	224.02	On-Time	8.2	4	About To Sleep
0a7ef385ee9080d0edef043521ec3114	2018-08-05	Watches Gifts	PR	Umuarama	78.0	18.65	96.65	On-Time	11.2	2	New Customers
0a7f4604ee9cab65020038275efe1d76	2018-07-08	Costruction Tools Garden	SP	Sao Paulo	11.27	12.79	24.06	On-Time		1	New Customers
0a7f4604ee9cab65020038275efe1d76	2018-07-08	Costruction Tools Garden	SP	Sao Paulo	11.27	12.79	24.06	On-Time		1	New Customers
0a7f4604ee9cab65020038275efe1d76	2018-07-08	Costruction Tools Garden	SP	Sao Paulo	11.27	12.79	24.06	On-Time		1	New Customers
0a7f55f1119615e9adba581bc94ee02c	2018-06-25	Electronics	PR	Fazenda Rio Grande	9.0	15.23	24.23	On-Time	9.0	5	New Customers
0a80da8a2e86f5f401c7514602bc1105	2017-03-24	Telephony	RR	Boa Vista	34.99	28.97	63.96	On-Time	32.9	3	Lost / Hibernating
0a814d38aa19654a3f35654847ba74b1	2018-05-22	Office Furniture	SP	Jandira	156.94	27.95	184.89	On-Time	21.4	4	Potential Loyalists
0a814fddd9db7c515225361a87b607bb	2018-04-14	Watches Gifts	RS	Porto Alegre	29.9	19.32	49.22	On-Time	11.9	5	Promising Recent
0a82501b7148667eaff8dc8811a58f06	2017-10-20	Sports Leisure	SP	Sao Paulo	119.9	21.68	141.58	On-Time	6.8	5	About To Sleep
0a84606bdb8331708400882d2e921524	2018-06-29	Drinks	SP	Sao Paulo	33.49	7.97	41.46	On-Time	3.9	5	New Customers
0a8488f892c3e8631099327c1ec55d08	2018-06-29	Fashion Bags Accessories	RN	Sao Paulo Do Potengi	80.0	51.28	131.28	On-Time	14.1	5	Potential Loyalists
0a84b71d2fd93eeae49d3149a3e08003	2017-11-28	Furniture Decor	RJ	Rio De Janeiro	149.98	25.89	175.87	Delayed	41.9	1	About To Sleep
0a84fbd88ba3278bbb66308e79b2f416	2017-03-07	Toys	RJ	Mage	399.99	14.19	414.18	On-Time	5.9	4	Lost / Hibernating
0a859572e5956923f4b083363aae7d7b	2018-01-15	Computers Accessories	RS	Itaqui	190.9	14.36	205.26	On-Time	11.0	5	About To Sleep
0a864e1c3705f361a953b0f2cc47a60e	2017-04-26	Unknown	MG	Belo Horizonte	25.95	14.52	40.47	On-Time	8.0	5	Lost / Hibernating
0a8724bf3ecd49bce712851bbbecaf35	2017-10-18	Stationery	SP	Sao Paulo	39.0	14.1	53.1	On-Time	13.8	5	About To Sleep
0a87254b512c79f0943355540a189d77	2018-06-30	Pet Shop	RN	Natal	137.9	63.22	201.12	On-Time	14.2	5	Potential Loyalists
0a8758ec6f399b52f2ecb7b1a0c4c16c	2017-11-25	Garden Tools	DF	Brasilia	49.0	17.67	66.67	On-Time	14.2	5	About To Sleep
0a87a60c5403e51a0e85e4ed7c3c2bdf	2017-11-24	Cool Stuff	RJ	Nova Iguacu	239.99	21.17	261.16	Delayed	41.3	2	About To Sleep
0a87de586a94b42f2294c207845674ab	2017-05-24	Auto	RJ	Rio De Janeiro	99.0	14.44	113.44	On-Time	6.3	5	Lost / Hibernating
0a881bec2e3ae03ba47a8d04d5dfc450	2018-08-12	Office Furniture	SP	Sorocaba	124.9	13.17	138.07	On-Time	3.0	2	Potential Loyalists
0a896d016dd3a53c584129cd14e0875c	2018-07-21	Telephony	SP	Santos	23.99	7.43	31.42	On-Time	4.4	4	New Customers
0a89bc2ec7e822a78b0cef45518d6217	2017-11-13	Watches Gifts	PE	Toritama	399.9	28.08	427.98	On-Time	10.7	5	About To Sleep
0a8ab5666933ac4865f2c36c5e7b5a0c	2017-07-24	Perfumery	SP	Fernandopolis	415.0	14.41	429.41	On-Time	16.0	5	Lost / Hibernating
0a8ad519fc5624a7862124decee24b27	2018-02-01	Sports Leisure	SC	Rio Negrinho	89.9	17.07	106.97	On-Time	18.3	1	Promising Recent
0a8b3b277ffe67981af7d4a14e7f98d5	2018-06-14	Pet Shop	SP	Taubate	108.9	13.5	122.4	On-Time	7.5	5	Potential Loyalists
0a8b3b277ffe67981af7d4a14e7f98d5	2018-06-14	Pet Shop	SP	Taubate	108.9	13.5	122.4	On-Time	7.5	5	Potential Loyalists
0a8b6e2cf83e2543f6b756e3a6d16eb5	2018-03-23	Sports Leisure	AL	Maceio	29.9	50.85	80.75	Delayed	48.3	2	Promising Recent
0a8b7ed1fb705a8af99575dc742cd328	2017-07-20	Auto	SP	Capao Bonito	52.9	13.39	66.29	On-Time	8.3	5	Lost / Hibernating
0a8bacdc71ec2a99fcc75baf60f64439	2018-02-05	Garden Tools	RJ	Rio De Janeiro	49.9	17.6	67.5	On-Time	14.2	5	Potential Loyalists
0a8bacdc71ec2a99fcc75baf60f64439	2018-02-05	Garden Tools	RJ	Rio De Janeiro	49.9	17.6	67.5	On-Time	14.2	5	Potential Loyalists
0a8c0300318aedd7b66f6dbc27409ece	2018-01-24	Bed Bath Table	SC	Joinville	74.9	16.28	91.18	Delayed	34.4	1	Promising Recent
0a8c0b59c2efaacc405838782a56c156	2017-07-28	Stationery	SP	Sao Paulo	100.0	13.72	113.72	On-Time	7.6	5	Lost / Hibernating
0a8c76aaf89178fd0f7655214a6b5223	2017-11-22	Sports Leisure	PR	Curitiba	60.0	14.17	74.17	On-Time	7.6	5	About To Sleep
0a8c95289dc386957c00a84dcc054d5e	2018-01-15	Auto	MG	Monte Siao	117.3	17.53	134.83	On-Time	10.2	5	About To Sleep
0a8d9ed968d08daf5ef8a5cbf0bbe833	2018-03-28	Stationery	SC	Florianopolis	19.99	15.23	35.22	On-Time	14.5	5	Promising Recent
0a8e3f635501e67cdbd29e6ae3bda9ba	2018-03-12	Housewares	RJ	Rio De Janeiro	17.9	15.23	33.13	On-Time	9.2	5	Promising Recent
0a8f1a36db93c2d10a0ff456e5550ae8	2018-05-02	Housewares	SP	Sao Paulo	129.0	26.98	155.98	On-Time	16.2	5	Potential Loyalists
0a8f35ef46160ef897c27ba8c423d823	2017-03-16	Housewares	SC	Sao Jose	44.9	14.52	59.42	Delayed	36.8	1	Lost / Hibernating
0a8f8c393d9dbc5901daf7d157afc427	2017-06-01	Fixed Telephony	RS	Farroupilha	32.99	15.1	48.09	On-Time	12.8	5	Lost / Hibernating
0a8fa135a7aa265638024d7c4af050f7	2018-04-25	Computers Accessories	GO	Santa Rita Do Araguaia	64.9	18.33	83.23	On-Time	7.2	5	Promising Recent
0a8fa6b5910d2d1326480e5837f6b51f	2017-08-23	Toys	PR	Foz Do Iguacu	120.9	18.1	139.0	On-Time	7.0	5	Lost / Hibernating
0a90490b9aa5527b4f3497a6f3c725ee	2018-05-12	Garden Tools	RJ	Petropolis	53.9	16.07	69.97	On-Time	10.7	5	New Customers
0a90fd1ec2b6416cf95f9f9dbca21d9a	2018-07-29	Bed Bath Table	RJ	Cabo Frio	34.99	19.44	54.43	On-Time	5.3	3	New Customers
0a9290cec2889b113c83f052547448f1	2018-01-06	Toys	SP	Maua	89.9	11.83	101.73	On-Time	11.2	4	About To Sleep
0a92b722c3355980ef37fd1fee068c6c	2018-04-08	Bed Bath Table	ES	Serra	35.99	19.32	55.31	Delayed	35.9	2	Promising Recent
0a92bad75c24fdf33ed2a18801262e89	2018-08-13	Costruction Tools Tools	SP	Sao Paulo	42.9	13.64	56.54	Delayed	22.0	4	New Customers
0a93b40850d3f4becf2f276666e01340	2018-01-20	Cool Stuff	RS	Campo Bom	22.9	15.1	38.0	Delayed	41.3	3	About To Sleep
0a9578b7213cdc97d31f2e5b5a359bdf	2018-05-01	Consoles Games	PR	Paranagua	60.0	22.13	82.13	On-Time	9.0	1	Promising Recent
0a95a336d341691ae0e6359713af3cd3	2018-01-27	Toys	SP	Sao Paulo	289.9	15.78	305.68	On-Time	9.0	4	Potential Loyalists
0a9716da94d89975e6637874280aadad	2018-01-06	Furniture Decor	SP	Mogi Das Cruzes	69.9	13.08	82.98	On-Time	4.5	4	About To Sleep
0a9716da94d89975e6637874280aadad	2018-01-06	Furniture Decor	SP	Mogi Das Cruzes	69.9	13.08	82.98	On-Time	4.5	4	About To Sleep
0a979eab29ef830d6363887a00907fb3	2018-02-08	Computers Accessories	SP	Lencois Paulista	80.9	12.7	93.6	On-Time	8.2	5	Promising Recent
0a97f36e62839a22eb00bcc9a9160e70	2018-01-10	Electronics	PB	Pocinhos	18.9	42.38	61.28	On-Time	20.1	5	About To Sleep
0a9814deb494ce0733321ca35f215a22	2018-05-05	Health Beauty	RJ	Paraty	110.32	18.65	128.97	On-Time	11.2	4	Potential Loyalists
0a998b0552bd0e04c7b38f0f58737c54	2018-08-01	Watches Gifts	MG	Uberaba	112.0	13.44	125.44	On-Time	6.0	5	Potential Loyalists
0a9a43ac5fe59c6c4bee2a8f9b9fcce8	2018-07-02	Books General Interest	MG	Abadia Dos Dourados	39.9	18.38	58.28	On-Time	8.6	5	New Customers
0a9c38d73482b8d81ae7f7ccc5d8796c	2017-08-12	Bed Bath Table	MG	Uba	205.0	26.27	231.27	On-Time	23.4	5	Lost / Hibernating
0a9c633395c19d5fa38b9e5313db37a6	2018-03-01	Baby	SC	Florianopolis	999.0	26.48	1025.48	On-Time	19.2	4	Potential Loyalists
0a9ce4ac2d44f45f52feb4747f238d5d	2018-05-15	Toys	MT	Cuiaba	78.9	31.2	110.1	On-Time	10.1	4	Potential Loyalists
0a9d793da20eb89ec326c840c46d7a9b	2018-01-23	Telephony	SP	Sao Paulo	29.99	7.78	37.77	On-Time	7.7	4	Promising Recent
0a9de604052383d06ffc7a3390c727cc	2017-08-02	Garden Tools	RS	Sao Gabriel	59.9	17.67	77.57	On-Time	12.8	5	Lost / Hibernating
0a9f89404bdc46f9d6be1c8c0226ba85	2018-03-02	Furniture Decor	MG	Belo Horizonte	99.9	22.57	122.47	On-Time	13.9	4	Potential Loyalists
0a9fc736e210f495e2023d3a9e10319a	2017-11-27	Bed Bath Table	SP	Guaruja	89.9	12.33	102.23	On-Time	7.9	5	Customers Needing Attention
0a9fc736e210f495e2023d3a9e10319a	2017-11-27	Bed Bath Table	SP	Guaruja	89.9	12.33	102.23	On-Time	7.9	5	Customers Needing Attention
0aa1d9509ae8e0c76c03ad7ba91dc81a	2017-05-12	Health Beauty	RN	Mossoro	136.9	43.37	180.27	On-Time	13.3	5	Customers Needing Attention
0aa240e0cbbe794b5470e659a22b614b	2017-04-21	Sports Leisure	MG	Belo Horizonte	65.0	17.88	82.88	On-Time	11.8	5	Lost / Hibernating
0aa31b21d8142ae99420dec2c667e869	2018-03-14	Health Beauty	SP	Catanduva	120.0	18.92	138.92	On-Time	8.4	5	Potential Loyalists
0aa3718b7db60c5ebec88b485cb975db	2018-07-13	Computers Accessories	SP	Franca	28.5	12.86	41.36	On-Time	10.5	4	New Customers
0aa3e276c40ae025d8ef6651de2fdf32	2018-05-16	Pet Shop	SP	Itapecerica Da Serra	119.0	62.69	181.69	On-Time	8.8	4	Potential Loyalists
0aa6d207e7ba004eef415715c25765ce	2018-04-15	Baby	ES	Cachoeiro De Itapemirim	99.9	18.58	118.48	On-Time	5.3	5	Potential Loyalists
0aa86627eca7db30ae324772cc15ff7d	2017-09-11	Toys	SP	Americana	139.9	12.18	152.08	On-Time	3.9	5	Lost / Hibernating
0aa86627eca7db30ae324772cc15ff7d	2017-09-11	Toys	SP	Americana	139.9	12.18	152.08	On-Time	3.9	5	Lost / Hibernating
0aa9e8581362267ddb91df2f3a64f811	2018-03-26	Sports Leisure	SP	Praia Grande	89.5	13.75	103.25	On-Time	7.2	5	Promising Recent
0aaa175985080e11c7a94a84620d4016	2018-06-10	Stationery	SP	Ourinhos	25.0	12.79	37.79	On-Time	8.2	5	New Customers
0aaa4cd49d3624258b908c2abdf189cc	2017-12-02	Perfumery	CE	Juazeiro Do Norte	118.0	26.11	144.11	On-Time	24.2	4	About To Sleep
0aaab3c070a479ff8654a14d13ea750a	2017-06-14	Sports Leisure	BA	Barreiras	63.0	64.02	127.02	On-Time	27.4	5	Lost / Hibernating
0aaaf9abbd6e61df3d49c4d8e200bf2b	2018-05-15	Costruction Tools Garden	SP	Sao Paulo	47.99	18.43	66.42	On-Time	6.1	5	New Customers
0aac3f6d27bb6ca9544b436813cec8aa	2018-01-02	Luggage Accessories	SP	Sao Paulo	129.99	17.16	147.15	On-Time	7.8	5	About To Sleep
0aad58aeffa6b60c76d25a4bcda14815	2017-10-27	Toys	PR	Curitiba	99.99	16.95	116.94	On-Time	10.2	5	About To Sleep
0aaf52291c13507e7fe4f565f079ad9a	2017-01-24	Garden Tools	MG	Uberaba	48.0	15.56	63.56	On-Time	6.4	5	Lost / Hibernating
0aaf81645c52d55b9baff5411037d070	2018-07-27	Computers Accessories	SP	Campinas	59.89	17.35	77.24	On-Time	7.2	5	New Customers
0aaf8268ec2a56cb1befff78bd5cc190	2017-10-02	Housewares	SP	Sao Paulo	85.8	12.1	97.9	On-Time	4.3	4	About To Sleep
0ab0adc81c98426d2cde86ab2ba52bc3	2017-04-20	Bed Bath Table	MG	Belo Horizonte	49.9	14.52	64.42	On-Time	8.9	5	Lost / Hibernating
0ab0e6cc12734a3c6311f9a0db8b2555	2018-02-05	Electronics	BA	Salvador	15.0	15.79	30.79	On-Time	23.9	5	Promising Recent
0ab14c7f000642be91d882357d38b8cd	2018-05-08	Pet Shop	RS	Sao Leopoldo	105.0	15.61	120.61	On-Time	7.0	5	Potential Loyalists
0ab14c7f000642be91d882357d38b8cd	2018-05-08	Pet Shop	RS	Sao Leopoldo	105.0	15.61	120.61	On-Time	7.0	5	Potential Loyalists
0ab29b3ae0c49bff1cfb0b0137c20da5	2017-05-30	Computers Accessories	BA	Eunapolis	39.9	16.79	56.69	On-Time	8.7	5	Lost / Hibernating
0ab3d92f71090c758d1df7ff889a9335	2018-07-10	Baby	SP	Campinas	225.0	12.6	237.6	On-Time	2.0	5	Potential Loyalists
0ab421a822cfefda840345b69417962d	2017-11-29	Sports Leisure	RS	Feliz	24.0	15.1	39.1	Delayed	35.2	5	About To Sleep
0ab4790a52443a30df72f298b03077db	2017-08-02	Housewares	SC	Blumenau	167.99	17.76	185.75	On-Time	5.4	5	Lost / Hibernating
0ab4790a52443a30df72f298b03077db	2017-08-02	Garden Tools	SC	Blumenau	37.99	1.09	39.08	On-Time	5.4	5	Lost / Hibernating
0ab49faaefb509c82d19a0d26239a4e3	2018-02-25	Office Furniture	SP	Assis	146.99	41.02	188.01	On-Time	18.1	5	Loyal Customers
0ab5a761982917ce851399f277662d06	2017-12-02	Stationery	SP	Taubate	39.9	15.1	55.0	On-Time	16.0	5	About To Sleep
0ab5ed0d546ae59a2b1f18acd5b6ec9c	2017-11-11	Baby	MG	Uberlandia	319.9	19.49	339.39	On-Time	16.5	4	About To Sleep
0ab63e307694f40a88a0ecd358c0939d	2018-04-15	Sports Leisure	SP	Sao Bernardo Do Campo	148.0	15.13	163.13	On-Time	9.8	5	Potential Loyalists
0ab72bab67e4b9af0dfc369356d70202	2017-06-04	Perfumery	SP	Americana	79.99	7.81	87.8	On-Time	4.0	5	Lost / Hibernating
0ab73486735f114f9e844522fa9b16ec	2018-04-27	Watches Gifts	RJ	Rio De Janeiro	99.9	0.0	99.9	On-Time	11.5	5	Promising Recent
0ab778cad17847f8538aa63accb88b27	2017-11-26	Furniture Decor	RJ	Rio De Janeiro	59.8	17.67	77.47	On-Time	14.9	5	About To Sleep
0ab778cad17847f8538aa63accb88b27	2017-11-26	Furniture Decor	RJ	Rio De Janeiro	59.8	17.67	77.47	On-Time	14.9	5	About To Sleep
0ab778cad17847f8538aa63accb88b27	2017-11-26	Furniture Decor	RJ	Rio De Janeiro	59.8	17.67	77.47	On-Time	14.9	5	About To Sleep
0ab7fb08086d4af9141453c91878ed7a	2018-04-02	Bed Bath Table	SP	Sao Paulo	93.0	14.01	107.01	On-Time	11.3	4	Promising Recent
0ab82628350881eff00a09a3a0c73970	2018-02-23	Housewares	RJ	Rio De Janeiro	72.9	16.76	89.66	On-Time	14.4	5	Promising Recent
0ab83b3fdbca202530950e8f1896412a	2017-05-17	Computers Accessories	RS	Porto Alegre	31.9	17.63	49.53	On-Time	6.1	5	Lost / Hibernating
0ab8d66a698afcb3665ba9be03cedc6d	2017-12-04	Toys	SP	Sao Paulo	89.9	11.83	101.73	On-Time	8.9	3	About To Sleep
0ab90720b8aeea3179e8f0919884bd24	2017-12-20	Construction Tools Construction	PR	Diamante Do Norte	99.9	12.83	112.73	On-Time	19.3	5	About To Sleep
0ab93232e2390bb66ff047c39fd91077	2018-01-01	Watches Gifts	SC	Itajai	59.99	16.86	76.85	On-Time	8.9	5	About To Sleep
0aba00d509b25a0a90084c7137a8cec0	2018-06-02	Garden Tools	MG	Contagem	49.9	26.43	76.33	On-Time	12.0	4	New Customers
0aba4750be63d17b0b841afb6a84a629	2017-11-08	Watches Gifts	MG	Timoteo	199.0	13.52	212.52	On-Time	6.1	5	About To Sleep
0abac83f9a40f360405460623503df7d	2018-05-12	Bed Bath Table	SP	Sao Paulo	99.99	71.56	171.55	On-Time	9.0	5	Potential Loyalists
0abb65aa29ab57e5f52f657d22b47648	2017-07-02	Toys	SP	Sao Paulo	8.49	16.11	24.6	On-Time	10.2	4	Lost / Hibernating
0abc7357d2bbb06a7d4d0b2a24d4ebd3	2018-08-02	Auto	SP	Mogi-Guacu	274.49	14.22	288.71	On-Time	4.1	2	Potential Loyalists
0abc76160f3b4b423ec1bcece0ade723	2018-01-12	Stationery	SP	Catanduva	43.9	11.85	55.75	On-Time	11.0	5	About To Sleep
0abd009f16e89981bdb8ef51c8df289e	2018-06-18	Fashion Bags Accessories	DF	Brasilia	469.0	18.38	487.38	On-Time	4.8	5	Potential Loyalists
0abe0832bcbe8e17c2ee4b5b9fd05216	2018-07-16	Health Beauty	RS	Novo Hamburgo	79.99	16.75	96.74	On-Time	11.6	5	New Customers
0abf7f13c92f93e708a28f32316b13d3	2018-03-23	Garden Tools	RS	Acegua	99.9	21.65	121.55	On-Time	10.0	5	Potential Loyalists
0ac17fe2ba4ec29a3914030b7009119d	2017-02-22	Cool Stuff	SP	Caraguatatuba	869.0	41.07	910.07	On-Time		1	Lost / Hibernating
0ac1d3244719cbbfbc0574631fb0186e	2017-11-01	Books General Interest	SP	Sao Paulo	29.9	14.1	44.0	Delayed	37.2	1	About To Sleep
0ac247d71d19fc1748abb7e53af648af	2017-11-19	Pet Shop	SP	Sao Paulo	99.9	16.46	116.36	On-Time	9.8	5	About To Sleep
0ac320cb8bc861f5745b6406074d960a	2018-05-31	Toys	SP	Sao Paulo	229.99	19.19	249.18	On-Time	6.1	3	Potential Loyalists
0ac372f92fbec55ca27ef4fa99a6a13a	2018-01-11	Electronics	RJ	Rio De Janeiro	9.0	14.1	23.1	On-Time	13.1	5	About To Sleep
0ac37dcbb2a733a4d81866a91ff65965	2018-07-01	Consoles Games	ES	Marilandia	52.88	18.47	71.35	On-Time	8.9	5	New Customers
0ac484b631e29034fc50593451c208b2	2017-06-25	Toys	ES	Guarapari	199.99	16.16	216.15	On-Time	8.1	5	Lost / Hibernating
0ac4a31679b7cc92b7f6cb3684f55e2c	2017-08-19	Furniture Decor	MG	Belo Horizonte	51.92	16.12	68.04	On-Time	13.1	2	Lost / Hibernating
0ac51a16347f7a7497b799596ad5fab7	2017-05-08	Computers Accessories	PR	Curitiba	99.0	16.94	115.94	On-Time	10.0	4	Customers Needing Attention
0ac6093ec7bb2a5eb1da4961999ee9d6	2018-02-03	Health Beauty	RJ	Niteroi	34.99	25.38	60.37	On-Time	15.1	5	Promising Recent
0ac645ddb846d1373321decb39c9956f	2018-05-07	Small Appliances	SP	Sao Paulo	49.1	18.23	67.33	On-Time	4.0	4	Potential Loyalists
0ac645ddb846d1373321decb39c9956f	2018-05-07	Small Appliances	SP	Sao Paulo	49.1	18.23	67.33	On-Time	4.0	4	Potential Loyalists
0ac69790e2a6e4c075edbd78648a3594	2018-08-28	Auto	SP	Sao Paulo	7.5	7.39	14.89	On-Time	2.1	5	New Customers
0ac7165ffdfae2004f48cf07156a3644	2018-03-31	Watches Gifts	TO	Palmas	240.0	38.37	278.37	Delayed	27.4	2	Potential Loyalists
0ac83eb5438f811c9d825c0a059a0f28	2018-02-19	Health Beauty	RS	Caxias Do Sul	150.0	15.8	165.8	Delayed	28.9	4	Potential Loyalists
0ac907873c6fb32bfa8a58be269f0c3f	2017-07-09	Sports Leisure	SP	Bauru	124.9	16.63	141.53	On-Time	11.0	5	Lost / Hibernating
0acb20fb04c5f71d38da116f7b92ab63	2018-03-12	Baby	SP	Irapuru	169.9	21.61	191.51	On-Time	3.0	5	Potential Loyalists
0acb52bb1603d9a69f0965fb43c08a99	2017-12-06	Computers Accessories	SP	Sao Paulo	15.99	8.72	24.71	On-Time	1.5	5	About To Sleep
0acba0d89b659e968c61996fce491be6	2018-04-30	Food	RJ	Rio De Janeiro	56.97	13.56	70.53	On-Time	8.5	4	Promising Recent
0acc21fa1eb63678e12042b84f8f9d49	2018-08-23	Bed Bath Table	GO	Goiania	41.99	18.39	60.38	On-Time	6.3	5	New Customers
0acce7378714d20548f0f5f1b71f6458	2017-12-30	Cool Stuff	DF	Brasilia	125.0	17.12	142.12	On-Time	11.0	4	About To Sleep
0acd987fec172c76297f6aadad48c67a	2018-07-28	Sports Leisure	SP	Americana	19.99	7.4	27.39	On-Time	4.0	5	New Customers
0acdae809654a2de1235d18a12cf73f3	2018-06-14	Construction Tools Construction	MG	Belo Horizonte	42.97	23.1	66.07	On-Time	5.4	5	New Customers
0ace216597fa0efc8a42140d99fda065	2017-09-11	Garden Tools	RS	Canoas	59.9	17.67	77.57	On-Time	14.1	5	Lost / Hibernating
0ace5fbf6db2942061542a808558b9f7	2017-06-29	Bed Bath Table	DF	Taguatinga	99.9	17.95	117.85	On-Time	13.3	5	At Risk
0acfe927eda045512670dbbf763b330a	2018-04-21	Housewares	SP	Presidente Prudente	100.0	14.79	114.79	On-Time	5.9	5	Potential Loyalists
0acff4874d0f6558ab78a80bb4c8a3ff	2017-03-11	Computers Accessories	SP	Santana De Parnaiba	19.9	10.96	30.86	On-Time	12.6	4	Lost / Hibernating
0ad0006728103ff08cda112f7940bcd1	2017-12-14	Watches Gifts	MG	Ribeirao Das Neves	319.9	15.99	335.89	On-Time	13.9	5	About To Sleep
0ad01dd05d74bc7891d57312627ec33b	2017-11-14	Toys	MG	Mendes Pimentel	129.8	28.29	158.09	On-Time	6.4	5	About To Sleep
0ad02b6f33a90fe5d09e0b416287857f	2018-05-09	Watches Gifts	PE	Recife	118.0	21.01	139.01	On-Time	13.8	4	Potential Loyalists
0ad0daff42cf44b50d0bac4c64722e4f	2017-04-30	Health Beauty	MG	Botelhos	99.9	16.56	116.46	On-Time	11.8	1	Lost / Hibernating
0ad0daff42cf44b50d0bac4c64722e4f	2017-04-30	Health Beauty	MG	Botelhos	286.35	16.56	302.91	On-Time	11.8	1	Lost / Hibernating
0ad366bdd2946abe259eb3095c953dc5	2018-01-27	Health Beauty	SC	Florianopolis	78.0	15.3	93.3	On-Time	14.2	4	Promising Recent
0ad3d55b3745d0afb5dd2d9f86c25dbb	2017-12-28	Health Beauty	SP	Sao Paulo	29.9	8.11	38.01	On-Time	1.7	5	About To Sleep
0ad3fdda3076a1be91b13c89f2049266	2017-08-04	Health Beauty	PE	Recife	74.9	28.91	103.81	On-Time		1	Lost / Hibernating
0ad3fdda3076a1be91b13c89f2049266	2017-08-04	Health Beauty	PE	Recife	74.9	28.91	103.81	On-Time		1	Lost / Hibernating
0ad81e043e6a8e37686407afb25710a1	2018-02-23	Bed Bath Table	PE	Recife	199.0	26.67	225.67	On-Time	27.1	5	Potential Loyalists
0ad81eec70d65880c30299b73ac7945d	2018-06-12	Construction Tools Lights	SP	Itaquaquecetuba	46.0	7.58	53.58	On-Time	3.4	4	Potential Loyalists
0ad81eec70d65880c30299b73ac7945d	2018-06-12	Construction Tools Lights	SP	Itaquaquecetuba	46.0	7.58	53.58	On-Time	3.4	4	Potential Loyalists
0ad81eec70d65880c30299b73ac7945d	2018-06-12	Construction Tools Lights	SP	Itaquaquecetuba	46.0	7.58	53.58	On-Time	3.4	4	Potential Loyalists
0ad82b0c5d9f039a29814e465165a0da	2017-11-17	Toys	MG	Juiz De Fora	299.99	18.41	318.4	On-Time	10.1	4	About To Sleep
0ad87ef89708a3c8f63a0016074b24f4	2017-02-24	Perfumery	RS	Gravatai	99.9	18.13	118.03	On-Time	18.2	5	Lost / Hibernating
0ad9d4e4f4c9746b59ddb9c18d30d241	2018-08-02	Home Appliances	MA	Joao Lisboa	100.0	51.42	151.42	On-Time	12.2	4	Potential Loyalists
0adaff16f16a26f5570209f0473fd609	2017-05-05	Housewares	DF	Brasilia	33.0	8.72	41.72	On-Time	6.9	5	Lost / Hibernating
0adb50a218c2b7e86f14120be935b949	2017-11-20	Office Furniture	SC	Florianopolis	280.0	98.02	378.02	On-Time	10.9	5	About To Sleep
0adc694b12e2711cde18a5d31576bef2	2018-01-17	Electronics	MG	Belo Horizonte	24.89	14.1	38.99	Delayed	29.3	1	About To Sleep
0add19297766bc00a177a9ae740554eb	2018-04-01	Health Beauty	SP	Franca	299.9	15.06	314.96	On-Time	10.6	2	Potential Loyalists
0adea70aa873a352ff8c3646aec71c31	2017-05-20	Housewares	MS	Juti	169.9	21.68	191.58	On-Time	12.1	5	Lost / Hibernating
0adf4c5c9a1399ceefdb7ba880df1ca7	2017-02-22	Books General Interest	CE	Brejo Santo	115.0	30.01	145.01	On-Time	34.1	5	Lost / Hibernating
0adf68e8a310f18fc7e75cffa60901b2	2018-07-06	Telephony	SP	Sao Paulo	27.99	7.46	35.45	On-Time	6.4	4	New Customers
0ae08ad3fa90d3854fb8e22472d9b1a0	2017-08-07	Health Beauty	SP	Sao Paulo	62.9	13.46	76.36	On-Time	9.0	3	Lost / Hibernating
0ae17ad341b336248ad884272d8c1c93	2017-09-01	Musical Instruments	BA	Milagres	359.0	37.03	396.03	On-Time	18.5	4	Lost / Hibernating
0ae310aba8893f64631cffc380d5db8b	2018-08-10	Home Construction	SP	Monte Mor	59.95	9.17	69.12	On-Time	17.0	2	New Customers
0ae3b855f8b744f0999f8dd01e3598f0	2017-08-01	Cool Stuff	RS	Porto Alegre	119.9	21.64	141.54	On-Time	9.1	4	Lost / Hibernating
0ae3c4bb3c5a368054435dc7325c5696	2017-09-26	Health Beauty	SP	Sao Paulo	120.0	19.72	139.72	On-Time	10.0	3	About To Sleep
0ae42629f60238674d1b98c5651c8d68	2018-03-04	Sports Leisure	MG	Conselheiro Lafaiete	58.0	27.79	85.79	On-Time	17.8	4	Promising Recent
0ae4456639dd07164db5f2433c8f55e4	2018-06-06	Stationery	SP	Sao Paulo	23.9	7.39	31.29	On-Time	2.2	1	Potential Loyalists
0ae4456639dd07164db5f2433c8f55e4	2018-06-06	Stationery	SP	Sao Paulo	23.9	7.39	31.29	On-Time	2.2	1	Potential Loyalists
0ae4456639dd07164db5f2433c8f55e4	2018-06-06	Stationery	SP	Sao Paulo	23.9	7.39	31.29	On-Time	2.2	1	Potential Loyalists
0ae4456639dd07164db5f2433c8f55e4	2018-06-06	Stationery	SP	Sao Paulo	23.9	7.39	31.29	On-Time	2.2	1	Potential Loyalists
0ae449254770bfec75a99b8d804e5b10	2017-09-11	Computers Accessories	MG	Sao Jose Da Barra	149.99	23.85	173.84	On-Time	9.2	5	Lost / Hibernating
0ae45a816351887a536ef37fd5fd9853	2018-05-01	Telephony	BA	Abaira	12.99	22.06	35.05	On-Time	14.0	5	Promising Recent
0ae4c9a0bb0c65a89aaf840c9b08ba43	2018-02-16	Health Beauty	MG	Juiz De Fora	199.0	16.14	215.14	On-Time	17.0	5	Potential Loyalists
0ae6247166276150abcb71aaa91b0498	2017-05-24	Garden Tools	CE	Pindoretama	37.55	25.63	63.18	On-Time	14.9	2	Lost / Hibernating
0ae7144116fa718b3bb90cd8d855713a	2017-04-18	Pet Shop	MA	Satubinha	39.9	26.61	66.51	On-Time	21.7	5	Lost / Hibernating
0ae7144116fa718b3bb90cd8d855713a	2017-04-18	Pet Shop	MA	Satubinha	39.9	26.61	66.51	On-Time	21.7	5	Lost / Hibernating
0ae9d5632892fb8b10c6705633f72d2c	2018-04-08	Bed Bath Table	BA	Jequie	79.9	58.0	137.9	On-Time	15.9	5	Potential Loyalists
0aea558128f1a96bd223babc4dc79bd3	2018-01-31	Watches Gifts	RJ	Campos Dos Goytacazes	29.9	20.84	50.74	On-Time	7.0	5	Promising Recent
0aea5ed8df108f7cb387c099ddec65c2	2018-02-04	Cool Stuff	SP	Franca	34.9	16.79	51.69	On-Time	12.0	5	Promising Recent
0aead977f249a62158c114e4460c37cc	2017-12-08	Health Beauty	SP	Santos	91.49	12.6	104.09	On-Time	4.1	5	About To Sleep
0aeae2c3fa49561fa9d2147d8f99d7c2	2017-06-29	Telephony	RS	Arroio Do Meio	14.9	15.1	30.0	On-Time	19.3	4	Lost / Hibernating
0aeae2c3fa49561fa9d2147d8f99d7c2	2017-06-29	Telephony	RS	Arroio Do Meio	14.9	15.1	30.0	On-Time	19.3	4	Lost / Hibernating
0aeae688def7b96d0f56187115a7a8cf	2018-06-18	Health Beauty	SP	Sao Paulo	58.99	7.67	66.66	On-Time	3.3	5	New Customers
0aeb0613e8d42e1a7f122908bee18eca	2017-09-13	Perfumery	AL	Maceio	56.99	21.2	78.19	Delayed	43.1	1	Lost / Hibernating
0aeb20ab92028bf31d5d8b2314b03092	2018-02-07	Baby	MG	Belo Horizonte	149.99	9.61	159.6	On-Time	7.3	5	Potential Loyalists
0aeb3ec8a78414261730773ddc9d2f7a	2018-04-13	Garden Tools	SP	Capao Bonito	53.9	13.46	67.36	On-Time	11.5	5	Promising Recent
0aec87a19cce94ceda3bce4b605d9423	2018-03-14	Auto	SP	Sao Paulo	179.49	9.02	188.51	On-Time	6.9	5	Potential Loyalists
0aec9f1ca543dc390eb38620dc9c6429	2017-11-26	Small Appliances	CE	Fortaleza	57.39	18.94	76.33	On-Time	11.3	5	About To Sleep
0aecc6c0c2b3598d9cd3119e0a58dc1b	2018-05-07	Sports Leisure	RJ	Marica	149.9	46.34	196.24	On-Time	8.0	5	Potential Loyalists
0aed18a03ea2ccdb5981aea3524b304d	2017-09-08	Garden Tools	CE	Fortaleza	109.0	52.72	161.72	On-Time	14.5	1	Lost / Hibernating
0aed18a03ea2ccdb5981aea3524b304d	2017-09-08	Garden Tools	CE	Fortaleza	99.0	52.71	151.71	On-Time	14.5	1	Lost / Hibernating
0aee3a9d7c585888c61c307c40df0c0b	2018-06-11	Watches Gifts	MA	Viana	35.0	50.85	85.85	On-Time	11.4	3	New Customers
0af034558afede965f6b00c62d5176ed	2017-12-26	Fashion Bags Accessories	SP	Pompeia	89.0	15.37	104.37	On-Time	29.3	5	About To Sleep
0af058fb1b7b4ee95c3c2e1ccb9ef743	2018-04-16	Health Beauty	RJ	Nilopolis	9.6	15.23	24.83	On-Time	9.1	5	Promising Recent
0af0621c001cb61ae1559c8f6417e1c6	2017-09-17	Watches Gifts	RJ	Rio De Janeiro	749.99	19.0	768.99	On-Time	9.3	5	About To Sleep
0af07373c6e0f41a0660087bf63d7c64	2018-08-02	Electronics	TO	Couto De Magalhaes	25.89	18.28	44.17	Delayed	14.3	4	New Customers
0af1482ae8afdfdcd36bcdd5848545cd	2018-05-08	Home Appliances	SP	Sao Paulo	11.8	7.87	19.67	On-Time	6.5	5	New Customers
0af1da637acdb5fdd0d77bd209530157	2017-06-28	Sports Leisure	TO	Ananas	96.8	25.96	122.76	On-Time	13.9	5	Lost / Hibernating
0af28d87520565eb3b57c9b2abe1a2cc	2017-10-05	Computers	PR	Curitiba	2999.99	126.51	3126.5	On-Time	12.1	5	About To Sleep
0af2dfad3d581894c3b6e266461802c3	2018-04-18	Art	SP	Osasco	79.99	11.89	91.88	On-Time	4.9	5	Promising Recent
0af3a5d2e6e65075837ef5ceb5c167ab	2018-04-02	Sports Leisure	PR	Curitiba	49.0	16.32	65.32	On-Time	9.4	5	Promising Recent
0af403b34dc11cd542ac6d94ad39aede	2017-08-16	Bed Bath Table	SP	Promissao	200.0	18.11	218.11	On-Time	8.5	5	Lost / Hibernating
0af4a846cbf75b456c934b786d683618	2017-08-29	Computers	MA	Nova Olinda Do Maranhao	1200.0	40.85	1240.85	On-Time	13.0	5	Lost / Hibernating
0af646de6e8d7191b1020ec0a5defcee	2017-04-25	Cool Stuff	SP	Sao Paulo	99.99	9.69	109.68	On-Time	7.1	4	Lost / Hibernating
0af82e15ff98cb5fd79d28b3c4a70a4b	2017-08-29	Unknown	SP	Sao Bernardo Do Campo	49.8	14.1	63.9	On-Time	7.0	4	Lost / Hibernating
0af905b4a536b95528b4eb5dd2c192da	2018-03-09	Cool Stuff	SC	Palhoca	199.0	23.9	222.9	On-Time	11.1	5	Potential Loyalists
0af93579d0c0b252568071928b2ad465	2017-11-24	Computers Accessories	SP	Sales Oliveira	45.65	11.85	57.5	On-Time	12.4	4	About To Sleep
0af96849112c968e7764ac7f17e4f9f7	2017-02-23	Health Beauty	SP	Assis	39.99	10.96	50.95	Delayed	40.7	5	At Risk
0afa4eb653f04cb1809253eb3b1f9768	2018-02-07	Sports Leisure	PB	Joao Pessoa	139.9	27.83	167.73	On-Time	15.1	3	Potential Loyalists
0afa4eb653f04cb1809253eb3b1f9768	2018-02-07	Sports Leisure	PB	Joao Pessoa	139.9	27.83	167.73	On-Time	15.1	3	Potential Loyalists
0afbc110b84719faaef4887a5cff5a2c	2017-01-31	Bed Bath Table	SP	Campinas	69.9	11.88	81.78	On-Time	14.6	5	Lost / Hibernating
0afc9d224a6bcb1862f0d678183a5140	2018-02-14	Housewares	MG	Governador Valadares	262.5	115.49	377.99	On-Time	14.5	5	Potential Loyalists
0afcd5d6405dd1fbe9554f4ffa99d2b8	2017-07-19	Sports Leisure	RJ	Niteroi	181.0	21.76	202.76	Delayed	51.2	1	Lost / Hibernating
0afd81117f1c67a42890fb705304cb8d	2018-07-10	Garden Tools	SP	Sao Jose Do Rio Preto	75.0	36.61	111.61	On-Time	3.1	2	Potential Loyalists
0afd81117f1c67a42890fb705304cb8d	2018-07-10	Garden Tools	SP	Sao Jose Do Rio Preto	75.0	36.61	111.61	On-Time	3.1	2	Potential Loyalists
0affd51e37e6621004e4fe4fd7c64f4b	2018-08-12	Telephony	ES	Linhares	1325.9	27.38	1353.28	On-Time	17.1	3	Potential Loyalists
0b01066982af6f2681ea9b0169f0d987	2018-03-19	Unknown	MG	Belo Horizonte	20.3	18.23	38.53	Delayed	25.0	1	Potential Loyalists
0b01066982af6f2681ea9b0169f0d987	2018-03-19	Fashion Bags Accessories	MG	Belo Horizonte	27.3	18.23	45.53	Delayed	25.0	1	Potential Loyalists
0b01066982af6f2681ea9b0169f0d987	2018-03-19	Fashion Bags Accessories	MG	Belo Horizonte	27.3	18.23	45.53	Delayed	25.0	1	Potential Loyalists
0b020adf769218b4661b301ce96c0ca3	2017-10-13	Baby	SP	Sao Paulo	20.0	9.34	29.34	On-Time	5.8	4	About To Sleep
0b0334d5ad01e008caafb19973bf1acb	2018-04-25	Fashion Bags Accessories	RJ	Rio De Janeiro	59.99	19.39	79.38	On-Time	12.4	5	Champions
0b0334d5ad01e008caafb19973bf1acb	2018-04-25	Fashion Bags Accessories	RJ	Rio De Janeiro	59.99	19.39	79.38	On-Time	12.4	5	Champions
0b0334d5ad01e008caafb19973bf1acb	2018-04-25	Fashion Bags Accessories	RJ	Rio De Janeiro	59.99	19.39	79.38	On-Time	12.4	5	Champions
0b03fa2615b44079dad6c958f0ef2a02	2017-11-28	Cool Stuff	SP	Sao Bernardo Do Campo	139.99	12.18	152.17	On-Time	3.7	5	About To Sleep
0b0448ca144af06370f09b67224e0eec	2017-11-21	Furniture Decor	SC	Itaiopolis	38.4	16.11	54.51	Delayed	30.1	5	About To Sleep
0b05441635d9a251f9865b985bf985de	2017-12-12	Cool Stuff	DF	Brasilia	243.89	16.47	260.36	On-Time	10.0	5	About To Sleep
0b055b1ac16d0401f76e361ff96926eb	2018-05-03	Musical Instruments	MT	Cuiaba	1890.0	234.78	2124.78	On-Time	14.0	5	Potential Loyalists
0b06c30e567314a9dd1c74fab08ad81f	2018-06-14	Health Beauty	RS	Farroupilha	49.99	18.45	68.44	On-Time	6.9	5	New Customers
0b07e7d1e914b970ab1ee7402cddd4ce	2018-06-15	Telephony	RJ	Rio De Janeiro	12.47	15.23	27.7	On-Time	14.5	5	New Customers
0b0809b2b64511c62fb745fb8b465cc9	2018-07-01	Garden Tools	SP	Porto Ferreira	33.9	12.9	46.8	On-Time	5.0	5	Potential Loyalists
0b0809b2b64511c62fb745fb8b465cc9	2018-07-01	Garden Tools	SP	Porto Ferreira	33.9	12.9	46.8	On-Time	5.0	5	Potential Loyalists
0b0809b2b64511c62fb745fb8b465cc9	2018-07-01	Garden Tools	SP	Porto Ferreira	33.9	12.9	46.8	On-Time	5.0	5	Potential Loyalists
0b0809b2b64511c62fb745fb8b465cc9	2018-07-01	Garden Tools	SP	Porto Ferreira	33.9	12.9	46.8	On-Time	5.0	5	Potential Loyalists
0b0809b2b64511c62fb745fb8b465cc9	2018-07-01	Garden Tools	SP	Porto Ferreira	33.9	12.9	46.8	On-Time	5.0	5	Potential Loyalists
0b0809b2b64511c62fb745fb8b465cc9	2018-07-01	Garden Tools	SP	Porto Ferreira	33.9	12.9	46.8	On-Time	5.0	5	Potential Loyalists
0b09c5e4c2512f627190ac55a78c35a3	2018-04-30	Food	SC	Blumenau	27.9	18.23	46.13	On-Time	13.7	3	Promising Recent
0b0adccd993fe865dc205586fc9fd045	2018-07-23	Watches Gifts	RJ	Rio De Janeiro	78.0	15.65	93.65	On-Time	7.8	4	New Customers
0b0b271dbd163df371ef9fa4ff573490	2017-08-01	Toys	BA	Ipiau	89.0	19.86	108.86	On-Time	13.4	5	Lost / Hibernating
0b0b4cbb5b4eb45bad5bb031b56ea1e1	2017-11-02	Bed Bath Table	BA	Cruz Das Almas	79.9	41.21	121.11	On-Time	15.1	4	About To Sleep
0b0b4cbb5b4eb45bad5bb031b56ea1e1	2017-11-02	Bed Bath Table	BA	Cruz Das Almas	79.9	41.21	121.11	On-Time	15.1	4	About To Sleep
0b0bd9b754737f8954ee14d15c7acb85	2017-11-29	Bed Bath Table	SP	Itapeva	89.9	13.65	103.55	Delayed	27.2	5	About To Sleep
0b0bf8f9977e22517521efeefa4b7a27	2017-05-09	Bed Bath Table	MG	Ipatinga	146.0	21.51	167.51	On-Time	14.6	3	Lost / Hibernating
0b0d8e5883c78ff45f2f1b7c511151db	2017-11-11	Baby	ES	Aracruz	39.9	26.89	66.79	On-Time	18.9	4	About To Sleep
0b0e92124b8a170cb0d9bb34154aa70a	2017-12-07	Telephony	PR	Cianorte	29.99	15.1	45.09	On-Time	6.9	5	About To Sleep
0b0f3c7a9bcb6ad1fccab28f9240da6f	2018-07-11	Computers Accessories	SP	Sao Paulo	64.99	31.48	96.47	On-Time	2.1	4	New Customers
0b1225af9b8d9ead4bac8d07f4da8130	2018-06-24	Housewares	DF	Brasilia	44.4	15.41	59.81	On-Time	4.5	5	New Customers
0b125520b605185e07783ab4fe8a398b	2018-03-16	Bed Bath Table	PR	Ribeirao Do Pinhal	59.9	19.39	79.29	On-Time	11.2	5	Promising Recent
0b127810f86631fa896fd74a421045f8	2017-08-28	Garden Tools	RJ	Niteroi	59.9	17.67	77.57	On-Time	8.1	5	Champions
0b127810f86631fa896fd74a421045f8	2017-08-28	Garden Tools	RJ	Niteroi	59.9	17.67	77.57	On-Time	8.1	5	Champions
0b127810f86631fa896fd74a421045f8	2017-08-28	Garden Tools	RJ	Niteroi	59.9	17.67	77.57	On-Time	8.1	5	Champions
0b127810f86631fa896fd74a421045f8	2017-08-28	Garden Tools	RJ	Niteroi	59.9	17.67	77.57	On-Time	8.1	5	Champions
0b1290e557f053467333ff365790c5a4	2017-08-10	Garden Tools	SP	Osvaldo Cruz	45.99	13.37	59.36	On-Time	12.0	5	Lost / Hibernating
0b137ac032763829e728afcfee3ac3f2	2018-07-01	Housewares	SP	Sao Paulo	169.9	19.36	189.26	On-Time	4.8	4	Potential Loyalists
0b13a698a0b7a62e8ec891081558b7aa	2017-12-22	Musical Instruments	RO	Mutum Parana	39.9	22.67	62.57	On-Time	25.9	5	About To Sleep
0b16257b1b7ee0922ea03954f2cae85a	2018-08-07	Toys	RJ	Rio De Janeiro	113.1	8.21	121.31	On-Time		3	New Customers
0b1651a280049a50402bc56d50785c3c	2017-09-28	Books General Interest	RS	Alvorada	43.3	15.11	58.41	On-Time	18.1	5	About To Sleep
0b1652557b7b9bf7c885236e4798dd91	2017-04-07	Furniture Decor	SP	Jundiai	59.9	17.16	77.06	On-Time	11.8	4	Lost / Hibernating
0b1652557b7b9bf7c885236e4798dd91	2017-04-07	Furniture Decor	SP	Jundiai	59.9	17.16	77.06	On-Time	11.8	4	Lost / Hibernating
0b16fcb0e3133c83e8c82ed7bd6ccb1b	2017-04-11	Fashion Bags Accessories	SP	Sao Paulo	49.9	8.72	58.62	On-Time	5.7	5	Lost / Hibernating
0b17b204a1785111272edfadb2aa9e94	2018-08-01	Stationery	SP	Mongagua	95.34	14.98	110.32	On-Time	6.6	5	Potential Loyalists
0b192907ec8563bda5210247497aa9af	2017-10-24	Watches Gifts	SP	Lorena	55.0	11.89	66.89	On-Time	10.9	5	Loyal Customers
0b19db7ca9db8caff754ff63f59f67df	2017-03-23	Pet Shop	RS	Bage	109.9	15.98	125.88	On-Time	14.8	5	Lost / Hibernating
0b1b823864373547749dd203c2c4adef	2018-06-25	Health Beauty	SP	Campinas	35.9	18.05	53.95	On-Time	2.7	5	New Customers
0b1bb6f28394acad8dac5b3f4e2a28c0	2018-01-22	Computers Accessories	MG	Sete Lagoas	159.0	28.49	187.49	On-Time	6.8	4	Potential Loyalists
0b1bd7cdeb2d703ebe602a2989a86f9a	2017-08-21	Telephony	RO	Seringueiras	16.99	34.15	51.14	On-Time	25.0	4	Lost / Hibernating
0b1c59b14d8f5965dea7bc2db28a34ee	2018-07-16	Perfumery	MG	Montes Claros	29.9	18.31	48.21	On-Time	9.6	5	New Customers
0b1e1533654221aac3796e0a8ca9161e	2018-01-18	Stationery	SP	Avare	59.0	13.43	72.43	On-Time	15.4	4	About To Sleep
0b1e1706859ca49fb88d353540f6eaa2	2017-11-20	Housewares	SP	Indaiatuba	58.9	14.13	73.03	On-Time	4.0	5	About To Sleep
0b1e280f28b576497838ec7684444971	2017-10-11	Perfumery	SP	Sertaozinho	105.43	9.48	114.91	On-Time	6.5	5	About To Sleep
0b1e73fa546894ad7310916b480de067	2017-01-11	Garden Tools	MG	Araujos	380.0	39.06	419.06	On-Time	5.1	5	At Risk
0b1e77ab8db5ec5c6af5514bcdf20240	2018-02-12	Sports Leisure	SP	Piracicaba	110.8	11.98	122.78	On-Time	11.0	3	Potential Loyalists
0b1e7d45ede8adf7964c242ce45846f6	2017-11-08	Bed Bath Table	GO	Goianira	59.5	19.66	79.16	On-Time	15.7	5	About To Sleep
0b1ebd05e50ebf9d1fc97b8b1ed874b7	2018-03-08	Fashion Bags Accessories	SP	Sao Paulo	49.0	19.95	68.95	On-Time	7.6	1	Promising Recent
0b20c9791c7a502fc70f7f542e9a1405	2018-07-20	Computers Accessories	PA	Belem	22.32	22.88	45.2	On-Time	12.9	5	New Customers
0b223d92c27432930dfe407c6aea3041	2018-08-29	Kitchen Dining Laundry Garden Furniture	PR	Curitiba	209.0	46.48	255.48	On-Time	1.1	5	Potential Loyalists
0b223d92c27432930dfe407c6aea3041	2018-08-29	Kitchen Dining Laundry Garden Furniture	PR	Curitiba	209.0	46.48	255.48	On-Time	1.1	5	Potential Loyalists
0b23ff20645a72c0c1183b6b8ba15719	2018-02-01	Computers Accessories	MG	Juiz De Fora	70.9	16.94	87.84	On-Time	20.2	5	Promising Recent
0b24d5a62da084e9c66959aff6328dbc	2017-12-03	Computers Accessories	ES	Conceicao Do Castelo	64.9	15.2	80.1	On-Time	11.2	4	About To Sleep
0b252b879dbab76b4730df79aeb1778f	2018-02-11	Electronics	MA	Sao Luis	12.25	21.15	33.4	Delayed	33.8	1	Promising Recent
0b26649ec6ddf0ad51f419691e14a0db	2018-06-06	Unknown	SP	Sao Paulo	25.04	8.88	33.92	On-Time	5.2	4	New Customers
0b273b3e899144ab36619eda910cc72a	2017-11-24	Telephony	SP	Dois Corregos	19.9	11.85	31.75	On-Time	18.0	4	About To Sleep
0b277c8a59b6fac83b512d46a575c8cc	2017-06-07	Bed Bath Table	PR	Rio Negro	59.9	15.17	75.07	On-Time	12.0	5	Lost / Hibernating
0b27d99f32650074301e63c1e00a2720	2018-04-27	Watches Gifts	PI	Teresina	249.0	24.24	273.24	On-Time	12.6	5	Potential Loyalists
0b27e5029dd7bd0891b5da96fa33a93b	2018-08-18	Health Beauty	PB	Bananeiras	55.65	52.74	108.39	On-Time	12.0	1	Potential Loyalists
0b2861128d87d7a2b9c85eb25a514d0b	2018-06-27	Health Beauty	RJ	Rio De Janeiro	402.35	20.92	423.27	On-Time	6.2	5	Potential Loyalists
0b29027a3a98807aea23a764ab594bbd	2017-06-08	Toys	TO	Lagoa Da Confusao	149.0	29.44	178.44	On-Time	21.7	5	Lost / Hibernating
0b2942062fff77e603cf4837c421e9a5	2017-02-07	Furniture Decor	MG	Belo Horizonte	109.99	89.1	199.09	On-Time	7.2	5	Lost / Hibernating
0b29af0ace8656af84d2a20b635e697b	2017-08-05	Sports Leisure	GO	Anapolis	99.9	36.02	135.92	On-Time	17.0	5	At Risk
0b2a26edc4451c98cc27d3bcb28d8766	2017-06-06	Sports Leisure	SP	Sao Paulo	27.55	8.27	35.82	On-Time	6.6	3	Lost / Hibernating
0b2a43ec15f983f589ecd097455b283d	2017-04-02	Computers Accessories	SP	Botucatu	224.99	15.74	240.73	On-Time	10.8	3	Lost / Hibernating
0b2a86ad4de68092f2026ba5cdccc64e	2018-07-16	Bed Bath Table	RJ	Volta Redonda	144.5	39.52	184.02	On-Time	10.1	5	Potential Loyalists
0b2d6210fb2a3be6f54add89639740ab	2018-04-23	Garden Tools	SP	Sao Paulo	53.9	0.0	53.9	On-Time	3.3	5	Promising Recent
0b2e6b4673da2264a5318ef4abe1fd44	2018-07-03	Health Beauty	MA	Sao Luis	66.99	9.16	76.15	On-Time	3.1	5	New Customers
0b2ee90d3a8923635f74af64e78d2335	2018-06-20	Auto	MG	Sao Francisco De Paula	28.99	18.3	47.29	On-Time	5.9	5	New Customers
0b2f7d7319f367295bd93624be36ed1b	2017-12-26	Construction Tools Construction	MT	Rondonopolis	69.9	18.06	87.96	On-Time	10.6	4	About To Sleep
0b30e59b6e985ef789c83d08753d59aa	2017-10-01	Bed Bath Table	MG	Vicosa	99.9	14.43	114.33	On-Time	8.8	1	About To Sleep
0b32bf55276b5feb681f6ed6fd670692	2017-06-03	Perfumery	SP	Quintana	179.0	12.75	191.75	Delayed	145.1	4	Lost / Hibernating
0b3348cfaae0bca40b23a36b64c7b941	2018-07-18	Bed Bath Table	SC	Ponte Alta Do Norte	39.99	19.47	59.46	On-Time	8.5	5	New Customers
0b33796d2382e9a9fde619a584ba7216	2018-08-26	Home Construction	SP	Ribeirao Preto	20.9	12.81	33.71	On-Time	3.4	5	New Customers
0b339dee90210409b715a9f2b6af29a7	2017-11-29	Small Appliances	SP	Sao Paulo	1098.0	68.43	1166.43	On-Time	12.3	4	About To Sleep
0b3407e419ef6be66392971885acce73	2017-01-30	Furniture Decor	MG	Araxa	139.9	4.5	144.4	On-Time	11.2	2	Lost / Hibernating
0b3407e419ef6be66392971885acce73	2017-01-30	Furniture Decor	MG	Araxa	139.9	4.5	144.4	On-Time	11.2	2	Lost / Hibernating
0b3407e419ef6be66392971885acce73	2017-01-30	Furniture Decor	MG	Araxa	139.9	4.5	144.4	On-Time	11.2	2	Lost / Hibernating
0b3407e419ef6be66392971885acce73	2017-01-30	Furniture Decor	MG	Araxa	139.9	4.5	144.4	On-Time	11.2	2	Lost / Hibernating
0b3457e0c4ca3f53aed80917d932b787	2018-04-04	Watches Gifts	SP	Guaratingueta	399.0	15.78	414.78	On-Time	10.4	3	Potential Loyalists
0b3457e0c4ca3f53aed80917d932b787	2018-04-04	Watches Gifts	SP	Guaratingueta	399.0	15.78	414.78	On-Time	10.4	3	Potential Loyalists
0b34845fe9cff17643b298ed508ebb7f	2018-01-24	Watches Gifts	SP	Sao Paulo	399.0	16.54	415.54	On-Time	8.3	4	Potential Loyalists
0b34b5b5c46c8870d8a0a667d2f6bb4e	2017-11-25	Bed Bath Table	SP	Cravinhos	84.44	19.45	103.89	On-Time	16.3	5	About To Sleep
0b34b5b5c46c8870d8a0a667d2f6bb4e	2017-11-25	Bed Bath Table	SP	Cravinhos	79.99	19.44	99.43	On-Time	16.3	5	About To Sleep
0b3506e1bbe1a7086dc5f9f41c594b8e	2018-08-20	Bed Bath Table	CE	Fortaleza	114.9	47.46	162.36	On-Time	8.3	4	Potential Loyalists
0b35523db4e1c1ee70badc36fc9a4dba	2018-03-22	Telephony	RJ	Guapimirim	139.0	17.68	156.68	On-Time	7.4	5	Potential Loyalists
0b3580bfab9b4aa7c6b53769a4ee5189	2017-06-24	Bed Bath Table	PR	Curitiba	205.0	22.27	227.27	On-Time	10.3	5	Lost / Hibernating
0b365bbd59e2f75bea276c81bb916dcb	2018-04-16	Sports Leisure	SP	Sao Paulo	14.9	7.39	22.29	On-Time	2.2	5	Promising Recent
0b36b5725c37564b933ec5845f63b635	2017-10-10	Sports Leisure	SP	Barretos	119.9	25.68	145.58	On-Time	7.4	5	About To Sleep
0b372cdcdd4134fc5f7695426339ce84	2018-06-26	Art	AP	Macapa	99.99	57.47	157.46	On-Time	16.5	5	Potential Loyalists
0b375c9434c495b5759da891d8b26bf4	2017-09-18	Computers Accessories	RS	Porto Alegre	105.0	14.94	119.94	On-Time	1.8	5	About To Sleep
0b382db57a557ff7703eaba5e991e7fb	2017-11-02	Computers	MG	Periquito	1437.0	42.51	1479.51	On-Time	11.3	5	About To Sleep
0b38581eaa98bfe8d55c956b4dab5bcd	2017-12-27	Unknown	SP	Santo Andre	44.49	15.11	59.6	On-Time	13.7	5	About To Sleep
0b39d78b430d574a6eafefe82c11b4a3	2018-03-01	Construction Tools Safety	RJ	Rio De Janeiro	9.9	15.1	25.0	Delayed	32.6	2	Promising Recent
0b3aeaf1fb363edeaf5062df39515084	2017-03-23	Small Appliances	PA	Altamira	725.0	29.56	754.56	On-Time	24.8	5	Lost / Hibernating
0b3b5e521f3ad8a57d4c4bcdc034446c	2017-03-22	Bed Bath Table	SP	Jaguariuna	279.99	19.25	299.24	On-Time	8.6	4	Lost / Hibernating
